<?xml version="1.0" encoding="UTF-8"?>
<!DOCTYPE level1 SYSTEM "history.dtd">
<level1 id="ma_035">
	<front>
		<biblioData type="목차제공잡지">
			<title>
				<mainTitle>민심</mainTitle>
			</title>
			<binderPeriod begin="1945-11-15" end="1946-03-01"/>
		</biblioData>
	</front>
	<level2 id="ma_035_0010">
		<front>
			<biblioData>
				<title>
					<mainTitle volume="1945년 11월(통권 1호, 제1권 제1호)">민심 1945년 11월(통권 1호, 제1권 제1호)</mainTitle>
				</title>
				<publication>
					<publisher/>
					<dateIssued date="1945-11-15">1945년 11월 15일</dateIssued>
				</publication>
			</biblioData>
			<illustGroup>
				<illustration begin="ma_035_0010_0001" end="ma_035_0010_0152"/>
			</illustGroup>
		</front>
		<level3 id="ma_035_0010_0010">
			<front>
				<biblioData>
					<title>
						<mainTitle>農業 新形態의 理論</mainTitle>
					</title>
					<creator>
						<author>
							<name>姜志元</name>
						</author>
					</creator>
					<subjectClass code="ma00"/>
				</biblioData>
				<illustGroup>
					<illustration begin="ma_035_0010_0049" end="ma_035_0010_0067"/>
				</illustGroup>
			</front>
			<text>
				<content>
					<paragraph>
						<pTitle type="기사명">農業 新形態의 理論</pTitle>
						<name role="필자">姜志元</name>
					</paragraph>
				</content>
			</text>
		</level3>
		<level3 id="ma_035_0010_0020">
			<front>
				<biblioData>
					<title>
						<mainTitle>解放된 政黨運動</mainTitle>
					</title>
					<creator>
						<author>
							<name>陳學柱</name>
						</author>
					</creator>
					<subjectClass code="ma00"/>
				</biblioData>
				<illustGroup>
					<illustration begin="ma_035_0010_0070" end="ma_035_0010_0076"/>
				</illustGroup>
			</front>
			<text>
				<content>
					<paragraph>
						<pTitle type="기사명">解放된 政黨運動</pTitle>
						<name role="필자">陳學柱</name>
					</paragraph>
				</content>
			</text>
		</level3>
		<level3 id="ma_035_0010_0030">
			<front>
				<biblioData>
					<title>
						<mainTitle>大戰의 終焉과 朝鮮</mainTitle>
					</title>
					<creator>
						<author>
							<name>金煥</name>
						</author>
					</creator>
					<subjectClass code="ma00"/>
				</biblioData>
				<illustGroup>
					<illustration begin="ma_035_0010_0008" end="ma_035_0010_0013"/>
				</illustGroup>
			</front>
			<text>
				<content>
					<paragraph>
						<pTitle type="기사명">大戰의 終焉과 朝鮮</pTitle>
						<name role="필자">金煥</name>
					</paragraph>
				</content>
			</text>
		</level3>
		<level3 id="ma_035_0010_0040">
			<front>
				<biblioData>
					<title>
						<mainTitle>政治와 民衆(暴力政治批判)</mainTitle>
					</title>
					<creator>
						<author>
							<name>李希哲</name>
						</author>
					</creator>
					<subjectClass code="ma00"/>
				</biblioData>
				<illustGroup>
					<illustration begin="ma_035_0010_0014" end="ma_035_0010_0040"/>
				</illustGroup>
			</front>
			<text>
				<content>
					<paragraph>
						<pTitle type="기사명">政治와 民衆</pTitle>
						<name role="필자">李希哲</name>
					</paragraph>
				</content>
			</text>
		</level3>
		<level3 id="ma_035_0010_0050">
			<front>
				<biblioData>
					<title>
						<mainTitle>各黨 各派의 人物記</mainTitle>
					</title>
					<creator>
						<author>
							<name>고심백</name>
						</author>
					</creator>
					<subjectClass code="ma00"/>
				</biblioData>
				<illustGroup>
					<illustration begin="ma_035_0010_0041" end="ma_035_0010_0048"/>
				</illustGroup>
			</front>
			<text>
				<content>
					<paragraph>
						<pTitle type="기사명">各黨 各派의 人物記</pTitle>
						<name role="필자">고심백</name>
					</paragraph>
				</content>
			</text>
		</level3>
		<level3 id="ma_035_0010_0060">
			<front>
				<biblioData>
					<title>
						<mainTitle>國際法과 朝鮮獨立</mainTitle>
					</title>
					<creator>
						<author>
							<name>金瑚璉</name>
						</author>
					</creator>
					<subjectClass code="ma00"/>
				</biblioData>
				<illustGroup>
					<illustration begin="ma_035_0010_0077" end="ma_035_0010_0081"/>
				</illustGroup>
			</front>
			<text>
				<content>
					<paragraph>
						<pTitle type="기사명">國際法과 朝鮮獨立</pTitle>
						<name role="필자">金瑚璉</name>
					</paragraph>
				</content>
			</text>
		</level3>
		<level3 id="ma_035_0010_0070">
			<front>
				<biblioData>
					<title>
						<mainTitle>朝鮮獨立과 信仰의 自由</mainTitle>
					</title>
					<creator>
						<author>
							<name>金在俊</name>
						</author>
					</creator>
					<subjectClass code="ma00"/>
				</biblioData>
				<illustGroup>
					<illustration begin="ma_035_0010_0082" end="ma_035_0010_0084"/>
				</illustGroup>
			</front>
			<text>
				<content>
					<paragraph>
						<pTitle type="기사명">朝鮮獨立과 信仰의 自由</pTitle>
						<name role="필자">金在俊</name>
					</paragraph>
				</content>
			</text>
		</level3>
		<level3 id="ma_035_0010_0080">
			<front>
				<biblioData>
					<title>
						<mainTitle>終戰 4個月의 歷史</mainTitle>
					</title>
					<creator>
						<author>
							<name>美國 양크誌所載 編輯局 譯 編</name>
						</author>
					</creator>
					<subjectClass code="ma00"/>
				</biblioData>
				<illustGroup>
					<illustration begin="ma_035_0010_0085" end="ma_035_0010_0088"/>
				</illustGroup>
			</front>
			<text>
				<content>
					<paragraph>
						<pTitle type="기사명">終戰 4個月의 歷史</pTitle>
						<name role="필자">美國 양크誌所載 編輯局 譯 編</name>
					</paragraph>
				</content>
			</text>
		</level3>
		<level3 id="ma_035_0010_0090">
			<front>
				<biblioData>
					<title>
						<mainTitle>새살림 偶感</mainTitle>
					</title>
					<creator>
						<author>
							<name>劉惠鎭</name>
						</author>
					</creator>
					<subjectClass code="ma00"/>
				</biblioData>
				<illustGroup>
					<illustration begin="ma_035_0010_0088" end="ma_035_0010_0094"/>
				</illustGroup>
			</front>
			<text>
				<content>
					<paragraph>
						<pTitle type="기사명">새살림 偶感</pTitle>
						<name role="필자">劉惠鎭</name>
					</paragraph>
				</content>
			</text>
		</level3>
		<level3 id="ma_035_0010_0100">
			<front>
				<biblioData>
					<title>
						<mainTitle>風俗(評論)</mainTitle>
					</title>
					<creator>
						<author>
							<name>李秀若</name>
						</author>
					</creator>
					<subjectClass code="ma00"/>
				</biblioData>
				<illustGroup>
					<illustration begin="ma_035_0010_0095" end="ma_035_0010_0095"/>
				</illustGroup>
			</front>
			<text>
				<content>
					<paragraph>
						<pTitle type="기사명">風俗</pTitle>
						<name role="필자">李秀若</name>
					</paragraph>
				</content>
			</text>
		</level3>
		<level3 id="ma_035_0010_0110">
			<front>
				<biblioData>
					<title>
						<mainTitle>民心(評論)</mainTitle>
					</title>
					<creator>
						<author>
							<name>投稿</name>
						</author>
					</creator>
					<subjectClass code="ma00"/>
				</biblioData>
				<illustGroup>
					<illustration begin="ma_035_0010_0097" end="ma_035_0010_0097"/>
				</illustGroup>
			</front>
			<text>
				<content>
					<paragraph>
						<pTitle type="기사명">民心</pTitle>
						<name role="필자">投稿</name>
					</paragraph>
				</content>
			</text>
		</level3>
		<level3 id="ma_035_0010_0120">
			<front>
				<biblioData>
					<title>
						<mainTitle>演劇(評論)</mainTitle>
					</title>
					<creator>
						<author>
							<name>(許執)</name>
						</author>
					</creator>
					<subjectClass code="ma00"/>
				</biblioData>
				<illustGroup>
					<illustration begin="ma_035_0010_0096" end="ma_035_0010_0096"/>
				</illustGroup>
			</front>
			<text>
				<content>
					<paragraph>
						<pTitle type="기사명">演劇</pTitle>
						<name role="필자">(許執)</name>
					</paragraph>
				</content>
			</text>
		</level3>
		<level3 id="ma_035_0010_0130">
			<front>
				<biblioData>
					<title>
						<mainTitle>映畵(評論)</mainTitle>
					</title>
					<creator>
						<author>
							<name>白明鉉</name>
						</author>
					</creator>
					<subjectClass code="ma00"/>
				</biblioData>
				<illustGroup>
					<illustration begin="ma_035_0010_0098" end="ma_035_0010_0098"/>
				</illustGroup>
			</front>
			<text>
				<content>
					<paragraph>
						<pTitle type="기사명">映畵</pTitle>
						<name role="필자">白明鉉</name>
					</paragraph>
				</content>
			</text>
		</level3>
		<level3 id="ma_035_0010_0140">
			<front>
				<biblioData>
					<title>
						<mainTitle>文藝(評論)</mainTitle>
					</title>
					<creator>
						<author>
							<name>趙城鎬</name>
						</author>
					</creator>
					<subjectClass code="ma00"/>
				</biblioData>
				<illustGroup>
					<illustration begin="ma_035_0010_0099" end="ma_035_0010_0099"/>
				</illustGroup>
			</front>
			<text>
				<content>
					<paragraph>
						<pTitle type="기사명">文藝</pTitle>
						<name role="필자">趙城鎬</name>
					</paragraph>
				</content>
			</text>
		</level3>
		<level3 id="ma_035_0010_0150">
			<front>
				<biblioData>
					<title>
						<mainTitle>音樂(評論)</mainTitle>
					</title>
					<creator>
						<author>
							<name>金順南</name>
						</author>
					</creator>
					<subjectClass code="ma00"/>
				</biblioData>
				<illustGroup>
					<illustration begin="ma_035_0010_0100" end="ma_035_0010_0100"/>
				</illustGroup>
			</front>
			<text>
				<content>
					<paragraph>
						<pTitle type="기사명">音樂</pTitle>
						<name role="필자">金順南</name>
					</paragraph>
				</content>
			</text>
		</level3>
		<level3 id="ma_035_0010_0160">
			<front>
				<biblioData>
					<title>
						<mainTitle>꽃</mainTitle>
					</title>
					<creator>
						<author>
							<name>徐延柱</name>
						</author>
					</creator>
					<subjectClass code="ma00"/>
				</biblioData>
				<illustGroup>
					<illustration begin="ma_035_0010_0068" end="ma_035_0010_0069"/>
				</illustGroup>
			</front>
			<text>
				<content>
					<paragraph>
						<pTitle type="기사명">꽃</pTitle>
						<name role="필자">徐延柱</name>
					</paragraph>
				</content>
			</text>
		</level3>
		<level3 id="ma_035_0010_0170">
			<front>
				<biblioData>
					<title>
						<mainTitle>여심사화(創作)</mainTitle>
					</title>
					<creator>
						<author>
							<name>朴熙景</name>
						</author>
					</creator>
					<subjectClass code="ma00"/>
				</biblioData>
				<illustGroup>
					<illustration begin="ma_035_0010_0124" end="ma_035_0010_0152"/>
				</illustGroup>
			</front>
			<text>
				<content>
					<paragraph>
						<pTitle type="기사명">여심사화</pTitle>
						<name role="필자">朴熙景</name>
					</paragraph>
				</content>
			</text>
		</level3>
		<level3 id="ma_035_0010_0180">
			<front>
				<biblioData>
					<title>
						<mainTitle>한글 講座</mainTitle>
					</title>
					<subjectClass code="ma00"/>
				</biblioData>
				<illustGroup>
					<illustration begin="ma_035_0010_0101" end="ma_035_0010_0123"/>
				</illustGroup>
			</front>
			<text>
				<content>
					<paragraph>
						<pTitle type="기사명">한글 講座</pTitle>
					</paragraph>
				</content>
			</text>
		</level3>
	</level2>
	<level2 id="ma_035_0020">
		<front>
			<biblioData>
				<title>
					<mainTitle volume="1946년 3월(통권 3호, 제2권 제2호)">민심 1946년 3월(통권 3호, 제2권 제2호)</mainTitle>
				</title>
				<publication>
					<publisher/>
					<dateIssued date="1946-03-01">1946년 3월 1일</dateIssued>
				</publication>
			</biblioData>
			<illustGroup>
				<illustration begin="ma_035_0020_0001" end="ma_035_0020_0164"/>
			</illustGroup>
		</front>
		<level3 id="ma_035_0020_0010">
			<front>
				<biblioData>
					<title>
						<mainTitle>財政·金融建設 對策(朝鮮社會科學硏究所)</mainTitle>
					</title>
					<subjectClass code="ma00"/>
				</biblioData>
				<illustGroup>
					<illustration begin="ma_035_0020_0008" end="ma_035_0020_0048"/>
				</illustGroup>
			</front>
			<text>
				<content>
					<paragraph>
						<pTitle type="기사명">財政·金融建設 對策</pTitle>
					</paragraph>
				</content>
			</text>
		</level3>
		<level3 id="ma_035_0020_0020">
			<front>
				<biblioData>
					<title>
						<mainTitle>朝鮮 經濟建設의 根本問題</mainTitle>
					</title>
					<creator>
						<author>
							<name>崔弘基</name>
						</author>
					</creator>
					<subjectClass code="ma00"/>
				</biblioData>
				<illustGroup>
					<illustration begin="ma_035_0020_0065" end="ma_035_0020_0076"/>
				</illustGroup>
			</front>
			<text>
				<content>
					<paragraph>
						<pTitle type="기사명">朝鮮 經濟建設의 根本問題</pTitle>
						<name role="필자">崔弘基</name>
					</paragraph>
				</content>
			</text>
		</level3>
		<level3 id="ma_035_0020_0030">
			<front>
				<biblioData>
					<title>
						<mainTitle>朝鮮 革命의 現段階</mainTitle>
					</title>
					<creator>
						<author>
							<name>金東煥</name>
						</author>
					</creator>
					<subjectClass code="ma00"/>
				</biblioData>
				<illustGroup>
					<illustration begin="ma_035_0020_0084" end="ma_035_0020_0090"/>
				</illustGroup>
			</front>
			<text>
				<content>
					<paragraph>
						<pTitle type="기사명">朝鮮 革命의 現段階</pTitle>
						<name role="필자">金東煥</name>
					</paragraph>
				</content>
			</text>
		</level3>
		<level3 id="ma_035_0020_0040">
			<front>
				<biblioData>
					<title>
						<mainTitle>黨爭의 回顧</mainTitle>
					</title>
					<creator>
						<author>
							<name>金庠基</name>
						</author>
					</creator>
					<subjectClass code="ma00"/>
				</biblioData>
				<illustGroup>
					<illustration begin="ma_035_0020_0062" end="ma_035_0020_0064"/>
				</illustGroup>
			</front>
			<text>
				<content>
					<paragraph>
						<pTitle type="기사명">黨爭의 回顧</pTitle>
						<name role="필자">金庠基</name>
					</paragraph>
				</content>
			</text>
		</level3>
		<level3 id="ma_035_0020_0050">
			<front>
				<biblioData>
					<title>
						<mainTitle>新朝鮮 建設과 知識階級의 使命</mainTitle>
					</title>
					<creator>
						<author>
							<name>崔虎鎭</name>
						</author>
					</creator>
					<subjectClass code="ma00"/>
				</biblioData>
				<illustGroup>
					<illustration begin="ma_035_0020_0057" end="ma_035_0020_0061"/>
				</illustGroup>
			</front>
			<text>
				<content>
					<paragraph>
						<pTitle type="기사명">新朝鮮 建設과 知識階級의 使命</pTitle>
						<name role="필자">崔虎鎭</name>
					</paragraph>
				</content>
			</text>
		</level3>
		<level3 id="ma_035_0020_0060">
			<front>
				<biblioData>
					<title>
						<mainTitle>轉換期 言論의 使命</mainTitle>
					</title>
					<creator>
						<author>
							<name>尹炳騏</name>
						</author>
					</creator>
					<subjectClass code="ma00"/>
				</biblioData>
				<illustGroup>
					<illustration begin="ma_035_0020_0092" end="ma_035_0020_0098"/>
				</illustGroup>
			</front>
			<text>
				<content>
					<paragraph>
						<pTitle type="기사명">轉換期 言論의 使命</pTitle>
						<name role="필자">尹炳騏</name>
					</paragraph>
				</content>
			</text>
		</level3>
		<level3 id="ma_035_0020_0070">
			<front>
				<biblioData>
					<title>
						<mainTitle>文藝(時評)</mainTitle>
					</title>
					<creator>
						<author>
							<name>朴熙景</name>
						</author>
					</creator>
					<subjectClass code="ma00"/>
				</biblioData>
				<illustGroup>
					<illustration begin="ma_035_0020_0091" end="ma_035_0020_0091"/>
				</illustGroup>
			</front>
			<text>
				<content>
					<paragraph>
						<pTitle type="기사명">文藝</pTitle>
						<name role="필자">朴熙景</name>
					</paragraph>
				</content>
			</text>
		</level3>
		<level3 id="ma_035_0020_0080">
			<front>
				<biblioData>
					<title>
						<mainTitle>演劇(時評)</mainTitle>
					</title>
					<creator>
						<author>
							<name>許執</name>
						</author>
					</creator>
					<subjectClass code="ma00"/>
				</biblioData>
				<illustGroup>
					<illustration begin="ma_035_0020_0099" end="ma_035_0020_0099"/>
				</illustGroup>
			</front>
			<text>
				<content>
					<paragraph>
						<pTitle type="기사명">演劇</pTitle>
						<name role="필자">許執</name>
					</paragraph>
				</content>
			</text>
		</level3>
		<level3 id="ma_035_0020_0090">
			<front>
				<biblioData>
					<title>
						<mainTitle>映畵(時評)</mainTitle>
					</title>
					<creator>
						<author>
							<name>李秀若</name>
						</author>
					</creator>
					<subjectClass code="ma00"/>
				</biblioData>
				<illustGroup>
					<illustration begin="ma_035_0020_0110" end="ma_035_0020_0110"/>
				</illustGroup>
			</front>
			<text>
				<content>
					<paragraph>
						<pTitle type="기사명">映畵</pTitle>
						<name role="필자">李秀若</name>
					</paragraph>
				</content>
			</text>
		</level3>
		<level3 id="ma_035_0020_0100">
			<front>
				<biblioData>
					<title>
						<mainTitle>音樂(時評)</mainTitle>
					</title>
					<creator>
						<author>
							<name>朴容九</name>
						</author>
					</creator>
					<subjectClass code="ma00"/>
				</biblioData>
				<illustGroup>
					<illustration begin="ma_035_0020_0077" end="ma_035_0020_0077"/>
				</illustGroup>
			</front>
			<text>
				<content>
					<paragraph>
						<pTitle type="기사명">音樂</pTitle>
						<name role="필자">朴容九</name>
					</paragraph>
				</content>
			</text>
		</level3>
		<level3 id="ma_035_0020_0110">
			<front>
				<biblioData>
					<title>
						<mainTitle>朝鮮 富의 所有形態와 그 分配에 關하여</mainTitle>
					</title>
					<creator>
						<author>
							<name>李愚石</name>
						</author>
					</creator>
					<subjectClass code="ma00"/>
				</biblioData>
				<illustGroup>
					<illustration begin="ma_035_0020_0100" end="ma_035_0020_0109"/>
				</illustGroup>
			</front>
			<text>
				<content>
					<paragraph>
						<pTitle type="기사명">朝鮮 富의 所有形態와 그 分配에 關하여</pTitle>
						<name role="필자">李愚石</name>
					</paragraph>
				</content>
			</text>
		</level3>
		<level3 id="ma_035_0020_0120">
			<front>
				<biblioData>
					<title>
						<mainTitle>民族統一의 缺陷</mainTitle>
					</title>
					<creator>
						<author>
							<name>陳學柱</name>
						</author>
					</creator>
					<subjectClass code="ma00"/>
				</biblioData>
				<illustGroup>
					<illustration begin="ma_035_0020_0050" end="ma_035_0020_0056"/>
				</illustGroup>
			</front>
			<text>
				<content>
					<paragraph>
						<pTitle type="기사명">民族統一의 缺陷</pTitle>
						<name role="필자">陳學柱</name>
					</paragraph>
				</content>
			</text>
		</level3>
		<level3 id="ma_035_0020_0130">
			<front>
				<biblioData>
					<title>
						<mainTitle>風俗(時評)</mainTitle>
					</title>
					<creator>
						<author>
							<name>高文德</name>
						</author>
					</creator>
					<subjectClass code="ma00"/>
				</biblioData>
				<illustGroup>
					<illustration begin="ma_035_0020_0049" end="ma_035_0020_0049"/>
				</illustGroup>
			</front>
			<text>
				<content>
					<paragraph>
						<pTitle type="기사명">風俗</pTitle>
						<name role="필자">高文德</name>
					</paragraph>
				</content>
			</text>
		</level3>
		<level3 id="ma_035_0020_0140">
			<front>
				<biblioData>
					<title>
						<mainTitle>民心(時評)</mainTitle>
					</title>
					<creator>
						<author>
							<name>投稿</name>
						</author>
					</creator>
					<subjectClass code="ma00"/>
				</biblioData>
				<illustGroup>
					<illustration begin="ma_035_0020_0125" end="ma_035_0020_0125"/>
				</illustGroup>
			</front>
			<text>
				<content>
					<paragraph>
						<pTitle type="기사명">民心</pTitle>
						<name role="필자">投稿</name>
					</paragraph>
				</content>
			</text>
		</level3>
		<level3 id="ma_035_0020_0150">
			<front>
				<biblioData>
					<title>
						<mainTitle>博物舘</mainTitle>
					</title>
					<creator>
						<author>
							<name>金載元</name>
						</author>
					</creator>
					<subjectClass code="ma00"/>
				</biblioData>
				<illustGroup>
					<illustration begin="ma_035_0020_0132" end="ma_035_0020_0134"/>
				</illustGroup>
			</front>
			<text>
				<content>
					<paragraph>
						<pTitle type="기사명">博物舘</pTitle>
						<name role="필자">金載元</name>
					</paragraph>
				</content>
			</text>
		</level3>
		<level3 id="ma_035_0020_0160">
			<front>
				<biblioData>
					<title>
						<mainTitle>良書</mainTitle>
					</title>
					<creator>
						<author>
							<name>李在郁</name>
						</author>
					</creator>
					<subjectClass code="ma00"/>
				</biblioData>
				<illustGroup>
					<illustration begin="ma_035_0020_0134" end="ma_035_0020_0135"/>
				</illustGroup>
			</front>
			<text>
				<content>
					<paragraph>
						<pTitle type="기사명">良書</pTitle>
						<name role="필자">李在郁</name>
					</paragraph>
				</content>
			</text>
		</level3>
		<level3 id="ma_035_0020_0170">
			<front>
				<biblioData>
					<title>
						<mainTitle>새벽길</mainTitle>
					</title>
					<creator>
						<author>
							<name>金光鍊</name>
						</author>
					</creator>
					<subjectClass code="ma00"/>
				</biblioData>
				<illustGroup>
					<illustration begin="ma_035_0020_0126" end="ma_035_0020_0127"/>
				</illustGroup>
			</front>
			<text>
				<content>
					<paragraph>
						<pTitle type="기사명">새벽길</pTitle>
						<name role="필자">金光鍊</name>
					</paragraph>
				</content>
			</text>
		</level3>
		<level3 id="ma_035_0020_0180">
			<front>
				<biblioData>
					<title>
						<mainTitle>異鄕(創作)</mainTitle>
					</title>
					<creator>
						<author>
							<name>李琴男</name>
						</author>
					</creator>
					<subjectClass code="ma00"/>
				</biblioData>
				<illustGroup>
					<illustration begin="ma_035_0020_0140" end="ma_035_0020_0164"/>
				</illustGroup>
			</front>
			<text>
				<content>
					<paragraph>
						<pTitle type="기사명">異鄕</pTitle>
						<name role="필자">李琴男</name>
					</paragraph>
				</content>
			</text>
		</level3>
		<level3 id="ma_035_0020_0190">
			<front>
				<biblioData>
					<title>
						<mainTitle>西歸로 간다</mainTitle>
					</title>
					<creator>
						<author>
							<name>徐延柱</name>
						</author>
					</creator>
					<subjectClass code="ma00"/>
				</biblioData>
				<illustGroup>
					<illustration begin="ma_035_0020_0128" end="ma_035_0020_0129"/>
				</illustGroup>
			</front>
			<text>
				<content>
					<paragraph>
						<pTitle type="기사명">西歸로 간다</pTitle>
						<name role="필자">徐延柱</name>
					</paragraph>
				</content>
			</text>
		</level3>
		<level3 id="ma_035_0020_0200">
			<front>
				<biblioData>
					<title>
						<mainTitle>항구에서</mainTitle>
					</title>
					<creator>
						<author>
							<name>李庸岳</name>
						</author>
					</creator>
					<subjectClass code="ma00"/>
				</biblioData>
				<illustGroup>
					<illustration begin="ma_035_0020_0130" end="ma_035_0020_0131"/>
				</illustGroup>
			</front>
			<text>
				<content>
					<paragraph>
						<pTitle type="기사명">항구에서</pTitle>
						<name role="필자">李庸岳</name>
					</paragraph>
				</content>
			</text>
		</level3>
		<level3 id="ma_035_0020_0210">
			<front>
				<biblioData>
					<title>
						<mainTitle>간디·네루·리쟈-지</mainTitle>
					</title>
					<creator>
						<author>
							<name>에드가, 스노</name>
						</author>
					</creator>
					<subjectClass code="ma00"/>
				</biblioData>
				<illustGroup>
					<illustration begin="ma_035_0020_0136" end="ma_035_0020_0139"/>
				</illustGroup>
			</front>
			<text>
				<content>
					<paragraph>
						<pTitle type="기사명">간디·네루·리쟈-지</pTitle>
						<name role="필자">에드가, 스노</name>
					</paragraph>
				</content>
			</text>
		</level3>
		<level3 id="ma_035_0020_0220">
			<front>
				<biblioData>
					<title>
						<mainTitle>原子爆彈 秘話</mainTitle>
					</title>
					<creator>
						<author>
							<name>美國 양크誌所載</name>
						</author>
					</creator>
					<subjectClass code="ma00"/>
				</biblioData>
				<illustGroup>
					<illustration begin="ma_035_0020_0111" end="ma_035_0020_0124"/>
				</illustGroup>
			</front>
			<text>
				<content>
					<paragraph>
						<pTitle type="기사명">原子爆彈 秘話</pTitle>
						<name role="필자">美國 양크誌所載</name>
					</paragraph>
				</content>
			</text>
		</level3>
		<level3 id="ma_035_0020_0230">
			<front>
				<biblioData>
					<title>
						<mainTitle>在日 朝鮮人聯盟代表 座談會</mainTitle>
					</title>
					<subjectClass code="ma00"/>
				</biblioData>
				<illustGroup>
					<illustration begin="ma_035_0020_0078" end="ma_035_0020_0083"/>
				</illustGroup>
			</front>
			<text>
				<content>
					<paragraph>
						<pTitle type="기사명">在日 朝鮮人聯盟代表 座談會</pTitle>
					</paragraph>
				</content>
			</text>
		</level3>
	</level2>
</level1>
