<?xml version="1.0" encoding="UTF-8"?>
<!DOCTYPE level1 SYSTEM "history.dtd">
<level1 id="ma_036">
	<front>
		<biblioData type="목차제공잡지">
			<title>
				<mainTitle>민족문화</mainTitle>
			</title>
			<binderPeriod begin="1949-09-00" end="1950-02-20"/>
		</biblioData>
	</front>
	<level2 id="ma_036_0010">
		<front>
			<biblioData>
				<title>
					<mainTitle volume="1949년 10월(통권 1호, 제1권 제1호)">민족문화 1949년 10월(통권 1호, 제1권 제1호)</mainTitle>
				</title>
				<publication>
					<publisher/>
					<dateIssued date="1949-10-28">1949년 10월 28일</dateIssued>
				</publication>
			</biblioData>
			<illustGroup>
				<illustration begin="ma_036_0010_0001" end="ma_036_0010_0212"/>
			</illustGroup>
		</front>
		<level3 id="ma_036_0010_0010">
			<front>
				<biblioData>
					<title>
						<mainTitle>民族主義의 理論的 構造</mainTitle>
					</title>
					<creator>
						<author>
							<name>李鍾雨</name>
						</author>
					</creator>
					<subjectClass code="ma00"/>
				</biblioData>
				<illustGroup>
					<illustration begin="ma_036_0010_0008" end="ma_036_0010_0018"/>
				</illustGroup>
			</front>
			<text>
				<content>
					<paragraph>
						<pTitle type="기사명">民族主義의 理論的 構造</pTitle>
						<name role="필자">李鍾雨</name>
					</paragraph>
				</content>
			</text>
		</level3>
		<level3 id="ma_036_0010_0020">
			<front>
				<biblioData>
					<title>
						<mainTitle>思想批判의 問題</mainTitle>
					</title>
					<creator>
						<author>
							<name>吳宗植</name>
						</author>
					</creator>
					<subjectClass code="ma00"/>
				</biblioData>
				<illustGroup>
					<illustration begin="ma_036_0010_0019" end="ma_036_0010_0022"/>
				</illustGroup>
			</front>
			<text>
				<content>
					<paragraph>
						<pTitle type="기사명">思想批判의 問題</pTitle>
						<name role="필자">吳宗植</name>
					</paragraph>
				</content>
			</text>
		</level3>
		<level3 id="ma_036_0010_0030">
			<front>
				<biblioData>
					<title>
						<mainTitle>落葉抄</mainTitle>
					</title>
					<creator>
						<author>
							<name>崔仁旭</name>
						</author>
					</creator>
					<subjectClass code="ma00"/>
				</biblioData>
				<illustGroup>
					<illustration begin="ma_036_0010_0144" end="ma_036_0010_0158"/>
				</illustGroup>
			</front>
			<text>
				<content>
					<paragraph>
						<pTitle type="기사명">落葉抄</pTitle>
						<name role="필자">崔仁旭</name>
					</paragraph>
				</content>
			</text>
		</level3>
		<level3 id="ma_036_0010_0040">
			<front>
				<biblioData>
					<title>
						<mainTitle>쌀과 달</mainTitle>
					</title>
					<creator>
						<author>
							<name>洪九範</name>
						</author>
					</creator>
					<subjectClass code="ma00"/>
				</biblioData>
				<illustGroup>
					<illustration begin="ma_036_0010_0127" end="ma_036_0010_0143"/>
				</illustGroup>
			</front>
			<text>
				<content>
					<paragraph>
						<pTitle type="기사명">쌀과 달</pTitle>
						<name role="필자">洪九範</name>
					</paragraph>
				</content>
			</text>
		</level3>
		<level3 id="ma_036_0010_0050">
			<front>
				<biblioData>
					<title>
						<mainTitle>民族·民主·共産主義</mainTitle>
					</title>
					<creator>
						<author>
							<name>咸尙勳</name>
						</author>
					</creator>
					<subjectClass code="ma00"/>
				</biblioData>
				<illustGroup>
					<illustration begin="ma_036_0010_0023" end="ma_036_0010_0026"/>
				</illustGroup>
			</front>
			<text>
				<content>
					<paragraph>
						<pTitle type="기사명">民族·民主·共産主義</pTitle>
						<name role="필자">咸尙勳</name>
					</paragraph>
				</content>
			</text>
		</level3>
		<level3 id="ma_036_0010_0060">
			<front>
				<biblioData>
					<title>
						<mainTitle>트르맨 大統領의 路線分析(戰後 美國政治의 基本動向)</mainTitle>
					</title>
					<creator>
						<author>
							<name>閔英植</name>
						</author>
					</creator>
					<subjectClass code="ma00"/>
				</biblioData>
				<illustGroup>
					<illustration begin="ma_036_0010_0072" end="ma_036_0010_0077"/>
				</illustGroup>
			</front>
			<text>
				<content>
					<paragraph>
						<pTitle type="기사명">트르맨 大統領의 路線分析</pTitle>
						<name role="필자">閔英植</name>
					</paragraph>
				</content>
			</text>
		</level3>
		<level3 id="ma_036_0010_0070">
			<front>
				<biblioData>
					<title>
						<mainTitle>＜解放 4年 文化史＞民族文學抗爭史(文學)</mainTitle>
					</title>
					<creator>
						<author>
							<name>李軒求</name>
						</author>
					</creator>
					<subjectClass code="ma00"/>
				</biblioData>
				<illustGroup>
					<illustration begin="ma_036_0010_0031" end="ma_036_0010_0037"/>
				</illustGroup>
			</front>
			<text>
				<content>
					<paragraph>
						<pTitle type="기사명">＜解放 4年 文化史＞民族文學抗爭史</pTitle>
						<name role="필자">李軒求</name>
					</paragraph>
				</content>
			</text>
		</level3>
		<level3 id="ma_036_0010_0080">
			<front>
				<biblioData>
					<title>
						<mainTitle>＜解放 4年 文化史＞美術의 當面課題(美術)</mainTitle>
					</title>
					<creator>
						<author>
							<name>沈亨求</name>
						</author>
					</creator>
					<subjectClass code="ma00"/>
				</biblioData>
				<illustGroup>
					<illustration begin="ma_036_0010_0037" end="ma_036_0010_0041"/>
				</illustGroup>
			</front>
			<text>
				<content>
					<paragraph>
						<pTitle type="기사명">＜解放 4年 文化史＞美術의 當面課題</pTitle>
						<name role="필자">沈亨求</name>
					</paragraph>
				</content>
			</text>
		</level3>
		<level3 id="ma_036_0010_0090">
			<front>
				<biblioData>
					<title>
						<mainTitle>＜解放 4年 文化史＞演劇의 4年略史(演劇)</mainTitle>
					</title>
					<creator>
						<author>
							<name>李海浪</name>
						</author>
					</creator>
					<subjectClass code="ma00"/>
				</biblioData>
				<illustGroup>
					<illustration begin="ma_036_0010_0042" end="ma_036_0010_0050"/>
				</illustGroup>
			</front>
			<text>
				<content>
					<paragraph>
						<pTitle type="기사명">＜解放 4年 文化史＞演劇의 4年略史</pTitle>
						<name role="필자">李海浪</name>
					</paragraph>
				</content>
			</text>
		</level3>
		<level3 id="ma_036_0010_0100">
			<front>
				<biblioData>
					<title>
						<mainTitle>＜解放 4年 文化史＞映畵 4年史(映畵)</mainTitle>
					</title>
					<creator>
						<author>
							<name>安夕影</name>
						</author>
					</creator>
					<subjectClass code="ma00"/>
				</biblioData>
				<illustGroup>
					<illustration begin="ma_036_0010_0050" end="ma_036_0010_0053"/>
				</illustGroup>
			</front>
			<text>
				<content>
					<paragraph>
						<pTitle type="기사명">＜解放 4年 文化史＞映畵 4年史</pTitle>
						<name role="필자">安夕影</name>
					</paragraph>
				</content>
			</text>
		</level3>
		<level3 id="ma_036_0010_0110">
			<front>
				<biblioData>
					<title>
						<mainTitle>最近美國文壇動向</mainTitle>
					</title>
					<creator>
						<author>
							<name>朴泰鎭</name>
						</author>
					</creator>
					<subjectClass code="ma00"/>
				</biblioData>
				<illustGroup>
					<illustration begin="ma_036_0010_0100" end="ma_036_0010_0103"/>
				</illustGroup>
			</front>
			<text>
				<content>
					<paragraph>
						<pTitle type="기사명">最近美國文壇動向</pTitle>
						<name role="필자">朴泰鎭</name>
					</paragraph>
				</content>
			</text>
		</level3>
		<level3 id="ma_036_0010_0120">
			<front>
				<biblioData>
					<title>
						<mainTitle>文壇回顧錄(1)</mainTitle>
					</title>
					<creator>
						<author>
							<name>安碩柱</name>
						</author>
					</creator>
					<subjectClass code="ma00"/>
				</biblioData>
				<illustGroup>
					<illustration begin="ma_036_0010_0104" end="ma_036_0010_0109"/>
				</illustGroup>
			</front>
			<text>
				<content>
					<paragraph>
						<pTitle type="기사명">文壇回顧錄</pTitle>
						<name role="필자">安碩柱</name>
					</paragraph>
				</content>
			</text>
		</level3>
		<level3 id="ma_036_0010_0130">
			<front>
				<biblioData>
					<title>
						<mainTitle>文學精神의 貧困(1949年度 上半期)(創作時評)</mainTitle>
					</title>
					<creator>
						<author>
							<name>趙演鉉</name>
						</author>
					</creator>
					<subjectClass code="ma00"/>
				</biblioData>
				<illustGroup>
					<illustration begin="ma_036_0010_0115" end="ma_036_0010_0118"/>
				</illustGroup>
			</front>
			<text>
				<content>
					<paragraph>
						<pTitle type="기사명">文學精神의 貧困</pTitle>
						<name role="필자">趙演鉉</name>
					</paragraph>
				</content>
			</text>
		</level3>
		<level3 id="ma_036_0010_0140">
			<front>
				<biblioData>
					<title>
						<mainTitle>나무 그늘</mainTitle>
					</title>
					<creator>
						<author>
							<name>徐廷柱</name>
						</author>
					</creator>
					<subjectClass code="ma00"/>
				</biblioData>
				<illustGroup>
					<illustration begin="ma_036_0010_0083" end="ma_036_0010_0085"/>
				</illustGroup>
			</front>
			<text>
				<content>
					<paragraph>
						<pTitle type="기사명">나무 그늘</pTitle>
						<name role="필자">徐廷柱</name>
					</paragraph>
				</content>
			</text>
		</level3>
		<level3 id="ma_036_0010_0150">
			<front>
				<biblioData>
					<title>
						<mainTitle>나</mainTitle>
					</title>
					<creator>
						<author>
							<name>李健赫</name>
						</author>
					</creator>
					<subjectClass code="ma00"/>
				</biblioData>
				<illustGroup>
					<illustration begin="ma_036_0010_0085" end="ma_036_0010_0086"/>
				</illustGroup>
			</front>
			<text>
				<content>
					<paragraph>
						<pTitle type="기사명">나</pTitle>
						<name role="필자">李健赫</name>
					</paragraph>
				</content>
			</text>
		</level3>
		<level3 id="ma_036_0010_0160">
			<front>
				<biblioData>
					<title>
						<mainTitle>文化欄</mainTitle>
					</title>
					<creator>
						<author>
							<name>金松</name>
						</author>
					</creator>
					<subjectClass code="ma00"/>
				</biblioData>
				<illustGroup>
					<illustration begin="ma_036_0010_0086" end="ma_036_0010_0088"/>
				</illustGroup>
			</front>
			<text>
				<content>
					<paragraph>
						<pTitle type="기사명">文化欄</pTitle>
						<name role="필자">金松</name>
					</paragraph>
				</content>
			</text>
		</level3>
		<level3 id="ma_036_0010_0170">
			<front>
				<biblioData>
					<title>
						<mainTitle>蘇聯 及 衛星國家의 謀略性</mainTitle>
					</title>
					<creator>
						<author>
							<name>金吉峻 譯</name>
						</author>
					</creator>
					<subjectClass code="ma00"/>
				</biblioData>
				<illustGroup>
					<illustration begin="ma_036_0010_0081" end="ma_036_0010_0082"/>
				</illustGroup>
			</front>
			<text>
				<content>
					<paragraph>
						<pTitle type="기사명">蘇聯 及 衛星國家의 謀略性</pTitle>
						<name role="필자">金吉峻 譯</name>
					</paragraph>
				</content>
			</text>
		</level3>
		<level3 id="ma_036_0010_0180">
			<front>
				<biblioData>
					<title>
						<mainTitle>天然資源 急速開發論</mainTitle>
					</title>
					<creator>
						<author>
							<name>蔡東鮮</name>
						</author>
					</creator>
					<subjectClass code="ma00"/>
				</biblioData>
				<illustGroup>
					<illustration begin="ma_036_0010_0054" end="ma_036_0010_0062"/>
				</illustGroup>
			</front>
			<text>
				<content>
					<paragraph>
						<pTitle type="기사명">天然資源 急速開發論</pTitle>
						<name role="필자">蔡東鮮</name>
					</paragraph>
				</content>
			</text>
		</level3>
		<level3 id="ma_036_0010_0190">
			<front>
				<biblioData>
					<title>
						<mainTitle>宗敎·結婚·아내·나</mainTitle>
					</title>
					<creator>
						<author>
							<name>金光洲</name>
						</author>
					</creator>
					<subjectClass code="ma00"/>
				</biblioData>
				<illustGroup>
					<illustration begin="ma_036_0010_0088" end="ma_036_0010_0091"/>
				</illustGroup>
			</front>
			<text>
				<content>
					<paragraph>
						<pTitle type="기사명">宗敎·結婚·아내·나</pTitle>
						<name role="필자">金光洲</name>
					</paragraph>
				</content>
			</text>
		</level3>
		<level3 id="ma_036_0010_0200">
			<front>
				<biblioData>
					<title>
						<mainTitle>노우트에서</mainTitle>
					</title>
					<creator>
						<author>
							<name>林玉仁</name>
						</author>
					</creator>
					<subjectClass code="ma00"/>
				</biblioData>
				<illustGroup>
					<illustration begin="ma_036_0010_0091" end="ma_036_0010_0092"/>
				</illustGroup>
			</front>
			<text>
				<content>
					<paragraph>
						<pTitle type="기사명">노우트에서</pTitle>
						<name role="필자">林玉仁</name>
					</paragraph>
				</content>
			</text>
		</level3>
		<level3 id="ma_036_0010_0210">
			<front>
				<biblioData>
					<title>
						<mainTitle>賢者 괴-테</mainTitle>
					</title>
					<creator>
						<author>
							<name>金晋燮</name>
						</author>
					</creator>
					<subjectClass code="ma00"/>
				</biblioData>
				<illustGroup>
					<illustration begin="ma_036_0010_0112" end="ma_036_0010_0114"/>
				</illustGroup>
			</front>
			<text>
				<content>
					<paragraph>
						<pTitle type="기사명">賢者 괴-테</pTitle>
						<name role="필자">金晋燮</name>
					</paragraph>
				</content>
			</text>
		</level3>
		<level3 id="ma_036_0010_0220">
			<front>
				<biblioData>
					<title>
						<mainTitle>音樂夜話</mainTitle>
					</title>
					<creator>
						<author>
							<name>金聖泰</name>
						</author>
					</creator>
					<subjectClass code="ma00"/>
				</biblioData>
				<illustGroup>
					<illustration begin="ma_036_0010_0121" end="ma_036_0010_0126"/>
				</illustGroup>
			</front>
			<text>
				<content>
					<paragraph>
						<pTitle type="기사명">音樂夜話</pTitle>
						<name role="필자">金聖泰</name>
					</paragraph>
				</content>
			</text>
		</level3>
		<level3 id="ma_036_0010_0230">
			<front>
				<biblioData>
					<title>
						<mainTitle>나의 交友錄</mainTitle>
					</title>
					<creator>
						<author>
							<name>卞榮魯</name>
						</author>
					</creator>
					<subjectClass code="ma00"/>
				</biblioData>
				<illustGroup>
					<illustration begin="ma_036_0010_0095" end="ma_036_0010_0099"/>
				</illustGroup>
			</front>
			<text>
				<content>
					<paragraph>
						<pTitle type="기사명">나의 交友錄</pTitle>
						<name role="필자">卞榮魯</name>
					</paragraph>
				</content>
			</text>
		</level3>
		<level3 id="ma_036_0010_0240">
			<front>
				<biblioData>
					<title>
						<mainTitle>流氓</mainTitle>
					</title>
					<creator>
						<author>
							<name>許允碩</name>
						</author>
					</creator>
					<subjectClass code="ma00"/>
				</biblioData>
				<illustGroup>
					<illustration begin="ma_036_0010_0172" end="ma_036_0010_0188"/>
				</illustGroup>
			</front>
			<text>
				<content>
					<paragraph>
						<pTitle type="기사명">流氓</pTitle>
						<name role="필자">許允碩</name>
					</paragraph>
				</content>
			</text>
		</level3>
		<level3 id="ma_036_0010_0250">
			<front>
				<biblioData>
					<title>
						<mainTitle>아픔속에서</mainTitle>
					</title>
					<creator>
						<author>
							<name>崔泰應</name>
						</author>
					</creator>
					<subjectClass code="ma00"/>
				</biblioData>
				<illustGroup>
					<illustration begin="ma_036_0010_0159" end="ma_036_0010_0171"/>
				</illustGroup>
			</front>
			<text>
				<content>
					<paragraph>
						<pTitle type="기사명">아픔속에서</pTitle>
						<name role="필자">崔泰應</name>
					</paragraph>
				</content>
			</text>
		</level3>
		<level3 id="ma_036_0010_0260">
			<front>
				<biblioData>
					<title>
						<mainTitle>비를 기다리는 마음</mainTitle>
					</title>
					<creator>
						<author>
							<name>朴容德</name>
						</author>
					</creator>
					<subjectClass code="ma00"/>
				</biblioData>
				<illustGroup>
					<illustration begin="ma_036_0010_0092" end="ma_036_0010_0094"/>
				</illustGroup>
			</front>
			<text>
				<content>
					<paragraph>
						<pTitle type="기사명">비를 기다리는 마음</pTitle>
						<name role="필자">朴容德</name>
					</paragraph>
				</content>
			</text>
		</level3>
		<level3 id="ma_036_0010_0270">
			<front>
				<biblioData>
					<title>
						<mainTitle>어디로(全4幕)</mainTitle>
					</title>
					<creator>
						<author>
							<name>柳致眞</name>
						</author>
					</creator>
					<subjectClass code="ma00"/>
				</biblioData>
				<illustGroup>
					<illustration begin="ma_036_0010_0189" end="ma_036_0010_0212"/>
				</illustGroup>
			</front>
			<text>
				<content>
					<paragraph>
						<pTitle type="기사명">어디로</pTitle>
						<name role="필자">柳致眞</name>
					</paragraph>
				</content>
			</text>
		</level3>
		<level3 id="ma_036_0010_0280">
			<front>
				<biblioData>
					<title>
						<mainTitle>行軍</mainTitle>
					</title>
					<creator>
						<author>
							<name>金永郞</name>
						</author>
					</creator>
					<subjectClass code="ma00"/>
				</biblioData>
				<illustGroup>
					<illustration begin="ma_036_0010_0028" end="ma_036_0010_0028"/>
				</illustGroup>
			</front>
			<text>
				<content>
					<paragraph>
						<pTitle type="기사명">行軍</pTitle>
						<name role="필자">金永郞</name>
					</paragraph>
				</content>
			</text>
		</level3>
		<level3 id="ma_036_0010_0290">
			<front>
				<biblioData>
					<title>
						<mainTitle>甲板</mainTitle>
					</title>
					<creator>
						<author>
							<name>毛允淑</name>
						</author>
					</creator>
					<subjectClass code="ma00"/>
				</biblioData>
				<illustGroup>
					<illustration begin="ma_036_0010_0063" end="ma_036_0010_0064"/>
				</illustGroup>
			</front>
			<text>
				<content>
					<paragraph>
						<pTitle type="기사명">甲板</pTitle>
						<name role="필자">毛允淑</name>
					</paragraph>
				</content>
			</text>
		</level3>
		<level3 id="ma_036_0010_0300">
			<front>
				<biblioData>
					<title>
						<mainTitle>길</mainTitle>
					</title>
					<creator>
						<author>
							<name>趙芝薰</name>
						</author>
					</creator>
					<subjectClass code="ma00"/>
				</biblioData>
				<illustGroup>
					<illustration begin="ma_036_0010_0029" end="ma_036_0010_0030"/>
				</illustGroup>
			</front>
			<text>
				<content>
					<paragraph>
						<pTitle type="기사명">길</pTitle>
						<name role="필자">趙芝薰</name>
					</paragraph>
				</content>
			</text>
		</level3>
		<level3 id="ma_036_0010_0310">
			<front>
				<biblioData>
					<title>
						<mainTitle>가믐</mainTitle>
					</title>
					<creator>
						<author>
							<name>朴斗鎭</name>
						</author>
					</creator>
					<subjectClass code="ma00"/>
				</biblioData>
				<illustGroup>
					<illustration begin="ma_036_0010_0119" end="ma_036_0010_0120"/>
				</illustGroup>
			</front>
			<text>
				<content>
					<paragraph>
						<pTitle type="기사명">가믐</pTitle>
						<name role="필자">朴斗鎭</name>
					</paragraph>
				</content>
			</text>
		</level3>
		<level3 id="ma_036_0010_0320">
			<front>
				<biblioData>
					<title>
						<mainTitle>格鬪</mainTitle>
					</title>
					<creator>
						<author>
							<name>柳致環</name>
						</author>
					</creator>
					<subjectClass code="ma00"/>
				</biblioData>
				<illustGroup>
					<illustration begin="ma_036_0010_0110" end="ma_036_0010_0111"/>
				</illustGroup>
			</front>
			<text>
				<content>
					<paragraph>
						<pTitle type="기사명">格鬪</pTitle>
						<name role="필자">柳致環</name>
					</paragraph>
				</content>
			</text>
		</level3>
		<level3 id="ma_036_0010_0330">
			<front>
				<biblioData>
					<title>
						<mainTitle>民族精神의 理念과 그 昻揚方法論(座談會)</mainTitle>
					</title>
					<creator>
						<author>
							<name>朴鍾和·吳宗植 外 3人</name>
						</author>
					</creator>
					<subjectClass code="ma00"/>
				</biblioData>
			</front>
			<text>
				<content>
					<paragraph>
						<pTitle type="기사명">民族精神의 理念과 그 昻揚方法論</pTitle>
						<name role="필자">朴鍾和·吳宗植 外 3人</name>
					</paragraph>
				</content>
			</text>
		</level3>
		<level3 id="ma_036_0010_0340">
			<front>
				<biblioData>
					<title>
						<mainTitle>톰런버어트 動亂地區見聞記</mainTitle>
					</title>
					<creator>
						<author>
							<name>AP特派員</name>
						</author>
					</creator>
					<subjectClass code="ma00"/>
				</biblioData>
				<illustGroup>
					<illustration begin="ma_036_0010_0065" end="ma_036_0010_0071"/>
				</illustGroup>
			</front>
			<text>
				<content>
					<paragraph>
						<pTitle type="기사명">톰런버어트 動亂地區見聞記</pTitle>
						<name role="필자">AP特派員</name>
					</paragraph>
				</content>
			</text>
		</level3>
		<level3 id="ma_036_0010_0350">
			<front>
				<biblioData>
					<title>
						<mainTitle>西歐의 運命(書評)(「아롱」과 그의 著書 「大構」에 關하여)</mainTitle>
					</title>
					<creator>
						<author>
							<name>魯齊</name>
						</author>
					</creator>
					<subjectClass code="ma00"/>
				</biblioData>
				<illustGroup>
					<illustration begin="ma_036_0010_0079" end="ma_036_0010_0080"/>
				</illustGroup>
			</front>
			<text>
				<content>
					<paragraph>
						<pTitle type="기사명">西歐의 運命</pTitle>
						<name role="필자">魯齊</name>
					</paragraph>
				</content>
			</text>
		</level3>
		<level3 id="ma_036_0010_0360">
			<front>
				<biblioData>
					<title>
						<mainTitle>政談一席</mainTitle>
					</title>
					<creator>
						<author>
							<name>雨聽生</name>
						</author>
					</creator>
					<subjectClass code="ma00"/>
				</biblioData>
				<illustGroup>
					<illustration begin="ma_036_0010_0027" end="ma_036_0010_0027"/>
				</illustGroup>
			</front>
			<text>
				<content>
					<paragraph>
						<pTitle type="기사명">政談一席</pTitle>
						<name role="필자">雨聽生</name>
					</paragraph>
				</content>
			</text>
		</level3>
		<level3 id="ma_036_0010_0370">
			<front>
				<biblioData>
					<title>
						<mainTitle>獨立 1週年紀念 百萬圓懸賞文藝募集</mainTitle>
					</title>
					<subjectClass code="ma00"/>
				</biblioData>
				<illustGroup>
					<illustration begin="ma_036_0010_0078" end="ma_036_0010_0078"/>
				</illustGroup>
			</front>
			<text>
				<content>
					<paragraph>
						<pTitle type="기사명">獨立 1週年紀念 百萬圓懸賞文藝募集</pTitle>
					</paragraph>
				</content>
			</text>
		</level3>
	</level2>
	<level2 id="ma_036_0020">
		<front>
			<biblioData>
				<title>
					<mainTitle volume="1950년 2월(통권 2호, 제2권 제1호)">민족문화 1950년 2월(통권 2호, 제2권 제1호)</mainTitle>
				</title>
				<publication>
					<publisher/>
					<dateIssued date="1950-02-20">1950년 2월 20일</dateIssued>
				</publication>
			</biblioData>
			<illustGroup>
				<illustration begin="ma_036_0020_0001" end="ma_036_0020_0210"/>
			</illustGroup>
		</front>
		<level3 id="ma_036_0020_0010">
			<front>
				<biblioData>
					<title>
						<mainTitle>「피히태」에 있어서의 民族主義와 社會主義 意義</mainTitle>
					</title>
					<creator>
						<author>
							<name>崔文煥</name>
						</author>
					</creator>
					<subjectClass code="ma00"/>
				</biblioData>
				<illustGroup>
					<illustration begin="ma_036_0020_0010" end="ma_036_0020_0025"/>
				</illustGroup>
			</front>
			<text>
				<content>
					<paragraph>
						<pTitle type="기사명">「피히태」에 있어서의 民族主義와 社會主義 意義</pTitle>
						<name role="필자">崔文煥</name>
					</paragraph>
				</content>
			</text>
		</level3>
		<level3 id="ma_036_0020_0020">
			<front>
				<biblioData>
					<title>
						<mainTitle>文化自由性의 確立(東洋的 過誤淸算을 中心으로)</mainTitle>
					</title>
					<creator>
						<author>
							<name>趙奎東</name>
						</author>
					</creator>
					<subjectClass code="ma00"/>
				</biblioData>
				<illustGroup>
					<illustration begin="ma_036_0020_0026" end="ma_036_0020_0040"/>
				</illustGroup>
			</front>
			<text>
				<content>
					<paragraph>
						<pTitle type="기사명">文化自由性의 確立</pTitle>
						<name role="필자">趙奎東</name>
					</paragraph>
				</content>
			</text>
		</level3>
		<level3 id="ma_036_0020_0030">
			<front>
				<biblioData>
					<title>
						<mainTitle>演劇時評</mainTitle>
					</title>
					<creator>
						<author>
							<name>李光來</name>
						</author>
					</creator>
					<subjectClass code="ma00"/>
				</biblioData>
				<illustGroup>
					<illustration begin="ma_036_0020_0125" end="ma_036_0020_0127"/>
				</illustGroup>
			</front>
			<text>
				<content>
					<paragraph>
						<pTitle type="기사명">演劇時評</pTitle>
						<name role="필자">李光來</name>
					</paragraph>
				</content>
			</text>
		</level3>
		<level3 id="ma_036_0020_0040">
			<front>
				<biblioData>
					<title>
						<mainTitle>國內政界의 回顧와 展望</mainTitle>
					</title>
					<creator>
						<author>
							<name>趙憲泳</name>
						</author>
					</creator>
					<subjectClass code="ma00"/>
				</biblioData>
				<illustGroup>
					<illustration begin="ma_036_0020_0069" end="ma_036_0020_0077"/>
				</illustGroup>
			</front>
			<text>
				<content>
					<paragraph>
						<pTitle type="기사명">國內政界의 回顧와 展望</pTitle>
						<name role="필자">趙憲泳</name>
					</paragraph>
				</content>
			</text>
		</level3>
		<level3 id="ma_036_0020_0050">
			<front>
				<biblioData>
					<title>
						<mainTitle>拒否權行使에 關한 6個修正案</mainTitle>
					</title>
					<creator>
						<author>
							<name>李建鎬</name>
						</author>
					</creator>
					<subjectClass code="ma00"/>
				</biblioData>
				<illustGroup>
					<illustration begin="ma_036_0020_0083" end="ma_036_0020_0088"/>
				</illustGroup>
			</front>
			<text>
				<content>
					<paragraph>
						<pTitle type="기사명">拒否權行使에 關한 6個修正案</pTitle>
						<name role="필자">李建鎬</name>
					</paragraph>
				</content>
			</text>
		</level3>
		<level3 id="ma_036_0020_0060">
			<front>
				<biblioData>
					<title>
						<mainTitle>海外經濟實情과 그 展望</mainTitle>
					</title>
					<creator>
						<author>
							<name>全用淳</name>
						</author>
					</creator>
					<subjectClass code="ma00"/>
				</biblioData>
				<illustGroup>
					<illustration begin="ma_036_0020_0062" end="ma_036_0020_0068"/>
				</illustGroup>
			</front>
			<text>
				<content>
					<paragraph>
						<pTitle type="기사명">海外經濟實情과 그 展望</pTitle>
						<name role="필자">全用淳</name>
					</paragraph>
				</content>
			</text>
		</level3>
		<level3 id="ma_036_0020_0070">
			<front>
				<biblioData>
					<title>
						<mainTitle>朝鮮文化의 性格(風土的 環境과 民族性)</mainTitle>
					</title>
					<creator>
						<author>
							<name>趙芝薰</name>
						</author>
					</creator>
					<subjectClass code="ma00"/>
				</biblioData>
				<illustGroup>
					<illustration begin="ma_036_0020_0128" end="ma_036_0020_0132"/>
				</illustGroup>
			</front>
			<text>
				<content>
					<paragraph>
						<pTitle type="기사명">朝鮮文化의 性格</pTitle>
						<name role="필자">趙芝薰</name>
					</paragraph>
				</content>
			</text>
		</level3>
		<level3 id="ma_036_0020_0080">
			<front>
				<biblioData>
					<title>
						<mainTitle>5回 國會의 斷面</mainTitle>
					</title>
					<creator>
						<author>
							<name>曺元煥</name>
						</author>
					</creator>
					<subjectClass code="ma00"/>
				</biblioData>
				<illustGroup>
					<illustration begin="ma_036_0020_0078" end="ma_036_0020_0082"/>
				</illustGroup>
			</front>
			<text>
				<content>
					<paragraph>
						<pTitle type="기사명">5回 國會의 斷面</pTitle>
						<name role="필자">曺元煥</name>
					</paragraph>
				</content>
			</text>
		</level3>
		<level3 id="ma_036_0020_0090">
			<front>
				<biblioData>
					<title>
						<mainTitle>國立劇場問題(文化時評)</mainTitle>
					</title>
					<creator>
						<author>
							<name>李軒求</name>
						</author>
					</creator>
					<subjectClass code="ma00"/>
				</biblioData>
				<illustGroup>
					<illustration begin="ma_036_0020_0046" end="ma_036_0020_0048"/>
				</illustGroup>
			</front>
			<text>
				<content>
					<paragraph>
						<pTitle type="기사명">國立劇場問題</pTitle>
						<name role="필자">李軒求</name>
					</paragraph>
				</content>
			</text>
		</level3>
		<level3 id="ma_036_0020_0100">
			<front>
				<biblioData>
					<title>
						<mainTitle>新聞의 나갈길(社會時評)</mainTitle>
					</title>
					<creator>
						<author>
							<name>李建赫</name>
						</author>
					</creator>
					<subjectClass code="ma00"/>
				</biblioData>
				<illustGroup>
					<illustration begin="ma_036_0020_0048" end="ma_036_0020_0051"/>
				</illustGroup>
			</front>
			<text>
				<content>
					<paragraph>
						<pTitle type="기사명">新聞의 나갈길</pTitle>
						<name role="필자">李建赫</name>
					</paragraph>
				</content>
			</text>
		</level3>
		<level3 id="ma_036_0020_0110">
			<front>
				<biblioData>
					<title>
						<mainTitle>美國巡廻記</mainTitle>
					</title>
					<creator>
						<author>
							<name>高羲東</name>
						</author>
					</creator>
					<subjectClass code="ma00"/>
				</biblioData>
				<illustGroup>
					<illustration begin="ma_036_0020_0100" end="ma_036_0020_0107"/>
				</illustGroup>
			</front>
			<text>
				<content>
					<paragraph>
						<pTitle type="기사명">美國巡廻記</pTitle>
						<name role="필자">高羲東</name>
					</paragraph>
				</content>
			</text>
		</level3>
		<level3 id="ma_036_0020_0120">
			<front>
				<biblioData>
					<title>
						<mainTitle>現代繪畵에 관한 몇가지 생각</mainTitle>
					</title>
					<creator>
						<author>
							<name>金永周</name>
						</author>
					</creator>
					<subjectClass code="ma00"/>
				</biblioData>
				<illustGroup>
					<illustration begin="ma_036_0020_0133" end="ma_036_0020_0140"/>
				</illustGroup>
			</front>
			<text>
				<content>
					<paragraph>
						<pTitle type="기사명">現代繪畵에 관한 몇가지 생각</pTitle>
						<name role="필자">金永周</name>
					</paragraph>
				</content>
			</text>
		</level3>
		<level3 id="ma_036_0020_0130">
			<front>
				<biblioData>
					<title>
						<mainTitle>民族文化의 原流(그 基本的인 性格에 對하여)</mainTitle>
					</title>
					<creator>
						<author>
							<name>洪曉民</name>
						</author>
					</creator>
					<subjectClass code="ma00"/>
				</biblioData>
				<illustGroup>
					<illustration begin="ma_036_0020_0041" end="ma_036_0020_0045"/>
				</illustGroup>
			</front>
			<text>
				<content>
					<paragraph>
						<pTitle type="기사명">民族文化의 原流</pTitle>
						<name role="필자">洪曉民</name>
					</paragraph>
				</content>
			</text>
		</level3>
		<level3 id="ma_036_0020_0140">
			<front>
				<biblioData>
					<title>
						<mainTitle>文壇回顧錄(2)</mainTitle>
					</title>
					<creator>
						<author>
							<name>安碩柱</name>
						</author>
					</creator>
					<subjectClass code="ma00"/>
				</biblioData>
				<illustGroup>
					<illustration begin="ma_036_0020_0118" end="ma_036_0020_0122"/>
				</illustGroup>
			</front>
			<text>
				<content>
					<paragraph>
						<pTitle type="기사명">文壇回顧錄</pTitle>
						<name role="필자">安碩柱</name>
					</paragraph>
				</content>
			</text>
		</level3>
		<level3 id="ma_036_0020_0150">
			<front>
				<biblioData>
					<title>
						<mainTitle>轉向文化人의 進路</mainTitle>
					</title>
					<creator>
						<author>
							<name>金三奎</name>
						</author>
					</creator>
					<subjectClass code="ma00"/>
				</biblioData>
				<illustGroup>
					<illustration begin="ma_036_0020_0141" end="ma_036_0020_0143"/>
				</illustGroup>
			</front>
			<text>
				<content>
					<paragraph>
						<pTitle type="기사명">轉向文化人의 進路</pTitle>
						<name role="필자">金三奎</name>
					</paragraph>
				</content>
			</text>
		</level3>
		<level3 id="ma_036_0020_0160">
			<front>
				<biblioData>
					<title>
						<mainTitle>救援에의 渴望(生의 創造로서의 文學)</mainTitle>
					</title>
					<creator>
						<author>
							<name>趙演鉉</name>
						</author>
					</creator>
					<subjectClass code="ma00"/>
				</biblioData>
				<illustGroup>
					<illustration begin="ma_036_0020_0144" end="ma_036_0020_0147"/>
				</illustGroup>
			</front>
			<text>
				<content>
					<paragraph>
						<pTitle type="기사명">救援에의 渴望</pTitle>
						<name role="필자">趙演鉉</name>
					</paragraph>
				</content>
			</text>
		</level3>
		<level3 id="ma_036_0020_0170">
			<front>
				<biblioData>
					<title>
						<mainTitle>現實·理論·政策(經濟時評)</mainTitle>
					</title>
					<creator>
						<author>
							<name>李東旭</name>
						</author>
					</creator>
					<subjectClass code="ma00"/>
				</biblioData>
				<illustGroup>
					<illustration begin="ma_036_0020_0051" end="ma_036_0020_0054"/>
				</illustGroup>
			</front>
			<text>
				<content>
					<paragraph>
						<pTitle type="기사명">現實·理論·政策</pTitle>
						<name role="필자">李東旭</name>
					</paragraph>
				</content>
			</text>
		</level3>
		<level3 id="ma_036_0020_0180">
			<front>
				<biblioData>
					<title>
						<mainTitle>兩院制度論(政治時評)</mainTitle>
					</title>
					<creator>
						<author>
							<name>咸尙勳</name>
						</author>
					</creator>
					<subjectClass code="ma00"/>
				</biblioData>
				<illustGroup>
					<illustration begin="ma_036_0020_0055" end="ma_036_0020_0059"/>
				</illustGroup>
			</front>
			<text>
				<content>
					<paragraph>
						<pTitle type="기사명">兩院制度論</pTitle>
						<name role="필자">咸尙勳</name>
					</paragraph>
				</content>
			</text>
		</level3>
		<level3 id="ma_036_0020_0190">
			<front>
				<biblioData>
					<title>
						<mainTitle>希望은 살고(創作)</mainTitle>
					</title>
					<creator>
						<author>
							<name>朴榮濬</name>
						</author>
					</creator>
					<subjectClass code="ma00"/>
				</biblioData>
				<illustGroup>
					<illustration begin="ma_036_0020_0148" end="ma_036_0020_0172"/>
				</illustGroup>
			</front>
			<text>
				<content>
					<paragraph>
						<pTitle type="기사명">希望은 살고</pTitle>
						<name role="필자">朴榮濬</name>
					</paragraph>
				</content>
			</text>
		</level3>
		<level3 id="ma_036_0020_0200">
			<front>
				<biblioData>
					<title>
						<mainTitle>어두운 길에서(創作)</mainTitle>
					</title>
					<creator>
						<author>
							<name>金松</name>
						</author>
					</creator>
					<subjectClass code="ma00"/>
				</biblioData>
				<illustGroup>
					<illustration begin="ma_036_0020_0173" end="ma_036_0020_0188"/>
				</illustGroup>
			</front>
			<text>
				<content>
					<paragraph>
						<pTitle type="기사명">어두운 길에서</pTitle>
						<name role="필자">金松</name>
					</paragraph>
				</content>
			</text>
		</level3>
		<level3 id="ma_036_0020_0210">
			<front>
				<biblioData>
					<title>
						<mainTitle>어디로?</mainTitle>
					</title>
					<creator>
						<author>
							<name>柳致眞</name>
						</author>
					</creator>
					<subjectClass code="ma00"/>
				</biblioData>
				<illustGroup>
					<illustration begin="ma_036_0020_0189" end="ma_036_0020_0210"/>
				</illustGroup>
			</front>
			<text>
				<content>
					<paragraph>
						<pTitle type="기사명">어디로?</pTitle>
						<name role="필자">柳致眞</name>
					</paragraph>
				</content>
			</text>
		</level3>
		<level3 id="ma_036_0020_0220">
			<front>
				<biblioData>
					<title>
						<mainTitle>人心</mainTitle>
					</title>
					<creator>
						<author>
							<name>桂鎔黙</name>
						</author>
					</creator>
					<subjectClass code="ma00"/>
				</biblioData>
				<illustGroup>
					<illustration begin="ma_036_0020_0112" end="ma_036_0020_0116"/>
				</illustGroup>
			</front>
			<text>
				<content>
					<paragraph>
						<pTitle type="기사명">人心</pTitle>
						<name role="필자">桂鎔黙</name>
					</paragraph>
				</content>
			</text>
		</level3>
		<level3 id="ma_036_0020_0230">
			<front>
				<biblioData>
					<title>
						<mainTitle>池畔追憶</mainTitle>
					</title>
					<creator>
						<author>
							<name>金永郞</name>
						</author>
					</creator>
					<subjectClass code="ma00"/>
				</biblioData>
				<illustGroup>
					<illustration begin="ma_036_0020_0098" end="ma_036_0020_0099"/>
				</illustGroup>
			</front>
			<text>
				<content>
					<paragraph>
						<pTitle type="기사명">池畔追憶</pTitle>
						<name role="필자">金永郞</name>
					</paragraph>
				</content>
			</text>
		</level3>
		<level3 id="ma_036_0020_0240">
			<front>
				<biblioData>
					<title>
						<mainTitle>새로운 아이에의 思慕</mainTitle>
					</title>
					<creator>
						<author>
							<name>金珖燮</name>
						</author>
					</creator>
					<subjectClass code="ma00"/>
				</biblioData>
				<illustGroup>
					<illustration begin="ma_036_0020_0117" end="ma_036_0020_0117"/>
				</illustGroup>
			</front>
			<text>
				<content>
					<paragraph>
						<pTitle type="기사명">새로운 아이에의 思慕</pTitle>
						<name role="필자">金珖燮</name>
					</paragraph>
				</content>
			</text>
		</level3>
		<level3 id="ma_036_0020_0250">
			<front>
				<biblioData>
					<title>
						<mainTitle>哲學的 散步</mainTitle>
					</title>
					<creator>
						<author>
							<name>韓稚振</name>
						</author>
					</creator>
					<subjectClass code="ma00"/>
				</biblioData>
				<illustGroup>
					<illustration begin="ma_036_0020_0108" end="ma_036_0020_0111"/>
				</illustGroup>
			</front>
			<text>
				<content>
					<paragraph>
						<pTitle type="기사명">哲學的 散步</pTitle>
						<name role="필자">韓稚振</name>
					</paragraph>
				</content>
			</text>
		</level3>
		<level3 id="ma_036_0020_0260">
			<front>
				<biblioData>
					<title>
						<mainTitle>開閉橋</mainTitle>
					</title>
					<creator>
						<author>
							<name>薜昌洙</name>
						</author>
					</creator>
					<subjectClass code="ma00"/>
				</biblioData>
				<illustGroup>
					<illustration begin="ma_036_0020_0123" end="ma_036_0020_0124"/>
				</illustGroup>
			</front>
			<text>
				<content>
					<paragraph>
						<pTitle type="기사명">開閉橋</pTitle>
						<name role="필자">薜昌洙</name>
					</paragraph>
				</content>
			</text>
		</level3>
		<level3 id="ma_036_0020_0270">
			<front>
				<biblioData>
					<title>
						<mainTitle>受難의 章</mainTitle>
					</title>
					<creator>
						<author>
							<name>具常</name>
						</author>
					</creator>
					<subjectClass code="ma00"/>
				</biblioData>
				<illustGroup>
					<illustration begin="ma_036_0020_0060" end="ma_036_0020_0061"/>
				</illustGroup>
			</front>
			<text>
				<content>
					<paragraph>
						<pTitle type="기사명">受難의 章</pTitle>
						<name role="필자">具常</name>
					</paragraph>
				</content>
			</text>
		</level3>
		<level3 id="ma_036_0020_0280">
			<front>
				<biblioData>
					<title>
						<mainTitle>先史遺蹟探査記</mainTitle>
					</title>
					<creator>
						<author>
							<name>金廷鶴</name>
						</author>
					</creator>
					<subjectClass code="ma00"/>
				</biblioData>
				<illustGroup>
					<illustration begin="ma_036_0020_0089" end="ma_036_0020_0099"/>
				</illustGroup>
			</front>
			<text>
				<content>
					<paragraph>
						<pTitle type="기사명">先史遺蹟探査記</pTitle>
						<name role="필자">金廷鶴</name>
					</paragraph>
				</content>
			</text>
		</level3>
	</level2>
</level1>
