<?xml version="1.0" encoding="UTF-8"?>
<!DOCTYPE level1 SYSTEM "history.dtd">
<level1 id="ma_082">
	<front>
		<biblioData type="목차제공잡지">
			<title>
				<mainTitle>여자계</mainTitle>
			</title>
			<binderPeriod begin="1918-01-00" end="1921-01-00"/>
		</biblioData>
		<description>
			<biblioExplanation groupID="02" groupName="일제시기 잡지 해제" id="ma_082_exp" name="여자계 女子界">
				<content>
					<paragraph>1917년 12월 22일에 창간된 재일본동경여자유학생친목회(在日本東京女子留學生親睦會)의 기관지. 1921년 7월 통권 7호를 끝으로 일단 종간되었다. 발행소는 일본 동경의 여자계사. 이후 1927년 1월 17일에 속간 제4호 형태로 재발간되었다. 재일본동경여자유학생학흥회의 명의로 발간되었는데 편집 겸 발행인은 이숙종(李淑鍾)이었다.  재일본동경여자유학생친목회(이하 동경여자친목회)는 1915년 4월 김필례(金弼禮), 김정화(金貞和), 나혜석(羅蕙錫) 등 10여명이 발기하여 결성되었는데 설립목적은 동경에 거주하는 조선여자 상호간의 친목도모와 품성함양에 있었다. 초대회장으로 김필례가 피선되었다. 동경여자친목회의 창립은 이 시기 일본 유학생 사회에 실력배양의 분위기가 고조되고 남자유학생 중심의 통일단체가 결성된 상황 속에서 여자유학생들만의 성별조직을 마련하였다는 점에서 의미를 갖는다. 1917년 이후 동경여자친목회는 전체여자유학생의 대표단체로서의 성격을 갖게 된다. 1917년 10월 17일 임시총회를 계기로 동경여자친목회를 본부로 삼고 일본 각지방에 있는 여자친목회의 대표가 총회에 참석하기 시작하였던 것이다. 이 날 임시총회에서 임원을 개선하여 김마리아를 회장, 나혜석을 총무로 선출하고 {여자계}의 편집사무를 주간하기로 결정하였다. 그리고 편집부장 김덕성, 편집부원 허영숙, 황애시덕, 나혜석, 찬조원 전영택, 이광수를 임명하여 편집부를 구성하였다. 이후 {여자계}는 동경여자친목회의 기관지로 발행된다.   {여자계}는 1917년 봄에 등사판으로 처음 나왔다가 1917년 6월 말에 인가를 받고 활판으로 공식창간호를 낸 여성잡지였다. {여자계}는 처음에는 여자 유학생들 간의 간단한 소식지 형태로 나왔다가 유학생 뿐만 아니라 조선본국의 여성들에게도 발언하는 여성잡지로서 위상을 높이면서 당국의 인가도 받고 활판으로 만들어 공식적으로 발행한 것으로 보인다. 등사판 {여자계}와 창간호는 숭의여학교 출신 여자유학생들의 주도하에 발간하였는데 제2호부터는 동경여자친목회의 기관지 형식으로 나왔다. {여자계}에 전영택과 이광수가 고문으로 참가한 사실은 잡지발간 과정에 남자유학생들이 일정정도 참여하였음을 의미한다. 이들은 당시 신지식층을 대변해 문명개화를 여성들에게 선전하고 현모양처의 중요성을 강조하기 위해 참여한 것이었다. 제2호에서 전영택이 쓴 「가정제도를 개혁하라」라는 글이 특별히 강조되면서 '조선가정의 개량은 꼭 그렇게 할 것이외다'라는 {여자계} 편집지의 당부가 그러한 의도를 잘 보여준다. 이처럼 {여자계} 발행은 문명개화를 위해 가정개량을 주장할 필요를 느낀 신지식인층의 요구와 스스로 여자사회의 개혁을 담당할 선도자로 자임한 여자유학생들의 사명감이 어우러진 결과였다.  그리고 1920년 1월 4일 여자일본유학생들이 조선여자유학생학흥회(朝鮮女子留學生學興會)를 조직했다. 학흥회라는 단체명에서 알 수 있듯이 설립목적은 "조선여자의 교육보급, 넓은 지식향상"에 있었다. 여자학흥회는 창립과 함께 회장 유영준, 부회장 현덕신 등의 임원을 구성하고 {여자계} 제4호를 발간하였다. 여자학흥회는 동경여자친목회를 중심으로 친목도모와 조직활동의 경험을 쌓아가던 여자유학생들이 본격적으로 여성계몽운동을 펴나가기 위해 조직한 여성단체였다. {여자계}가 여자학흥회의 기관지가 되면서 생긴 가장 큰 변화는 이때부터 여자유학생들이 {여자계}를 독립경영하였다는 점이다. 동경여자친목회는 1918년 12월 17일 {여자계} 유지방안에 관한 특별총회를 개최하고 잡지를 계속 발간하기로 결정하였다. 창간호부터 제3호를 발간하기까지 전영택과 이광수의 비용과 편집에서의 도움을 받았지만, 이제 여자유학생들은 학흥회의 설립과 {여자계}의 독립경영을 통해 모든 새것을 요구하는 현대의 사조에 부응하기 위하여 우리 {여자계}도 새해에 새로운 면목으로 새로운 운명의 새 기원을 세워야 한다고 생각하고 있었다.(「여러분께」, 제4호) {여자계}의 발간은 무엇보다도 여자유학생들이 여성으로서 자각을 가지고 자신의 의견을 집단적으로 드러낼 수 있는 공간을 확보했다는 점에서 의미가 있다.  내용을 살펴보면, 창간호에서 제3호까지는 대부분 일반 신지식층의 입장을 반영하고 있다. 신지식층은 조선의 유교와 가족제도 등 구사상과 구관습을 비판하고 문명적 현모양처를 거론하면서 여성의 인격회복을 주장하였다. 신지식층이 논설을 통해 그들의 논리를 전개했다면 여자유학생들은 모성론이나 육아법 등을 서술하거나 시, 소설 등의 문학작품을 실었다. 곧 여자유학생들은 신지식층의 논리를 바탕으로 구체적인 여성의 역할과 의의를 제시하였다. 그런데 이러한 글 가운데는 국권을 상실한 조선을 여성에 비유하면서 민족의식을 표현하거나-조선의 현실을 병든 어머니 혹은 병들고 어머니를 잃은 손녀로 표현하면서 병을 고치기 위한 딸 혹은 할머니의 역할을 강조하는 경우도 있었다(편집인(김덕성), 「권두의 辭」 제2호; 정월(나혜석), 회춘한 손녀에게, 제3호). 또한 과학적 고찰을 통해 여성의 생물학적 특징을 이해하려는 글도 있었다. (춘정생, 「처녀의 번민」, 제2호) 이는 여성으로서 가지는 독특한 시각을 드러내는 글이라 할 수 있다. 종래 유교윤리하에서 부정적인 존재로 인식되어왔던 여성을 자아의식과 과학지식을 통해 긍정적으로 바라보기 시작했던 것이다.   제4호 이후 {여자계}는 사회문제와 여성문제를 바라보는 여자유학생들의 다양한 시각을 담았다. 그것은 3·1운동 이후 식민지조선과 조선여성의 현실에 관한 논의, 여성지식인으로서 자신들이 가지는 책임과 각오, 새로운 남녀관계에 대한 주장, 그리고 여성노동에 대한 관심 등으로 표출되었다. 1910년대 일본 유학생 사회를 대표하는 잡지가 {학지광}이라면 {여자계}는 일본 유학생 사회의 일반적 분위기를 반영하는 동시에 여자 유학생의 고민과 새로운 모색의 방향을 가늠케 해주는 여성잡지라 할 수 있을 것이다.</paragraph>
				</content>
			</biblioExplanation>
		</description>
	</front>
	<level2 id="ma_082_0010">
		<front>
			<biblioData>
				<title>
					<mainTitle volume="제2호">여자계 제2호</mainTitle>
				</title>
				<publication>
					<publisher/>
					<dateIssued date="1918-03-22">1918년 3월 22일</dateIssued>
				</publication>
			</biblioData>
		</front>
		<level3 id="ma_082_0010_0010">
			<front>
				<biblioData>
					<title>
						<mainTitle>卷頭辭</mainTitle>
					</title>
					<creator>
						<author>
							<name>編輯人</name>
						</author>
					</creator>
					<subjectClass code="ma00"/>
				</biblioData>
			</front>
			<text>
				<content>
					<paragraph>
						<pTitle type="기사명">卷頭辭</pTitle>
						<name role="필자">編輯人</name>
					</paragraph>
				</content>
			</text>
		</level3>
		<level3 id="ma_082_0010_0020">
			<front>
				<biblioData>
					<title>
						<mainTitle>社說, 覺醒하라 新春이로다</mainTitle>
					</title>
					<creator>
						<author>
							<name>秋湖</name>
						</author>
					</creator>
					<subjectClass code="ma00"/>
				</biblioData>
			</front>
			<text>
				<content>
					<paragraph>
						<pTitle type="기사명">社說, 覺醒하라 新春이로다</pTitle>
						<name role="필자">秋湖</name>
					</paragraph>
				</content>
			</text>
		</level3>
		<level3 id="ma_082_0010_0030">
			<front>
				<biblioData>
					<title>
						<mainTitle>어머니의 무릎</mainTitle>
					</title>
					<creator>
						<author>
							<name>春園</name>
						</author>
					</creator>
					<subjectClass code="ma00"/>
				</biblioData>
			</front>
			<text>
				<content>
					<paragraph>
						<pTitle type="기사명">어머니의 무릎</pTitle>
						<name role="필자">春園</name>
					</paragraph>
				</content>
			</text>
		</level3>
		<level3 id="ma_082_0010_0040">
			<front>
				<biblioData>
					<title>
						<mainTitle>家庭制度를 改革하라</mainTitle>
					</title>
					<creator>
						<author>
							<name>秋湖 田榮澤</name>
						</author>
					</creator>
					<subjectClass code="ma00"/>
				</biblioData>
			</front>
			<text>
				<content>
					<paragraph>
						<pTitle type="기사명">家庭制度를 改革하라</pTitle>
						<name role="필자">秋湖 田榮澤</name>
					</paragraph>
				</content>
			</text>
		</level3>
		<level3 id="ma_082_0010_0050">
			<front>
				<biblioData>
					<title>
						<mainTitle>妻女의 煩悶</mainTitle>
					</title>
					<creator>
						<author>
							<name>春汀生</name>
						</author>
					</creator>
					<subjectClass code="ma00"/>
				</biblioData>
			</front>
			<text>
				<content>
					<paragraph>
						<pTitle type="기사명">妻女의 煩悶</pTitle>
						<name role="필자">春汀生</name>
					</paragraph>
				</content>
			</text>
		</level3>
		<level3 id="ma_082_0010_0060">
			<front>
				<biblioData>
					<title>
						<mainTitle>새로 어머니가 되신 H형님께</mainTitle>
					</title>
					<creator>
						<author>
							<name>金德成</name>
						</author>
					</creator>
					<subjectClass code="ma00"/>
				</biblioData>
			</front>
			<text>
				<content>
					<paragraph>
						<pTitle type="기사명">새로 어머니가 되신 H형님께</pTitle>
						<name role="필자">金德成</name>
					</paragraph>
				</content>
			</text>
		</level3>
		<level3 id="ma_082_0010_0070">
			<front>
				<biblioData>
					<title>
						<mainTitle>女子의 주는 力</mainTitle>
					</title>
					<creator>
						<author>
							<name>無名隱士</name>
						</author>
					</creator>
					<subjectClass code="ma00"/>
				</biblioData>
			</front>
			<text>
				<content>
					<paragraph>
						<pTitle type="기사명">女子의 주는 力</pTitle>
						<name role="필자">無名隱士</name>
					</paragraph>
				</content>
			</text>
		</level3>
		<level3 id="ma_082_0010_0080">
			<front>
				<biblioData>
					<title>
						<mainTitle>大門을 나선 兄弟들에게</mainTitle>
					</title>
					<creator>
						<author>
							<name>朴淳愛</name>
						</author>
					</creator>
					<subjectClass code="ma00"/>
				</biblioData>
			</front>
			<text>
				<content>
					<paragraph>
						<pTitle type="기사명">大門을 나선 兄弟들에게</pTitle>
						<name role="필자">朴淳愛</name>
					</paragraph>
				</content>
			</text>
		</level3>
		<level3 id="ma_082_0010_0090">
			<front>
				<biblioData>
					<title>
						<mainTitle>新舊衝突의 悲劇</mainTitle>
					</title>
					<creator>
						<author>
							<name>金燁</name>
						</author>
					</creator>
					<subjectClass code="ma00"/>
				</biblioData>
			</front>
			<text>
				<content>
					<paragraph>
						<pTitle type="기사명">新舊衝突의 悲劇</pTitle>
						<name role="필자">金燁</name>
					</paragraph>
				</content>
			</text>
		</level3>
		<level3 id="ma_082_0010_0100">
			<front>
				<biblioData>
					<title>
						<mainTitle>婦人의 覺醒이 男子보다 緊急한 所以</mainTitle>
					</title>
					<creator>
						<author>
							<name>霽月</name>
						</author>
					</creator>
					<subjectClass code="ma00"/>
				</biblioData>
			</front>
			<text>
				<content>
					<paragraph>
						<pTitle type="기사명">婦人의 覺醒이 男子보다 緊急한 所以</pTitle>
						<name role="필자">霽月</name>
					</paragraph>
				</content>
			</text>
		</level3>
		<level3 id="ma_082_0010_0110">
			<front>
				<biblioData>
					<title>
						<mainTitle>靑春에서 女子界에게</mainTitle>
					</title>
					<creator>
						<author>
							<name>六堂先生</name>
						</author>
					</creator>
					<subjectClass code="ma00"/>
				</biblioData>
			</front>
			<text>
				<content>
					<paragraph>
						<pTitle type="기사명">靑春에서 女子界에게</pTitle>
						<name role="필자">六堂先生</name>
					</paragraph>
				</content>
			</text>
		</level3>
		<level3 id="ma_082_0010_0120">
			<front>
				<biblioData>
					<title>
						<mainTitle>빛</mainTitle>
					</title>
					<creator>
						<author>
							<name>HS生</name>
						</author>
					</creator>
					<subjectClass code="ma00"/>
				</biblioData>
			</front>
			<text>
				<content>
					<paragraph>
						<pTitle type="기사명">빛</pTitle>
						<name role="필자">HS生</name>
					</paragraph>
				</content>
			</text>
		</level3>
		<level3 id="ma_082_0010_0130">
			<front>
				<biblioData>
					<title>
						<mainTitle>첫 나들이 온 兄님</mainTitle>
					</title>
					<creator>
						<author>
							<name>ㄷㅅ生</name>
						</author>
					</creator>
					<subjectClass code="ma00"/>
				</biblioData>
			</front>
			<text>
				<content>
					<paragraph>
						<pTitle type="기사명">첫 나들이 온 兄님</pTitle>
						<name role="필자">ㄷㅅ生</name>
					</paragraph>
				</content>
			</text>
		</level3>
		<level3 id="ma_082_0010_0140">
			<front>
				<biblioData>
					<title>
						<mainTitle>初夢</mainTitle>
					</title>
					<creator>
						<author>
							<name>望洋草</name>
						</author>
					</creator>
					<subjectClass code="ma00"/>
				</biblioData>
			</front>
			<text>
				<content>
					<paragraph>
						<pTitle type="기사명">初夢</pTitle>
						<name role="필자">望洋草</name>
					</paragraph>
				</content>
			</text>
		</level3>
		<level3 id="ma_082_0010_0150">
			<front>
				<biblioData>
					<title>
						<mainTitle>泰西賢婦小傳</mainTitle>
					</title>
					<creator>
						<author>
							<name>갈물</name>
						</author>
					</creator>
					<subjectClass code="ma00"/>
				</biblioData>
			</front>
			<text>
				<content>
					<paragraph>
						<pTitle type="기사명">泰西賢婦小傳</pTitle>
						<name role="필자">갈물</name>
					</paragraph>
				</content>
			</text>
		</level3>
		<level3 id="ma_082_0010_0160">
			<front>
				<biblioData>
					<title>
						<mainTitle>家庭訪問記</mainTitle>
					</title>
					<creator>
						<author>
							<name>一記者</name>
						</author>
					</creator>
					<subjectClass code="ma00"/>
				</biblioData>
			</front>
			<text>
				<content>
					<paragraph>
						<pTitle type="기사명">家庭訪問記</pTitle>
						<name role="필자">一記者</name>
					</paragraph>
				</content>
			</text>
		</level3>
		<level3 id="ma_082_0010_0170">
			<front>
				<biblioData>
					<title>
						<mainTitle>家庭과 學校</mainTitle>
					</title>
					<creator>
						<author>
							<name>洪基瑗</name>
						</author>
					</creator>
					<subjectClass code="ma00"/>
				</biblioData>
			</front>
			<text>
				<content>
					<paragraph>
						<pTitle type="기사명">家庭과 學校</pTitle>
						<name role="필자">洪基瑗</name>
					</paragraph>
				</content>
			</text>
		</level3>
		<level3 id="ma_082_0010_0180">
			<front>
				<biblioData>
					<title>
						<mainTitle>兒育에 對한 二大注意</mainTitle>
					</title>
					<creator>
						<author>
							<name>岡山醫學士 韓興敎</name>
						</author>
					</creator>
					<subjectClass code="ma00"/>
				</biblioData>
			</front>
			<text>
				<content>
					<paragraph>
						<pTitle type="기사명">兒育에 對한 二大注意</pTitle>
						<name role="필자">岡山醫學士 韓興敎</name>
					</paragraph>
				</content>
			</text>
		</level3>
		<level3 id="ma_082_0010_0190">
			<front>
				<biblioData>
					<title>
						<mainTitle>女子敎育의 思想</mainTitle>
					</title>
					<creator>
						<author>
							<name>公州永明學校 敎師 李앨나</name>
						</author>
					</creator>
					<subjectClass code="ma00"/>
				</biblioData>
			</front>
			<text>
				<content>
					<paragraph>
						<pTitle type="기사명">女子敎育의 思想</pTitle>
						<name role="필자">公州永明學校 敎師 李앨나</name>
					</paragraph>
				</content>
			</text>
		</level3>
		<level3 id="ma_082_0010_0200">
			<front>
				<biblioData>
					<title>
						<mainTitle>女子界를 祝하야</mainTitle>
					</title>
					<creator>
						<author>
							<name>金雨英</name>
						</author>
					</creator>
					<subjectClass code="ma00"/>
				</biblioData>
			</front>
			<text>
				<content>
					<paragraph>
						<pTitle type="기사명">女子界를 祝하야</pTitle>
						<name role="필자">金雨英</name>
					</paragraph>
				</content>
			</text>
		</level3>
		<level3 id="ma_082_0010_0210">
			<front>
				<biblioData>
					<title>
						<mainTitle>東京에서 釜山까지</mainTitle>
					</title>
					<creator>
						<author>
							<name>秋湖</name>
						</author>
					</creator>
					<subjectClass code="ma00"/>
				</biblioData>
			</front>
			<text>
				<content>
					<paragraph>
						<pTitle type="기사명">東京에서 釜山까지</pTitle>
						<name role="필자">秋湖</name>
					</paragraph>
				</content>
			</text>
		</level3>
		<level3 id="ma_082_0010_0220">
			<front>
				<biblioData>
					<title>
						<mainTitle>新刊紹介</mainTitle>
					</title>
					<subjectClass code="ma00"/>
				</biblioData>
			</front>
			<text>
				<content>
					<paragraph>
						<pTitle type="기사명">新刊紹介</pTitle>
					</paragraph>
				</content>
			</text>
		</level3>
		<level3 id="ma_082_0010_0230">
			<front>
				<biblioData>
					<title>
						<mainTitle>경희</mainTitle>
					</title>
					<creator>
						<author>
							<name>晶月</name>
						</author>
					</creator>
					<subjectClass code="ma00"/>
				</biblioData>
			</front>
			<text>
				<content>
					<paragraph>
						<pTitle type="기사명">경희</pTitle>
						<name role="필자">晶月</name>
					</paragraph>
				</content>
			</text>
		</level3>
		<level3 id="ma_082_0010_0240">
			<front>
				<biblioData>
					<title>
						<mainTitle>消息</mainTitle>
					</title>
					<subjectClass code="ma00"/>
				</biblioData>
			</front>
			<text>
				<content>
					<paragraph>
						<pTitle type="기사명">消息</pTitle>
					</paragraph>
				</content>
			</text>
		</level3>
		<level3 id="ma_082_0010_0250">
			<front>
				<biblioData>
					<title>
						<mainTitle>編輯室에서</mainTitle>
					</title>
					<creator>
						<author>
							<name>一記者</name>
						</author>
					</creator>
					<subjectClass code="ma00"/>
				</biblioData>
			</front>
			<text>
				<content>
					<paragraph>
						<pTitle type="기사명">編輯室에서</pTitle>
						<name role="필자">一記者</name>
					</paragraph>
				</content>
			</text>
		</level3>
		<level3 id="ma_082_0010_0260">
			<front>
				<biblioData>
					<title>
						<mainTitle>제2호 發行에 際하야</mainTitle>
					</title>
					<subjectClass code="ma00"/>
				</biblioData>
			</front>
			<text>
				<content>
					<paragraph>
						<pTitle type="기사명">제2호 發行에 際하야</pTitle>
					</paragraph>
				</content>
			</text>
		</level3>
	</level2>
	<level2 id="ma_082_0020">
		<front>
			<biblioData>
				<title>
					<mainTitle volume="제3호">여자계 제3호</mainTitle>
				</title>
				<publication>
					<publisher/>
					<dateIssued date="1918-09-10">1918년 9월 10일</dateIssued>
				</publication>
			</biblioData>
		</front>
		<level3 id="ma_082_0020_0010">
			<front>
				<biblioData>
					<title>
						<mainTitle>어머니의 무릅(詩)</mainTitle>
					</title>
					<creator>
						<author>
							<name>春園</name>
						</author>
					</creator>
					<subjectClass code="ma00"/>
				</biblioData>
			</front>
			<text>
				<content>
					<paragraph>
						<pTitle type="기사명">어머니의 무릅</pTitle>
						<name role="필자">春園</name>
					</paragraph>
				</content>
			</text>
		</level3>
		<level3 id="ma_082_0020_0020">
			<front>
				<biblioData>
					<title>
						<mainTitle>卒業生諸兄에게 들임</mainTitle>
					</title>
					<creator>
						<author>
							<name>玄德信</name>
						</author>
					</creator>
					<subjectClass code="ma00"/>
				</biblioData>
			</front>
			<text>
				<content>
					<paragraph>
						<pTitle type="기사명">卒業生諸兄에게 들임</pTitle>
						<name role="필자">玄德信</name>
					</paragraph>
				</content>
			</text>
		</level3>
		<level3 id="ma_082_0020_0030">
			<front>
				<biblioData>
					<title>
						<mainTitle>나이팅겔의 사랑</mainTitle>
					</title>
					<subjectClass code="ma00"/>
				</biblioData>
			</front>
			<text>
				<content>
					<paragraph>
						<pTitle type="기사명">나이팅겔의 사랑</pTitle>
					</paragraph>
				</content>
			</text>
		</level3>
		<level3 id="ma_082_0020_0040">
			<front>
				<biblioData>
					<title>
						<mainTitle>女子敎育論</mainTitle>
					</title>
					<subjectClass code="ma00"/>
				</biblioData>
			</front>
			<text>
				<content>
					<paragraph>
						<pTitle type="기사명">女子敎育論</pTitle>
					</paragraph>
				</content>
			</text>
		</level3>
		<level3 id="ma_082_0020_0050">
			<front>
				<biblioData>
					<title>
						<mainTitle>處女의 노래(詩)</mainTitle>
					</title>
					<creator>
						<author>
							<name>南星</name>
						</author>
					</creator>
					<subjectClass code="ma00"/>
				</biblioData>
			</front>
			<text>
				<content>
					<paragraph>
						<pTitle type="기사명">處女의 노래</pTitle>
						<name role="필자">南星</name>
					</paragraph>
				</content>
			</text>
		</level3>
		<level3 id="ma_082_0020_0060">
			<front>
				<biblioData>
					<title>
						<mainTitle>天才를 만드는 早敎育</mainTitle>
					</title>
					<subjectClass code="ma00"/>
				</biblioData>
			</front>
			<text>
				<content>
					<paragraph>
						<pTitle type="기사명">天才를 만드는 早敎育</pTitle>
					</paragraph>
				</content>
			</text>
		</level3>
		<level3 id="ma_082_0020_0070">
			<front>
				<biblioData>
					<title>
						<mainTitle>朝鮮사람 儀式에 對한 意見</mainTitle>
					</title>
					<subjectClass code="ma00"/>
				</biblioData>
			</front>
			<text>
				<content>
					<paragraph>
						<pTitle type="기사명">朝鮮사람 儀式에 對한 意見</pTitle>
					</paragraph>
				</content>
			</text>
		</level3>
		<level3 id="ma_082_0020_0080">
			<front>
				<biblioData>
					<title>
						<mainTitle>小兒를 엇지 待接할가</mainTitle>
					</title>
					<subjectClass code="ma00"/>
				</biblioData>
			</front>
			<text>
				<content>
					<paragraph>
						<pTitle type="기사명">小兒를 엇지 待接할가</pTitle>
					</paragraph>
				</content>
			</text>
		</level3>
		<level3 id="ma_082_0020_0090">
			<front>
				<biblioData>
					<title>
						<mainTitle>星世界</mainTitle>
					</title>
					<subjectClass code="ma00"/>
				</biblioData>
			</front>
			<text>
				<content>
					<paragraph>
						<pTitle type="기사명">星世界</pTitle>
					</paragraph>
				</content>
			</text>
		</level3>
		<level3 id="ma_082_0020_0100">
			<front>
				<biblioData>
					<title>
						<mainTitle>兒童의 口中衛生</mainTitle>
					</title>
					<subjectClass code="ma00"/>
				</biblioData>
			</front>
			<text>
				<content>
					<paragraph>
						<pTitle type="기사명">兒童의 口中衛生</pTitle>
					</paragraph>
				</content>
			</text>
		</level3>
		<level3 id="ma_082_0020_0110">
			<front>
				<biblioData>
					<title>
						<mainTitle>XX언니에게</mainTitle>
					</title>
					<creator>
						<author>
							<name>望洋草</name>
						</author>
					</creator>
					<subjectClass code="ma00"/>
				</biblioData>
			</front>
			<text>
				<content>
					<paragraph>
						<pTitle type="기사명">XX언니에게</pTitle>
						<name role="필자">望洋草</name>
					</paragraph>
				</content>
			</text>
		</level3>
		<level3 id="ma_082_0020_0120">
			<front>
				<biblioData>
					<title>
						<mainTitle>나의 日記(셔울에서 江西까지)</mainTitle>
					</title>
					<creator>
						<author>
							<name>春江</name>
						</author>
					</creator>
					<subjectClass code="ma00"/>
				</biblioData>
			</front>
			<text>
				<content>
					<paragraph>
						<pTitle type="기사명">나의 日記</pTitle>
						<name role="필자">春江</name>
					</paragraph>
				</content>
			</text>
		</level3>
		<level3 id="ma_082_0020_0130">
			<front>
				<biblioData>
					<title>
						<mainTitle>少女歌劇 - 初春의 悲哀</mainTitle>
					</title>
					<creator>
						<author>
							<name>天園</name>
						</author>
					</creator>
					<subjectClass code="ma00"/>
				</biblioData>
			</front>
			<text>
				<content>
					<paragraph>
						<pTitle type="기사명">少女歌劇 - 初春의 悲哀</pTitle>
						<name role="필자">天園</name>
					</paragraph>
				</content>
			</text>
		</level3>
		<level3 id="ma_082_0020_0140">
			<front>
				<biblioData>
					<title>
						<mainTitle>月經論</mainTitle>
					</title>
					<subjectClass code="ma00"/>
				</biblioData>
			</front>
			<text>
				<content>
					<paragraph>
						<pTitle type="기사명">月經論</pTitle>
					</paragraph>
				</content>
			</text>
		</level3>
		<level3 id="ma_082_0020_0150">
			<front>
				<biblioData>
					<title>
						<mainTitle>뱀의 硏究</mainTitle>
					</title>
					<subjectClass code="ma00"/>
				</biblioData>
			</front>
			<text>
				<content>
					<paragraph>
						<pTitle type="기사명">뱀의 硏究</pTitle>
					</paragraph>
				</content>
			</text>
		</level3>
		<level3 id="ma_082_0020_0160">
			<front>
				<biblioData>
					<title>
						<mainTitle>家庭顧問(夏節의 幼兒)</mainTitle>
					</title>
					<subjectClass code="ma00"/>
				</biblioData>
			</front>
			<text>
				<content>
					<paragraph>
						<pTitle type="기사명">家庭顧問</pTitle>
					</paragraph>
				</content>
			</text>
		</level3>
		<level3 id="ma_082_0020_0170">
			<front>
				<biblioData>
					<title>
						<mainTitle>헬렌 켈러(傳記)</mainTitle>
					</title>
					<subjectClass code="ma00"/>
				</biblioData>
			</front>
			<text>
				<content>
					<paragraph>
						<pTitle type="기사명">헬렌 켈러</pTitle>
					</paragraph>
				</content>
			</text>
		</level3>
		<level3 id="ma_082_0020_0180">
			<front>
				<biblioData>
					<title>
						<mainTitle>回生한 孫女에게</mainTitle>
					</title>
					<subjectClass code="ma00"/>
				</biblioData>
			</front>
			<text>
				<content>
					<paragraph>
						<pTitle type="기사명">回生한 孫女에게</pTitle>
					</paragraph>
				</content>
			</text>
		</level3>
		<level3 id="ma_082_0020_0190">
			<front>
				<biblioData>
					<title>
						<mainTitle>消息</mainTitle>
					</title>
					<subjectClass code="ma00"/>
				</biblioData>
			</front>
			<text>
				<content>
					<paragraph>
						<pTitle type="기사명">消息</pTitle>
					</paragraph>
				</content>
			</text>
		</level3>
		<level3 id="ma_082_0020_0200">
			<front>
				<biblioData>
					<title>
						<mainTitle>女子界 寄附芳名</mainTitle>
					</title>
					<subjectClass code="ma00"/>
				</biblioData>
			</front>
			<text>
				<content>
					<paragraph>
						<pTitle type="기사명">女子界 寄附芳名</pTitle>
					</paragraph>
				</content>
			</text>
		</level3>
		<level3 id="ma_082_0020_0210">
			<front>
				<biblioData>
					<title>
						<mainTitle>本會員의 寄附</mainTitle>
					</title>
					<subjectClass code="ma00"/>
				</biblioData>
			</front>
			<text>
				<content>
					<paragraph>
						<pTitle type="기사명">本會員의 寄附</pTitle>
					</paragraph>
				</content>
			</text>
		</level3>
		<level3 id="ma_082_0020_0220">
			<front>
				<biblioData>
					<title>
						<mainTitle>橫濱親睦會員의 寄附</mainTitle>
					</title>
					<subjectClass code="ma00"/>
				</biblioData>
			</front>
			<text>
				<content>
					<paragraph>
						<pTitle type="기사명">橫濱親睦會員의 寄附</pTitle>
					</paragraph>
				</content>
			</text>
		</level3>
		<level3 id="ma_082_0020_0230">
			<front>
				<biblioData>
					<title>
						<mainTitle>編輯餘言</mainTitle>
					</title>
					<subjectClass code="ma00"/>
				</biblioData>
			</front>
			<text>
				<content>
					<paragraph>
						<pTitle type="기사명">編輯餘言</pTitle>
					</paragraph>
				</content>
			</text>
		</level3>
	</level2>
	<level2 id="ma_082_0030">
		<front>
			<biblioData>
				<title>
					<mainTitle volume="제4호">여자계 제4호</mainTitle>
				</title>
				<publication>
					<publisher/>
					<dateIssued date="1920-03-25">1920년 3월 25일</dateIssued>
				</publication>
			</biblioData>
		</front>
		<level3 id="ma_082_0030_0010">
			<front>
				<biblioData>
					<title>
						<mainTitle>復活하는 女子界의게</mainTitle>
					</title>
					<creator>
						<author>
							<name>김환</name>
						</author>
					</creator>
					<subjectClass code="ma00"/>
				</biblioData>
			</front>
			<text>
				<content>
					<paragraph>
						<pTitle type="기사명">復活하는 女子界의게</pTitle>
						<name role="필자">김환</name>
					</paragraph>
				</content>
			</text>
		</level3>
		<level3 id="ma_082_0030_0020">
			<front>
				<biblioData>
					<title>
						<mainTitle>自己를 知하라</mainTitle>
					</title>
					<creator>
						<author>
							<name>金安植</name>
						</author>
					</creator>
					<subjectClass code="ma00"/>
				</biblioData>
			</front>
			<text>
				<content>
					<paragraph>
						<pTitle type="기사명">自己를 知하라</pTitle>
						<name role="필자">金安植</name>
					</paragraph>
				</content>
			</text>
		</level3>
		<level3 id="ma_082_0030_0030">
			<front>
				<biblioData>
					<title>
						<mainTitle>苦泣</mainTitle>
					</title>
					<creator>
						<author>
							<name>象牙塔</name>
						</author>
					</creator>
					<subjectClass code="ma00"/>
				</biblioData>
			</front>
			<text>
				<content>
					<paragraph>
						<pTitle type="기사명">苦泣</pTitle>
						<name role="필자">象牙塔</name>
					</paragraph>
				</content>
			</text>
		</level3>
		<level3 id="ma_082_0030_0040">
			<front>
				<biblioData>
					<title>
						<mainTitle>女子解放問題</mainTitle>
					</title>
					<creator>
						<author>
							<name>極熊</name>
						</author>
					</creator>
					<subjectClass code="ma00"/>
				</biblioData>
			</front>
			<text>
				<content>
					<paragraph>
						<pTitle type="기사명">女子解放問題</pTitle>
						<name role="필자">極熊</name>
					</paragraph>
				</content>
			</text>
		</level3>
		<level3 id="ma_082_0030_0050">
			<front>
				<biblioData>
					<title>
						<mainTitle>歸雁의 聲(詩)</mainTitle>
					</title>
					<creator>
						<author>
							<name>東海漁夫</name>
						</author>
					</creator>
					<subjectClass code="ma00"/>
				</biblioData>
			</front>
			<text>
				<content>
					<paragraph>
						<pTitle type="기사명">歸雁의 聲</pTitle>
						<name role="필자">東海漁夫</name>
					</paragraph>
				</content>
			</text>
		</level3>
		<level3 id="ma_082_0030_0060">
			<front>
				<biblioData>
					<title>
						<mainTitle>R T 兩兄에게</mainTitle>
					</title>
					<creator>
						<author>
							<name>흰뫼</name>
						</author>
					</creator>
					<subjectClass code="ma00"/>
				</biblioData>
			</front>
			<text>
				<content>
					<paragraph>
						<pTitle type="기사명">R T 兩兄에게</pTitle>
						<name role="필자">흰뫼</name>
					</paragraph>
				</content>
			</text>
		</level3>
		<level3 id="ma_082_0030_0070">
			<front>
				<biblioData>
					<title>
						<mainTitle>少年의 죽음</mainTitle>
					</title>
					<creator>
						<author>
							<name>天園</name>
						</author>
					</creator>
					<subjectClass code="ma00"/>
				</biblioData>
			</front>
			<text>
				<content>
					<paragraph>
						<pTitle type="기사명">少年의 죽음</pTitle>
						<name role="필자">天園</name>
					</paragraph>
				</content>
			</text>
		</level3>
		<level3 id="ma_082_0030_0080">
			<front>
				<biblioData>
					<title>
						<mainTitle>新聞界의 消息</mainTitle>
					</title>
					<subjectClass code="ma00"/>
				</biblioData>
			</front>
			<text>
				<content>
					<paragraph>
						<pTitle type="기사명">新聞界의 消息</pTitle>
					</paragraph>
				</content>
			</text>
		</level3>
		<level3 id="ma_082_0030_0090">
			<front>
				<biblioData>
					<title>
						<mainTitle>古詩</mainTitle>
					</title>
					<subjectClass code="ma00"/>
				</biblioData>
			</front>
			<text>
				<content>
					<paragraph>
						<pTitle type="기사명">古詩</pTitle>
					</paragraph>
				</content>
			</text>
		</level3>
		<level3 id="ma_082_0030_0100">
			<front>
				<biblioData>
					<title>
						<mainTitle>靑年女子의 自助</mainTitle>
					</title>
					<creator>
						<author>
							<name>芭峰 朴錫薰</name>
						</author>
					</creator>
					<subjectClass code="ma00"/>
				</biblioData>
			</front>
			<text>
				<content>
					<paragraph>
						<pTitle type="기사명">靑年女子의 自助</pTitle>
						<name role="필자">芭峰 朴錫薰</name>
					</paragraph>
				</content>
			</text>
		</level3>
		<level3 id="ma_082_0030_0110">
			<front>
				<biblioData>
					<title>
						<mainTitle>故鄕의 곰(詩)</mainTitle>
					</title>
					<creator>
						<author>
							<name>雪汚堂下人 李一</name>
						</author>
					</creator>
					<subjectClass code="ma00"/>
				</biblioData>
			</front>
			<text>
				<content>
					<paragraph>
						<pTitle type="기사명">故鄕의 곰</pTitle>
						<name role="필자">雪汚堂下人 李一</name>
					</paragraph>
				</content>
			</text>
		</level3>
		<level3 id="ma_082_0030_0120">
			<front>
				<biblioData>
					<title>
						<mainTitle>新女子의 自覺</mainTitle>
					</title>
					<creator>
						<author>
							<name>春江</name>
						</author>
					</creator>
					<subjectClass code="ma00"/>
				</biblioData>
			</front>
			<text>
				<content>
					<paragraph>
						<pTitle type="기사명">新女子의 自覺</pTitle>
						<name role="필자">春江</name>
					</paragraph>
				</content>
			</text>
		</level3>
		<level3 id="ma_082_0030_0130">
			<front>
				<biblioData>
					<title>
						<mainTitle>人生長壽의 神藥은 卽 우슴</mainTitle>
					</title>
					<creator>
						<author>
							<name>愚谷生</name>
						</author>
					</creator>
					<subjectClass code="ma00"/>
				</biblioData>
			</front>
			<text>
				<content>
					<paragraph>
						<pTitle type="기사명">人生長壽의 神藥은 卽 우슴</pTitle>
						<name role="필자">愚谷生</name>
					</paragraph>
				</content>
			</text>
		</level3>
		<level3 id="ma_082_0030_0140">
			<front>
				<biblioData>
					<title>
						<mainTitle>농부가</mainTitle>
					</title>
					<subjectClass code="ma00"/>
				</biblioData>
			</front>
			<text>
				<content>
					<paragraph>
						<pTitle type="기사명">농부가</pTitle>
					</paragraph>
				</content>
			</text>
		</level3>
		<level3 id="ma_082_0030_0150">
			<front>
				<biblioData>
					<title>
						<mainTitle>病의 原因</mainTitle>
					</title>
					<creator>
						<author>
							<name>愚谷生</name>
						</author>
					</creator>
					<subjectClass code="ma00"/>
				</biblioData>
			</front>
			<text>
				<content>
					<paragraph>
						<pTitle type="기사명">病의 原因</pTitle>
						<name role="필자">愚谷生</name>
					</paragraph>
				</content>
			</text>
		</level3>
		<level3 id="ma_082_0030_0160">
			<front>
				<biblioData>
					<title>
						<mainTitle>正午</mainTitle>
					</title>
					<creator>
						<author>
							<name>葛香</name>
						</author>
					</creator>
					<subjectClass code="ma00"/>
				</biblioData>
			</front>
			<text>
				<content>
					<paragraph>
						<pTitle type="기사명">正午</pTitle>
						<name role="필자">葛香</name>
					</paragraph>
				</content>
			</text>
		</level3>
		<level3 id="ma_082_0030_0170">
			<front>
				<biblioData>
					<title>
						<mainTitle>女子界의게 一言을 告함</mainTitle>
					</title>
					<creator>
						<author>
							<name>南星</name>
						</author>
					</creator>
					<subjectClass code="ma00"/>
				</biblioData>
			</front>
			<text>
				<content>
					<paragraph>
						<pTitle type="기사명">女子界의게 一言을 告함</pTitle>
						<name role="필자">南星</name>
					</paragraph>
				</content>
			</text>
		</level3>
		<level3 id="ma_082_0030_0180">
			<front>
				<biblioData>
					<title>
						<mainTitle>在東京 女學生 諸氏의게</mainTitle>
					</title>
					<creator>
						<author>
							<name>開城 홀스튼 女學校 校長</name>
						</author>
					</creator>
					<subjectClass code="ma00"/>
				</biblioData>
			</front>
			<text>
				<content>
					<paragraph>
						<pTitle type="기사명">在東京 女學生 諸氏의게</pTitle>
						<name role="필자">開城 홀스튼 女學校 校長</name>
					</paragraph>
				</content>
			</text>
		</level3>
		<level3 id="ma_082_0030_0190">
			<front>
				<biblioData>
					<title>
						<mainTitle>祖母의 墓前</mainTitle>
					</title>
					<creator>
						<author>
							<name>望洋草</name>
						</author>
					</creator>
					<subjectClass code="ma00"/>
				</biblioData>
			</front>
			<text>
				<content>
					<paragraph>
						<pTitle type="기사명">祖母의 墓前</pTitle>
						<name role="필자">望洋草</name>
					</paragraph>
				</content>
			</text>
		</level3>
		<level3 id="ma_082_0030_0200">
			<front>
				<biblioData>
					<title>
						<mainTitle>팔니여 가는 꼿</mainTitle>
					</title>
					<creator>
						<author>
							<name>葛香</name>
						</author>
					</creator>
					<subjectClass code="ma00"/>
				</biblioData>
			</front>
			<text>
				<content>
					<paragraph>
						<pTitle type="기사명">팔니여 가는 꼿</pTitle>
						<name role="필자">葛香</name>
					</paragraph>
				</content>
			</text>
		</level3>
		<level3 id="ma_082_0030_0210">
			<front>
				<biblioData>
					<title>
						<mainTitle>촉불이 꺼져가는 女子界의 고통</mainTitle>
					</title>
					<creator>
						<author>
							<name>武卿</name>
						</author>
					</creator>
					<subjectClass code="ma00"/>
				</biblioData>
			</front>
			<text>
				<content>
					<paragraph>
						<pTitle type="기사명">촉불이 꺼져가는 女子界의 고통</pTitle>
						<name role="필자">武卿</name>
					</paragraph>
				</content>
			</text>
		</level3>
		<level3 id="ma_082_0030_0220">
			<front>
				<biblioData>
					<title>
						<mainTitle>女子의 五大天職</mainTitle>
					</title>
					<creator>
						<author>
							<name>金弼秀</name>
						</author>
					</creator>
					<subjectClass code="ma00"/>
				</biblioData>
			</front>
			<text>
				<content>
					<paragraph>
						<pTitle type="기사명">女子의 五大天職</pTitle>
						<name role="필자">金弼秀</name>
					</paragraph>
				</content>
			</text>
		</level3>
		<level3 id="ma_082_0030_0230">
			<front>
				<biblioData>
					<title>
						<mainTitle>雜誌界의 消息</mainTitle>
					</title>
					<subjectClass code="ma00"/>
				</biblioData>
			</front>
			<text>
				<content>
					<paragraph>
						<pTitle type="기사명">雜誌界의 消息</pTitle>
					</paragraph>
				</content>
			</text>
		</level3>
		<level3 id="ma_082_0030_0240">
			<front>
				<biblioData>
					<title>
						<mainTitle>시간과 노력의 경계</mainTitle>
					</title>
					<creator>
						<author>
							<name>松靑</name>
						</author>
					</creator>
					<subjectClass code="ma00"/>
				</biblioData>
			</front>
			<text>
				<content>
					<paragraph>
						<pTitle type="기사명">시간과 노력의 경계</pTitle>
						<name role="필자">松靑</name>
					</paragraph>
				</content>
			</text>
		</level3>
		<level3 id="ma_082_0030_0250">
			<front>
				<biblioData>
					<title>
						<mainTitle>中國女子의 굿은 정절</mainTitle>
					</title>
					<creator>
						<author>
							<name>劉英俊</name>
						</author>
					</creator>
					<subjectClass code="ma00"/>
				</biblioData>
			</front>
			<text>
				<content>
					<paragraph>
						<pTitle type="기사명">中國女子의 굿은 정절</pTitle>
						<name role="필자">劉英俊</name>
					</paragraph>
				</content>
			</text>
		</level3>
		<level3 id="ma_082_0030_0260">
			<front>
				<biblioData>
					<title>
						<mainTitle>Pollyanna 팔늬의나(小說)</mainTitle>
					</title>
					<creator>
						<author>
							<name>MK生</name>
						</author>
					</creator>
					<subjectClass code="ma00"/>
				</biblioData>
			</front>
			<text>
				<content>
					<paragraph>
						<pTitle type="기사명">Pollyanna 팔늬의나</pTitle>
						<name role="필자">MK生</name>
					</paragraph>
				</content>
			</text>
		</level3>
		<level3 id="ma_082_0030_0270">
			<front>
				<biblioData>
					<title>
						<mainTitle>編輯餘言</mainTitle>
					</title>
					<subjectClass code="ma00"/>
				</biblioData>
			</front>
			<text>
				<content>
					<paragraph>
						<pTitle type="기사명">編輯餘言</pTitle>
					</paragraph>
				</content>
			</text>
		</level3>
		<level3 id="ma_082_0030_0280">
			<front>
				<biblioData>
					<title>
						<mainTitle>報告</mainTitle>
					</title>
					<subjectClass code="ma00"/>
				</biblioData>
			</front>
			<text>
				<content>
					<paragraph>
						<pTitle type="기사명">報告</pTitle>
					</paragraph>
				</content>
			</text>
		</level3>
		<level3 id="ma_082_0030_0290">
			<front>
				<biblioData>
					<title>
						<mainTitle>消息</mainTitle>
					</title>
					<subjectClass code="ma00"/>
				</biblioData>
			</front>
			<text>
				<content>
					<paragraph>
						<pTitle type="기사명">消息</pTitle>
					</paragraph>
				</content>
			</text>
		</level3>
		<level3 id="ma_082_0030_0300">
			<front>
				<biblioData>
					<title>
						<mainTitle>여러분끠</mainTitle>
					</title>
					<subjectClass code="ma00"/>
				</biblioData>
			</front>
			<text>
				<content>
					<paragraph>
						<pTitle type="기사명">여러분끠</pTitle>
					</paragraph>
				</content>
			</text>
		</level3>
	</level2>
	<level2 id="ma_082_0040">
		<front>
			<biblioData>
				<title>
					<mainTitle volume="제5호">여자계 제5호</mainTitle>
				</title>
				<publication>
					<publisher/>
					<dateIssued date="1920-06-25">1920년 6월 25일</dateIssued>
				</publication>
			</biblioData>
		</front>
		<level3 id="ma_082_0040_0010">
			<front>
				<biblioData>
					<title>
						<mainTitle>卒業을 맛츠시는 여러 兄님들의게 올림</mainTitle>
					</title>
					<creator>
						<author>
							<name>朴承浩</name>
						</author>
					</creator>
					<subjectClass code="ma00"/>
				</biblioData>
			</front>
			<text>
				<content>
					<paragraph>
						<pTitle type="기사명">卒業을 맛츠시는 여러 兄님들의게 올림</pTitle>
						<name role="필자">朴承浩</name>
					</paragraph>
				</content>
			</text>
		</level3>
		<level3 id="ma_082_0040_0020">
			<front>
				<biblioData>
					<title>
						<mainTitle>祝五週年 女子界</mainTitle>
					</title>
					<creator>
						<author>
							<name>靑波</name>
						</author>
					</creator>
					<subjectClass code="ma00"/>
				</biblioData>
			</front>
			<text>
				<content>
					<paragraph>
						<pTitle type="기사명">祝五週年 女子界</pTitle>
						<name role="필자">靑波</name>
					</paragraph>
				</content>
			</text>
		</level3>
		<level3 id="ma_082_0040_0030">
			<front>
				<biblioData>
					<title>
						<mainTitle>女子界에게 바람</mainTitle>
					</title>
					<creator>
						<author>
							<name>H生</name>
						</author>
					</creator>
					<subjectClass code="ma00"/>
				</biblioData>
			</front>
			<text>
				<content>
					<paragraph>
						<pTitle type="기사명">女子界에게 바람</pTitle>
						<name role="필자">H生</name>
					</paragraph>
				</content>
			</text>
		</level3>
		<level3 id="ma_082_0040_0040">
			<front>
				<biblioData>
					<title>
						<mainTitle>婦人問題</mainTitle>
					</title>
					<creator>
						<author>
							<name>春城</name>
						</author>
					</creator>
					<subjectClass code="ma00"/>
				</biblioData>
			</front>
			<text>
				<content>
					<paragraph>
						<pTitle type="기사명">婦人問題</pTitle>
						<name role="필자">春城</name>
					</paragraph>
				</content>
			</text>
		</level3>
		<level3 id="ma_082_0040_0050">
			<front>
				<biblioData>
					<title>
						<mainTitle>半島 靑年女子에게</mainTitle>
					</title>
					<creator>
						<author>
							<name>劉英俊</name>
						</author>
					</creator>
					<subjectClass code="ma00"/>
				</biblioData>
			</front>
			<text>
				<content>
					<paragraph>
						<pTitle type="기사명">半島 靑年女子에게</pTitle>
						<name role="필자">劉英俊</name>
					</paragraph>
				</content>
			</text>
		</level3>
		<level3 id="ma_082_0040_0060">
			<front>
				<biblioData>
					<title>
						<mainTitle>우리의 온길 갈길</mainTitle>
					</title>
					<creator>
						<author>
							<name>玉露</name>
						</author>
					</creator>
					<subjectClass code="ma00"/>
				</biblioData>
			</front>
			<text>
				<content>
					<paragraph>
						<pTitle type="기사명">우리의 온길 갈길</pTitle>
						<name role="필자">玉露</name>
					</paragraph>
				</content>
			</text>
		</level3>
		<level3 id="ma_082_0040_0070">
			<front>
				<biblioData>
					<title>
						<mainTitle>女子界社 姉妹諸氏에게</mainTitle>
					</title>
					<creator>
						<author>
							<name>靜波</name>
						</author>
					</creator>
					<subjectClass code="ma00"/>
				</biblioData>
			</front>
			<text>
				<content>
					<paragraph>
						<pTitle type="기사명">女子界社 姉妹諸氏에게</pTitle>
						<name role="필자">靜波</name>
					</paragraph>
				</content>
			</text>
		</level3>
		<level3 id="ma_082_0040_0080">
			<front>
				<biblioData>
					<title>
						<mainTitle>女子界를 歡迎함</mainTitle>
					</title>
					<creator>
						<author>
							<name>公州 安明淑</name>
						</author>
					</creator>
					<subjectClass code="ma00"/>
				</biblioData>
			</front>
			<text>
				<content>
					<paragraph>
						<pTitle type="기사명">女子界를 歡迎함</pTitle>
						<name role="필자">公州 安明淑</name>
					</paragraph>
				</content>
			</text>
		</level3>
		<level3 id="ma_082_0040_0090">
			<front>
				<biblioData>
					<title>
						<mainTitle>우리는 女子다</mainTitle>
					</title>
					<creator>
						<author>
							<name>金弼愛</name>
						</author>
					</creator>
					<subjectClass code="ma00"/>
				</biblioData>
			</front>
			<text>
				<content>
					<paragraph>
						<pTitle type="기사명">우리는 女子다</pTitle>
						<name role="필자">金弼愛</name>
					</paragraph>
				</content>
			</text>
		</level3>
		<level3 id="ma_082_0040_0100">
			<front>
				<biblioData>
					<title>
						<mainTitle>아기 어루는 노래</mainTitle>
					</title>
					<creator>
						<author>
							<name>極光</name>
						</author>
					</creator>
					<subjectClass code="ma00"/>
				</biblioData>
			</front>
			<text>
				<content>
					<paragraph>
						<pTitle type="기사명">아기 어루는 노래</pTitle>
						<name role="필자">極光</name>
					</paragraph>
				</content>
			</text>
		</level3>
		<level3 id="ma_082_0040_0110">
			<front>
				<biblioData>
					<title>
						<mainTitle>碧鳩(詩)</mainTitle>
					</title>
					<creator>
						<author>
							<name>象牙塔</name>
						</author>
					</creator>
					<subjectClass code="ma00"/>
				</biblioData>
			</front>
			<text>
				<content>
					<paragraph>
						<pTitle type="기사명">碧鳩</pTitle>
						<name role="필자">象牙塔</name>
					</paragraph>
				</content>
			</text>
		</level3>
		<level3 id="ma_082_0040_0120">
			<front>
				<biblioData>
					<title>
						<mainTitle>婦人金句</mainTitle>
					</title>
					<creator>
						<author>
							<name>春光</name>
						</author>
					</creator>
					<subjectClass code="ma00"/>
				</biblioData>
			</front>
			<text>
				<content>
					<paragraph>
						<pTitle type="기사명">婦人金句</pTitle>
						<name role="필자">春光</name>
					</paragraph>
				</content>
			</text>
		</level3>
		<level3 id="ma_082_0040_0130">
			<front>
				<biblioData>
					<title>
						<mainTitle>새 世界가 다시 왓네</mainTitle>
					</title>
					<creator>
						<author>
							<name>玄德信</name>
						</author>
					</creator>
					<subjectClass code="ma00"/>
				</biblioData>
			</front>
			<text>
				<content>
					<paragraph>
						<pTitle type="기사명">새 世界가 다시 왓네</pTitle>
						<name role="필자">玄德信</name>
					</paragraph>
				</content>
			</text>
		</level3>
		<level3 id="ma_082_0040_0140">
			<front>
				<biblioData>
					<title>
						<mainTitle>可憐한 고양이 家庭</mainTitle>
					</title>
					<creator>
						<author>
							<name>竹松</name>
						</author>
					</creator>
					<subjectClass code="ma00"/>
				</biblioData>
			</front>
			<text>
				<content>
					<paragraph>
						<pTitle type="기사명">可憐한 고양이 家庭</pTitle>
						<name role="필자">竹松</name>
					</paragraph>
				</content>
			</text>
		</level3>
		<level3 id="ma_082_0040_0150">
			<front>
				<biblioData>
					<title>
						<mainTitle>아가 우지마라</mainTitle>
					</title>
					<creator>
						<author>
							<name>武鄕</name>
						</author>
					</creator>
					<subjectClass code="ma00"/>
				</biblioData>
			</front>
			<text>
				<content>
					<paragraph>
						<pTitle type="기사명">아가 우지마라</pTitle>
						<name role="필자">武鄕</name>
					</paragraph>
				</content>
			</text>
		</level3>
		<level3 id="ma_082_0040_0160">
			<front>
				<biblioData>
					<title>
						<mainTitle>어제밤 꿈</mainTitle>
					</title>
					<creator>
						<author>
							<name>秋川</name>
						</author>
					</creator>
					<subjectClass code="ma00"/>
				</biblioData>
			</front>
			<text>
				<content>
					<paragraph>
						<pTitle type="기사명">어제밤 꿈</pTitle>
						<name role="필자">秋川</name>
					</paragraph>
				</content>
			</text>
		</level3>
		<level3 id="ma_082_0040_0170">
			<front>
				<biblioData>
					<title>
						<mainTitle>中國女子의 굿은 절개(續)</mainTitle>
					</title>
					<creator>
						<author>
							<name>영준</name>
						</author>
					</creator>
					<subjectClass code="ma00"/>
				</biblioData>
			</front>
			<text>
				<content>
					<paragraph>
						<pTitle type="기사명">中國女子의 굿은 절개</pTitle>
						<name role="필자">영준</name>
					</paragraph>
				</content>
			</text>
		</level3>
		<level3 id="ma_082_0040_0180">
			<front>
				<biblioData>
					<title>
						<mainTitle>英姬의 一生(1)</mainTitle>
					</title>
					<creator>
						<author>
							<name>望洋草</name>
						</author>
					</creator>
					<subjectClass code="ma00"/>
				</biblioData>
			</front>
			<text>
				<content>
					<paragraph>
						<pTitle type="기사명">英姬의 一生</pTitle>
						<name role="필자">望洋草</name>
					</paragraph>
				</content>
			</text>
		</level3>
		<level3 id="ma_082_0040_0190">
			<front>
				<biblioData>
					<title>
						<mainTitle>消息</mainTitle>
					</title>
					<subjectClass code="ma00"/>
				</biblioData>
			</front>
			<text>
				<content>
					<paragraph>
						<pTitle type="기사명">消息</pTitle>
					</paragraph>
				</content>
			</text>
		</level3>
		<level3 id="ma_082_0040_0200">
			<front>
				<biblioData>
					<title>
						<mainTitle>寄附</mainTitle>
					</title>
					<subjectClass code="ma00"/>
				</biblioData>
			</front>
			<text>
				<content>
					<paragraph>
						<pTitle type="기사명">寄附</pTitle>
					</paragraph>
				</content>
			</text>
		</level3>
		<level3 id="ma_082_0040_0210">
			<front>
				<biblioData>
					<title>
						<mainTitle>학흥회주최로 市外散步</mainTitle>
					</title>
					<subjectClass code="ma00"/>
				</biblioData>
			</front>
			<text>
				<content>
					<paragraph>
						<pTitle type="기사명">학흥회주최로 市外散步</pTitle>
					</paragraph>
				</content>
			</text>
		</level3>
		<level3 id="ma_082_0040_0220">
			<front>
				<biblioData>
					<title>
						<mainTitle>여자청년회 신입생 환영회에 된 일</mainTitle>
					</title>
					<subjectClass code="ma00"/>
				</biblioData>
			</front>
			<text>
				<content>
					<paragraph>
						<pTitle type="기사명">여자청년회 신입생 환영회에 된 일</pTitle>
					</paragraph>
				</content>
			</text>
		</level3>
	</level2>
	<level2 id="ma_082_0050">
		<front>
			<biblioData>
				<title>
					<mainTitle volume="제6호">여자계 제6호</mainTitle>
				</title>
				<publication>
					<publisher/>
					<dateIssued date="1921-01-11">1921년 1월 11일</dateIssued>
				</publication>
			</biblioData>
		</front>
		<level3 id="ma_082_0050_0010">
			<front>
				<biblioData>
					<title>
						<mainTitle>새로 오신 여러 형님에게</mainTitle>
					</title>
					<creator>
						<author>
							<name>李良善</name>
						</author>
					</creator>
					<subjectClass code="ma00"/>
				</biblioData>
			</front>
			<text>
				<content>
					<paragraph>
						<pTitle type="기사명">새로 오신 여러 형님에게</pTitle>
						<name role="필자">李良善</name>
					</paragraph>
				</content>
			</text>
		</level3>
		<level3 id="ma_082_0050_0020">
			<front>
				<biblioData>
					<title>
						<mainTitle>兩性의 地位와 貞操의 道德的 價値</mainTitle>
					</title>
					<creator>
						<author>
							<name>崔元淳</name>
						</author>
					</creator>
					<subjectClass code="ma00"/>
				</biblioData>
			</front>
			<text>
				<content>
					<paragraph>
						<pTitle type="기사명">兩性의 地位와 貞操의 道德的 價値</pTitle>
						<name role="필자">崔元淳</name>
					</paragraph>
				</content>
			</text>
		</level3>
		<level3 id="ma_082_0050_0030">
			<front>
				<biblioData>
					<title>
						<mainTitle>女子의 自覺</mainTitle>
					</title>
					<creator>
						<author>
							<name>秋菊</name>
						</author>
					</creator>
					<subjectClass code="ma00"/>
				</biblioData>
			</front>
			<text>
				<content>
					<paragraph>
						<pTitle type="기사명">女子의 自覺</pTitle>
						<name role="필자">秋菊</name>
					</paragraph>
				</content>
			</text>
		</level3>
		<level3 id="ma_082_0050_0040">
			<front>
				<biblioData>
					<title>
						<mainTitle>男女相互補短에 就하야</mainTitle>
					</title>
					<creator>
						<author>
							<name>徐椿</name>
						</author>
					</creator>
					<subjectClass code="ma00"/>
				</biblioData>
			</front>
			<text>
				<content>
					<paragraph>
						<pTitle type="기사명">男女相互補短에 就하야</pTitle>
						<name role="필자">徐椿</name>
					</paragraph>
				</content>
			</text>
		</level3>
		<level3 id="ma_082_0050_0050">
			<front>
				<biblioData>
					<title>
						<mainTitle>우리의 運命은 어대 잇소</mainTitle>
					</title>
					<creator>
						<author>
							<name>金良</name>
						</author>
					</creator>
					<subjectClass code="ma00"/>
				</biblioData>
			</front>
			<text>
				<content>
					<paragraph>
						<pTitle type="기사명">우리의 運命은 어대 잇소</pTitle>
						<name role="필자">金良</name>
					</paragraph>
				</content>
			</text>
		</level3>
		<level3 id="ma_082_0050_0060">
			<front>
				<biblioData>
					<title>
						<mainTitle>男女交際에 對하야</mainTitle>
					</title>
					<creator>
						<author>
							<name>星</name>
						</author>
					</creator>
					<subjectClass code="ma00"/>
				</biblioData>
			</front>
			<text>
				<content>
					<paragraph>
						<pTitle type="기사명">男女交際에 對하야</pTitle>
						<name role="필자">星</name>
					</paragraph>
				</content>
			</text>
		</level3>
		<level3 id="ma_082_0050_0070">
			<front>
				<biblioData>
					<title>
						<mainTitle>우리의 煩悶</mainTitle>
					</title>
					<creator>
						<author>
							<name>ML生</name>
						</author>
					</creator>
					<subjectClass code="ma00"/>
				</biblioData>
			</front>
			<text>
				<content>
					<paragraph>
						<pTitle type="기사명">우리의 煩悶</pTitle>
						<name role="필자">ML生</name>
					</paragraph>
				</content>
			</text>
		</level3>
		<level3 id="ma_082_0050_0080">
			<front>
				<biblioData>
					<title>
						<mainTitle>朝鮮靑年女子의 希望</mainTitle>
					</title>
					<creator>
						<author>
							<name>範</name>
						</author>
					</creator>
					<subjectClass code="ma00"/>
				</biblioData>
			</front>
			<text>
				<content>
					<paragraph>
						<pTitle type="기사명">朝鮮靑年女子의 希望</pTitle>
						<name role="필자">範</name>
					</paragraph>
				</content>
			</text>
		</level3>
		<level3 id="ma_082_0050_0090">
			<front>
				<biblioData>
					<title>
						<mainTitle>結婚과 戀愛</mainTitle>
					</title>
					<creator>
						<author>
							<name>玉露</name>
						</author>
					</creator>
					<subjectClass code="ma00"/>
				</biblioData>
			</front>
			<text>
				<content>
					<paragraph>
						<pTitle type="기사명">結婚과 戀愛</pTitle>
						<name role="필자">玉露</name>
					</paragraph>
				</content>
			</text>
		</level3>
		<level3 id="ma_082_0050_0100">
			<front>
				<biblioData>
					<title>
						<mainTitle>女子의 自覺과 男子의 反省을 叫함</mainTitle>
					</title>
					<creator>
						<author>
							<name>MC生</name>
						</author>
					</creator>
					<subjectClass code="ma00"/>
				</biblioData>
			</front>
			<text>
				<content>
					<paragraph>
						<pTitle type="기사명">女子의 自覺과 男子의 反省을 叫함</pTitle>
						<name role="필자">MC生</name>
					</paragraph>
				</content>
			</text>
		</level3>
		<level3 id="ma_082_0050_0110">
			<front>
				<biblioData>
					<title>
						<mainTitle>舊友를 生覺하면서</mainTitle>
					</title>
					<creator>
						<author>
							<name>雪舟</name>
						</author>
					</creator>
					<subjectClass code="ma00"/>
				</biblioData>
			</front>
			<text>
				<content>
					<paragraph>
						<pTitle type="기사명">舊友를 生覺하면서</pTitle>
						<name role="필자">雪舟</name>
					</paragraph>
				</content>
			</text>
		</level3>
		<level3 id="ma_082_0050_0120">
			<front>
				<biblioData>
					<title>
						<mainTitle>警醒</mainTitle>
					</title>
					<creator>
						<author>
							<name>信</name>
						</author>
					</creator>
					<subjectClass code="ma00"/>
				</biblioData>
			</front>
			<text>
				<content>
					<paragraph>
						<pTitle type="기사명">警醒</pTitle>
						<name role="필자">信</name>
					</paragraph>
				</content>
			</text>
		</level3>
		<level3 id="ma_082_0050_0130">
			<front>
				<biblioData>
					<title>
						<mainTitle>婦人金句</mainTitle>
					</title>
					<creator>
						<author>
							<name>玄德信</name>
						</author>
					</creator>
					<subjectClass code="ma00"/>
				</biblioData>
			</front>
			<text>
				<content>
					<paragraph>
						<pTitle type="기사명">婦人金句</pTitle>
						<name role="필자">玄德信</name>
					</paragraph>
				</content>
			</text>
		</level3>
		<level3 id="ma_082_0050_0140">
			<front>
				<biblioData>
					<title>
						<mainTitle>어린 英淳에게(小說)</mainTitle>
					</title>
					<creator>
						<author>
							<name>惟香</name>
						</author>
					</creator>
					<subjectClass code="ma00"/>
				</biblioData>
			</front>
			<text>
				<content>
					<paragraph>
						<pTitle type="기사명">어린 英淳에게</pTitle>
						<name role="필자">惟香</name>
					</paragraph>
				</content>
			</text>
		</level3>
		<level3 id="ma_082_0050_0150">
			<front>
				<biblioData>
					<title>
						<mainTitle>編輯餘言</mainTitle>
					</title>
					<subjectClass code="ma00"/>
				</biblioData>
			</front>
			<text>
				<content>
					<paragraph>
						<pTitle type="기사명">編輯餘言</pTitle>
					</paragraph>
				</content>
			</text>
		</level3>
		<level3 id="ma_082_0050_0160">
			<front>
				<biblioData>
					<title>
						<mainTitle>消息</mainTitle>
					</title>
					<subjectClass code="ma00"/>
				</biblioData>
			</front>
			<text>
				<content>
					<paragraph>
						<pTitle type="기사명">消息</pTitle>
					</paragraph>
				</content>
			</text>
		</level3>
		<level3 id="ma_082_0050_0170">
			<front>
				<biblioData>
					<title>
						<mainTitle>寄附</mainTitle>
					</title>
					<subjectClass code="ma00"/>
				</biblioData>
			</front>
			<text>
				<content>
					<paragraph>
						<pTitle type="기사명">寄附</pTitle>
					</paragraph>
				</content>
			</text>
		</level3>
		<level3 id="ma_082_0050_0180">
			<front>
				<biblioData>
					<title>
						<mainTitle>그리스마스 及 忘年會</mainTitle>
					</title>
					<subjectClass code="ma00"/>
				</biblioData>
			</front>
			<text>
				<content>
					<paragraph>
						<pTitle type="기사명">그리스마스 及 忘年會</pTitle>
					</paragraph>
				</content>
			</text>
		</level3>
	</level2>
</level1>
