<?xml version="1.0" encoding="UTF-8"?>
<!DOCTYPE level1 SYSTEM "history.dtd">
<level1 id="ma_088">
	<front>
		<biblioData type="목차제공잡지">
			<title>
				<mainTitle>쩌날리즘</mainTitle>
			</title>
			<binderPeriod begin="1935-09-01" end="1935-09-01"/>
		</biblioData>
		<description>
			<biblioExplanation groupID="02" groupName="일제시기 잡지 해제" id="ma_088_exp" name="쩌날리즘">
				<content>
					<paragraph>1935년 9월 1일 쩌날리즘社가 창간한 언론전문지. 제1호가 발행되는데 그치고 말았다. 4·6배판으로 가격은 20전. 발행인은 송태형(宋泰亨)이다. 관훈클럽 신영연구기금(信永硏究基金)에서 1992년 발행한 한국언론전문지총서 중 제2권으로 영인되어 나왔다.   편집후기에 따르면 창간 목적은 '신문사의 선행이나 죄악을 대중 앞에 포양(　揚)하거나 폭로하는 데 있는 것이 아니라, 쩌날리즘을 토구간명(討究簡明)하고 또는 일반에게 신문잡지의 과학적 지식을 보급케 하자'는 데 있었다고 한다. 창간호의 내용은 대체로 분류하자면 다음과 같다. 우선 출발선상에 선 언론전문지로서의 자기점검을 위한 언론사(言論史)로서 안재홍(安在鴻)의 「新聞史草 오십년간의 회고」라는 연재물의 첫회가 실려 있다. 그리고 당시 언론활동을 옥죄던 신문지법(新聞紙法)과 출판법(出版法)의 개정을 요구하는 변호사 이인(李仁)의 「신문·출판 양법의 비판과 개정의 긴급」이라는 글이 실려 있다. 유광렬(柳光烈)의 「기자생활의 고락」이라는 글은 당시의 기자상을 가늠할 수 있도록 해 준다. 조선일보·동아일보·조선중앙일보·매일신보 등 당시 대표적인 신문들이 다투어 창간축하광고를 실은 반면에, 축사를 직접 게재한 것은 일본전보통신기자 최규설(崔圭卨), 신문연합사 최기섭(崔基涉), 한말부터 언론계 활동을 하면서 언론계 대부역할을 하던 천도교 구파의 이종린(李鍾麟) 등이었다.  창간호에서 가장 주목할 만한 기사는 특집인데, 당시 언론계의 고질적인 갈등이던 조선일보 대 동아일보 간의 '전쟁'(戰爭)이 보성전문학교 문제를 계기로 더욱 악화되어가는 상황을 상세히 분석하였다. 심판자라는 필명으로 「동아대조선전의 진상급기비판」이라는 글을 싣고 있는 것은 물론, 김활란(金活蘭), 한용운(韓龍雲), 김약수(金若水) 등 각계 인사의 분쟁에 대한 비판문을 싣고 있다. 또한 조선일보는 기존의 운전수를 내보내고 굳이 평북 정주로부터 운전수를 채용하는 등 노골적인 지방색을 드러내어 세간의 비판이 되었으며 동아일보 사장 송진우(宋鎭禹)는 번번히 평안도 출신의 언론인으로부터 배신을 당하거나 배척을 당하는 사건이 발생한다고 하여 신문사간의 지역갈등을 구체적인 사례를 들어 문제삼고 있기도 하다. 언론상식과 관련한 기사들도 풍부하게 싣고 있는 편인데, 각국의 기자양성과 관련된 각종시설들, 일본의 출판도서의 종류와 수량, 나치정부의 기자법(記者法), 세계통신망 소개 등이 실려 있다. 그리고 「쩌날리즘강좌」라는 연재물을 통해서는 저널리즘에 대한 이론적 접근을 시도하겠다는 의지를 피력하고 있다.   한편 1935년 7월 초 조선일보사가 주최한 신문전람회에 관한 관람기를 실었는데, 쩌날리즘사는 당시 출품되었던 조보(朝報), 한성순보(漢城旬報), 황성신문(皇城新聞) 등의 창간호의 사진을 판매하여 수익을 올리기도 했다. 또한 전국적으로 지사모집을 한다는 광고를 실었다. 편집후기에 따르면 창간호에 게재하기로 한 세계신문사(世界新聞史), 문학과 저널리즘, 각 신문사의 진용 등은 다음호에 실을 예정이며 문예, 극, 영화 등도 다음호부터 취급한다고 밝혔다. 1930년에 창간되었던 철필(鐵筆)과 비슷한 성격의 언론전문지인 쩌날리즘은 결국 1호의 단명에 그쳤고 이후 일제 강점기에는 언론전문지가 다시는 등장하지 않았다.</paragraph>
				</content>
			</biblioExplanation>
		</description>
	</front>
	<level2 id="ma_088_0010">
		<front>
			<biblioData>
				<title>
					<mainTitle volume="제1호">쩌날리즘 제1호</mainTitle>
				</title>
				<publication>
					<publisher/>
					<dateIssued date="1935-09-01">1935년 9월 1일</dateIssued>
				</publication>
			</biblioData>
		</front>
		<level3 id="ma_088_0010_0010">
			<front>
				<biblioData>
					<title>
						<mainTitle>卷頭言</mainTitle>
						<alternative lang="kor">권두언</alternative>
					</title>
					<subjectClass code="ma00"/>
				</biblioData>
			</front>
			<text>
				<content>
					<paragraph>
						<pTitle type="기사명">卷頭言 (권두언)</pTitle>
					</paragraph>
				</content>
			</text>
		</level3>
		<level3 id="ma_088_0010_0020">
			<front>
				<biblioData>
					<title>
						<mainTitle>祝創刊</mainTitle>
						<alternative lang="kor">축창간</alternative>
					</title>
					<creator>
						<author>
							<name>日本電報通信記者 崔圭卨</name>
							<name lang="kor">일본전보통신기자 최규설</name>
						</author>
					</creator>
					<subjectClass code="ma00"/>
				</biblioData>
			</front>
			<text>
				<content>
					<paragraph>
						<pTitle type="기사명">祝創刊 (축창간)</pTitle>
						<name role="필자">日本電報通信記者 崔圭卨</name>
					</paragraph>
				</content>
			</text>
		</level3>
		<level3 id="ma_088_0010_0030">
			<front>
				<biblioData>
					<title>
						<mainTitle>祝辭</mainTitle>
						<alternative lang="kor">축사</alternative>
					</title>
					<creator>
						<author>
							<name>新聞聯合社 崔基涉</name>
							<name lang="kor">신문련합사 최기섭</name>
						</author>
					</creator>
					<subjectClass code="ma00"/>
				</biblioData>
			</front>
			<text>
				<content>
					<paragraph>
						<pTitle type="기사명">祝辭 (축사)</pTitle>
						<name role="필자">新聞聯合社 崔基涉</name>
					</paragraph>
				</content>
			</text>
		</level3>
		<level3 id="ma_088_0010_0040">
			<front>
				<biblioData>
					<title>
						<mainTitle>祝 쩌날리즘 創刊</mainTitle>
						<alternative lang="kor">축 쩌날리즘 창간</alternative>
					</title>
					<creator>
						<author>
							<name>天道敎 李鍾麟</name>
							<name lang="kor">천도교 이종린</name>
						</author>
					</creator>
					<subjectClass code="ma00"/>
				</biblioData>
			</front>
			<text>
				<content>
					<paragraph>
						<pTitle type="기사명">祝 쩌날리즘 創刊 (축 쩌날리즘 창간)</pTitle>
						<name role="필자">天道敎 李鍾麟</name>
					</paragraph>
				</content>
			</text>
		</level3>
		<level3 id="ma_088_0010_0050">
			<front>
				<biblioData>
					<title>
						<mainTitle>新聞史草, 五十年間의 回顧(1)</mainTitle>
						<alternative lang="kor">신문사초, 오십년간의 회고(1)</alternative>
					</title>
					<creator>
						<author>
							<name>安在鴻</name>
							<name lang="kor">안재홍</name>
						</author>
					</creator>
					<subjectClass code="ma00"/>
				</biblioData>
			</front>
			<text>
				<content>
					<paragraph>
						<pTitle type="기사명">新聞史草, 五十年間의 回顧(1) (신문사초, 오십년간의 회고(1))</pTitle>
						<name role="필자">安在鴻</name>
					</paragraph>
				</content>
			</text>
		</level3>
		<level3 id="ma_088_0010_0060">
			<front>
				<biblioData>
					<title>
						<mainTitle>記者養成機關 各種施設</mainTitle>
						<alternative lang="kor">기자양성기관 각종시설</alternative>
					</title>
					<subjectClass code="ma00"/>
				</biblioData>
			</front>
			<text>
				<content>
					<paragraph>
						<pTitle type="기사명">記者養成機關 各種施設 (기자양성기관 각종시설)</pTitle>
					</paragraph>
				</content>
			</text>
		</level3>
		<level3 id="ma_088_0010_0070">
			<front>
				<biblioData>
					<title>
						<mainTitle>新聞出版兩法의 批判과 改正의 緊急</mainTitle>
						<alternative lang="kor">신문출판량법의 비판과 개정의 긴급</alternative>
					</title>
					<creator>
						<author>
							<name>李仁</name>
							<name lang="kor">이인</name>
						</author>
					</creator>
					<subjectClass code="ma00"/>
				</biblioData>
			</front>
			<text>
				<content>
					<paragraph>
						<pTitle type="기사명">新聞出版兩法의 批判과 改正의 緊急 (신문출판량법의 비판과 개정의 긴급)</pTitle>
						<name role="필자">李仁</name>
					</paragraph>
				</content>
			</text>
		</level3>
		<level3 id="ma_088_0010_0080">
			<front>
				<biblioData>
					<title>
						<mainTitle>世界의 通信網</mainTitle>
						<alternative lang="kor">세계의 통신망</alternative>
					</title>
					<creator>
						<author>
							<name>一記者</name>
							<name lang="kor">일기자</name>
						</author>
					</creator>
					<subjectClass code="ma00"/>
				</biblioData>
			</front>
			<text>
				<content>
					<paragraph>
						<pTitle type="기사명">世界의 通信網 (세계의 통신망)</pTitle>
						<name role="필자">一記者</name>
					</paragraph>
				</content>
			</text>
		</level3>
		<level3 id="ma_088_0010_0090">
			<front>
				<biblioData>
					<title>
						<mainTitle>記者生活의 苦樂</mainTitle>
						<alternative lang="kor">기자생활의 고악</alternative>
					</title>
					<creator>
						<author>
							<name>柳光烈</name>
							<name lang="kor">류광렬</name>
						</author>
					</creator>
					<subjectClass code="ma00"/>
				</biblioData>
			</front>
			<text>
				<content>
					<paragraph>
						<pTitle type="기사명">記者生活의 苦樂 (기자생활의 고악)</pTitle>
						<name role="필자">柳光烈</name>
					</paragraph>
				</content>
			</text>
		</level3>
		<level3 id="ma_088_0010_0100">
			<front>
				<biblioData>
					<title>
						<mainTitle>謝告</mainTitle>
						<alternative lang="kor">사고</alternative>
					</title>
					<subjectClass code="ma00"/>
				</biblioData>
			</front>
			<text>
				<content>
					<paragraph>
						<pTitle type="기사명">謝告 (사고)</pTitle>
					</paragraph>
				</content>
			</text>
		</level3>
		<level3 id="ma_088_0010_0110">
			<front>
				<biblioData>
					<title>
						<mainTitle>朝鮮對東亞戰에 對한 各界人士의 批判</mainTitle>
						<alternative lang="kor">조선대동아전에 대한 각계인사의 비판</alternative>
					</title>
					<creator>
						<author>
							<name>權東鎭, 尹益善, 兪鎭泰, 金活蘭, 韓龍雲, 李鍾麟, 金若水, 楊潤植</name>
							<name lang="kor">권동진, 윤익선, 유진태, 김활란, 한룡운, 이종린, 김약수, 양윤식</name>
						</author>
					</creator>
					<subjectClass code="ma00"/>
				</biblioData>
			</front>
			<text>
				<content>
					<paragraph>
						<pTitle type="기사명">朝鮮對東亞戰에 對한 各界人士의 批判 (조선대동아전에 대한 각계인사의 비판)</pTitle>
						<name role="필자">權東鎭, 尹益善, 兪鎭泰, 金活蘭, 韓龍雲, 李鍾麟, 金若水, 楊潤植</name>
					</paragraph>
				</content>
			</text>
		</level3>
		<level3 id="ma_088_0010_0120">
			<front>
				<biblioData>
					<title>
						<mainTitle>東亞對朝鮮戰의 眞相及其批判</mainTitle>
						<alternative lang="kor">동아대조선전의 진상급기비판</alternative>
					</title>
					<creator>
						<author>
							<name>審判子</name>
							<name lang="kor">심판자</name>
						</author>
					</creator>
					<subjectClass code="ma00"/>
				</biblioData>
			</front>
			<text>
				<content>
					<paragraph>
						<pTitle type="기사명">東亞對朝鮮戰의 眞相及其批判 (동아대조선전의 진상급기비판)</pTitle>
						<name role="필자">審判子</name>
					</paragraph>
				</content>
			</text>
		</level3>
		<level3 id="ma_088_0010_0130">
			<front>
				<biblioData>
					<title>
						<mainTitle>呂運亨氏 一代의 幸運</mainTitle>
						<alternative lang="kor">려운형씨 일대의 행운</alternative>
					</title>
					<subjectClass code="ma00"/>
				</biblioData>
			</front>
			<text>
				<content>
					<paragraph>
						<pTitle type="기사명">呂運亨氏 一代의 幸運 (려운형씨 일대의 행운)</pTitle>
					</paragraph>
				</content>
			</text>
		</level3>
		<level3 id="ma_088_0010_0140">
			<front>
				<biblioData>
					<title>
						<mainTitle>巷間에 떠도는 말</mainTitle>
						<alternative lang="kor">항간에 떠도는 말</alternative>
					</title>
					<subjectClass code="ma00"/>
				</biblioData>
			</front>
			<text>
				<content>
					<paragraph>
						<pTitle type="기사명">巷間에 떠도는 말 (항간에 떠도는 말)</pTitle>
					</paragraph>
				</content>
			</text>
		</level3>
		<level3 id="ma_088_0010_0150">
			<front>
				<biblioData>
					<title>
						<mainTitle>古新聞關係의 珍品寫眞發賣</mainTitle>
						<alternative lang="kor">고신문관계의 진품사진발매</alternative>
					</title>
					<subjectClass code="ma00"/>
				</biblioData>
			</front>
			<text>
				<content>
					<paragraph>
						<pTitle type="기사명">古新聞關係의 珍品寫眞發賣 (고신문관계의 진품사진발매)</pTitle>
					</paragraph>
				</content>
			</text>
		</level3>
		<level3 id="ma_088_0010_0160">
			<front>
				<biblioData>
					<title>
						<mainTitle>風針</mainTitle>
						<alternative lang="kor">풍침</alternative>
					</title>
					<subjectClass code="ma00"/>
				</biblioData>
			</front>
			<text>
				<content>
					<paragraph>
						<pTitle type="기사명">風針 (풍침)</pTitle>
					</paragraph>
				</content>
			</text>
		</level3>
		<level3 id="ma_088_0010_0170">
			<front>
				<biblioData>
					<title>
						<mainTitle>各社의 人事消息(6月 以後)</mainTitle>
						<alternative lang="kor">각사의 인사소식(6월 이후)</alternative>
					</title>
					<subjectClass code="ma00"/>
				</biblioData>
			</front>
			<text>
				<content>
					<paragraph>
						<pTitle type="기사명">各社의 人事消息(6月 以後) (각사의 인사소식(6월 이후))</pTitle>
					</paragraph>
				</content>
			</text>
		</level3>
		<level3 id="ma_088_0010_0180">
			<front>
				<biblioData>
					<title>
						<mainTitle>日本內地 出版圖書種類 及 그 數의 比較</mainTitle>
						<alternative lang="kor">일본내지 출판도서종류 급 그 수의 비교</alternative>
					</title>
					<subjectClass code="ma00"/>
				</biblioData>
			</front>
			<text>
				<content>
					<paragraph>
						<pTitle type="기사명">日本內地 出版圖書種類 及 그 數의 比較 (일본내지 출판도서종류 급 그 수의 비교)</pTitle>
					</paragraph>
				</content>
			</text>
		</level3>
		<level3 id="ma_088_0010_0190">
			<front>
				<biblioData>
					<title>
						<mainTitle>新聞展覽會觀覽記</mainTitle>
						<alternative lang="kor">신문전람회관람기</alternative>
					</title>
					<creator>
						<author>
							<name>海嘯生</name>
							<name lang="kor">해소생</name>
						</author>
					</creator>
					<subjectClass code="ma00"/>
				</biblioData>
			</front>
			<text>
				<content>
					<paragraph>
						<pTitle type="기사명">新聞展覽會觀覽記 (신문전람회관람기)</pTitle>
						<name role="필자">海嘯生</name>
					</paragraph>
				</content>
			</text>
		</level3>
		<level3 id="ma_088_0010_0200">
			<front>
				<biblioData>
					<title>
						<mainTitle>方應謨氏 得意의 秋</mainTitle>
						<alternative lang="kor">방응모씨 득의의 추</alternative>
					</title>
					<subjectClass code="ma00"/>
				</biblioData>
			</front>
			<text>
				<content>
					<paragraph>
						<pTitle type="기사명">方應謨氏 得意의 秋 (방응모씨 득의의 추)</pTitle>
					</paragraph>
				</content>
			</text>
		</level3>
		<level3 id="ma_088_0010_0210">
			<front>
				<biblioData>
					<title>
						<mainTitle>新聞界 雜報</mainTitle>
						<alternative lang="kor">신문계 잡보</alternative>
					</title>
					<subjectClass code="ma00"/>
				</biblioData>
			</front>
			<text>
				<content>
					<paragraph>
						<pTitle type="기사명">新聞界 雜報 (신문계 잡보)</pTitle>
					</paragraph>
				</content>
			</text>
		</level3>
		<level3 id="ma_088_0010_0220">
			<front>
				<biblioData>
					<title>
						<mainTitle>쩌날리즘講座</mainTitle>
						<alternative lang="kor">쩌날리즘강좌</alternative>
					</title>
					<creator>
						<author>
							<name>Y生</name>
							<name lang="kor">Y생</name>
						</author>
					</creator>
					<subjectClass code="ma00"/>
				</biblioData>
			</front>
			<text>
				<content>
					<paragraph>
						<pTitle type="기사명">쩌날리즘講座 (쩌날리즘강좌)</pTitle>
						<name role="필자">Y生</name>
					</paragraph>
				</content>
			</text>
		</level3>
		<level3 id="ma_088_0010_0230">
			<front>
				<biblioData>
					<title>
						<mainTitle>宋鎭禹氏 怒髮 裂眦</mainTitle>
						<alternative lang="kor">송진우씨 노발 렬제</alternative>
					</title>
					<subjectClass code="ma00"/>
				</biblioData>
			</front>
			<text>
				<content>
					<paragraph>
						<pTitle type="기사명">宋鎭禹氏 怒髮 裂眦 (송진우씨 노발 렬제)</pTitle>
					</paragraph>
				</content>
			</text>
		</level3>
		<level3 id="ma_088_0010_0240">
			<front>
				<biblioData>
					<title>
						<mainTitle>나치스政府의 記者法</mainTitle>
						<alternative lang="kor">나치스정부의 기자법</alternative>
					</title>
					<subjectClass code="ma00"/>
				</biblioData>
			</front>
			<text>
				<content>
					<paragraph>
						<pTitle type="기사명">나치스政府의 記者法 (나치스정부의 기자법)</pTitle>
					</paragraph>
				</content>
			</text>
		</level3>
		<level3 id="ma_088_0010_0250">
			<front>
				<biblioData>
					<title>
						<mainTitle>編輯後記</mainTitle>
						<alternative lang="kor">편집후기</alternative>
					</title>
					<subjectClass code="ma00"/>
				</biblioData>
			</front>
			<text>
				<content>
					<paragraph>
						<pTitle type="기사명">編輯後記 (편집후기)</pTitle>
					</paragraph>
				</content>
			</text>
		</level3>
	</level2>
</level1>
