<?xml version="1.0" encoding="UTF-8"?>
<!DOCTYPE level1 SYSTEM "history.dtd">
<level1 id="ma_067">
	<front>
		<biblioData type="목차제공잡지">
			<title>
				<mainTitle>동방평론</mainTitle>
			</title>
			<binderPeriod begin="1932-04-00" end="1932-05-00"/>
		</biblioData>
		<description>
			<biblioExplanation groupID="02" groupName="일제시기 잡지 해제" id="ma_067_exp" name="동방평론 東方評論">
				<content>
					<paragraph>1932년 4월 9일 창간되어 동년 7월 1일 통권 3호로 종간된 평론지. 편집겸 발행인은 백관수(白寬洙)이며 인쇄인은 한경집(韓景執), 발행소는 동방평론사(東方評論社)이다. 1982년 현대사에서 1책으로(창간호와 제2호) 영인하였다. 백관수는 2·8독립선언에 참여한 인물이며 이후 국내의 물산장려운동, 조선사정연구회, 신간회, 조선일보 기자, 동아일보 사장으로 활동한 인물이다.   창간사에서는 "세계의 동향은 동방에서 준비된자. 극동평화를 부르짖은지 이미 오래이나 태평양이 현재 열강의 선구이거늘 군축의 효과를 뉘라서 보장할 것이며 인류애를 말하는 자 많으나 아세아대륙이 제국주의의 영양이어늘 공존공영의 허위를 뉘라서 부인하리오! ...(중략)...동방의 일환인 조선의 국제적 지위가 특수한 점을 혹은 행이라 말한다면 현하정세로서 공황, 실업, 유리, 기아등 사회생활의 불안을 불행이라고 말하지 않을 수 없을 것이다. 그럼으로 동방민족의 국제적 정세를 대관하는 자 반드시 조선민족의 현세를 간과하지 못할 것이며 식민지 급(及) 반식민지의 사회과정을 응시하는 자 또한 조선노동대중의 동향을 묵살하지 못할 것이다. 자에 오인은 동방민족의 사회적 동태를 소개함으로써 조선의 현세를 파악하려고 그것을 비평함으로써 대중의 주의를 환기하려 하며 그것으로써 한길을 밟아가려는 것이 본지의 사명이다."라 하고 있다.   창간호는 논문, 연구와 그 자료, 정치, 어문연구, 문예란으로 구분되어 있고, 논문에는 김양수(金良洙)의 「연맹군축회의와 전망」, 함상훈(咸尙勳)의 「원탁회의 후의 영인(英印)관계」, 이여성(李如星)의 「조선과 외지와의 금융왕래」, 김우평(金佑枰)의 「총선거와 현하 일본의 정정(政情)」, 고영환(高永煥)의 「만주의 근세사(近世史)적 고찰」, 서춘(徐椿)의 「물가등귀의 원인 급(及) 이유」가 실려있다. 연구와 그 자료란에는 조선사정조사연구회(朝鮮事情調査硏究會)의 「조선현행세제 급(及) 부담조사」와 편집실에서 조사한 조선의 경제관련조사와 경제용어, 사회과학용어의 해설이 실려있다. '조선인의 정치적 동향'이라는 제목으로 최린(崔麟)의 「실생활의 동태여하에」, 안재홍(安在鴻)의 「기치부터 선명히 하자」, 김활란(金活蘭)의 「문제는 문제의 비례대로」, 송진우(宋鎭禹)의 「농민대중의 훈련부터」, 김병로(金炳魯)의 「역량을 집중하자」, 신흥우(申興雨)의 「정치적 의식과 사회적 훈련」 등의 글도 실려있다. 1930년대가 대공황을 전후로 하여 일제의 만주와 중국진출이 진행되는 변동기에 조선인의 관심의 동향을 보여주는 잡지라 하겠다.</paragraph>
				</content>
			</biblioExplanation>
		</description>
	</front>
	<level2 id="ma_067_0010">
		<front>
			<biblioData>
				<title>
					<mainTitle volume="제1호">동방평론 제1호</mainTitle>
				</title>
				<publication>
					<publisher/>
					<dateIssued date="1932-04-01">1932년 4월 1일</dateIssued>
				</publication>
			</biblioData>
			<illustGroup>
				<illustration begin="ma_067_0010_0001" end="ma_067_0010_0129"/>
			</illustGroup>
		</front>
		<level3 id="ma_067_0010_0010">
			<front>
				<biblioData>
					<title>
						<mainTitle>創刊辭</mainTitle>
					</title>
					<creator>
						<author>
							<name>白寬洙</name>
						</author>
					</creator>
					<subjectClass code="ma00"/>
				</biblioData>
				<illustGroup>
					<illustration begin="ma_067_0010_0006" end="ma_067_0010_0006"/>
				</illustGroup>
			</front>
			<text>
				<content>
					<paragraph>
						<pTitle type="기사명">創刊辭</pTitle>
						<name role="필자">白寬洙</name>
					</paragraph>
				</content>
			</text>
		</level3>
		<level3 id="ma_067_0010_0020">
			<front>
				<biblioData>
					<title>
						<mainTitle>朝鮮人의 政治的 動向, 實生活의 動態如何에</mainTitle>
					</title>
					<creator>
						<author>
							<name>崔麟</name>
						</author>
					</creator>
					<subjectClass code="ma00"/>
				</biblioData>
				<illustGroup>
					<illustration begin="ma_067_0010_0007" end="ma_067_0010_0008"/>
				</illustGroup>
			</front>
			<text>
				<content>
					<paragraph>
						<pTitle type="기사명">朝鮮人의 政治的 動向, 實生活의 動態如何에</pTitle>
						<name role="필자">崔麟</name>
					</paragraph>
				</content>
			</text>
		</level3>
		<level3 id="ma_067_0010_0030">
			<front>
				<biblioData>
					<title>
						<mainTitle>朝鮮人의 政治的 動向, 旗幟부터 鮮明히 하자</mainTitle>
					</title>
					<creator>
						<author>
							<name>安在鴻</name>
						</author>
					</creator>
					<subjectClass code="ma00"/>
				</biblioData>
				<illustGroup>
					<illustration begin="ma_067_0010_0008" end="ma_067_0010_0010"/>
				</illustGroup>
			</front>
			<text>
				<content>
					<paragraph>
						<pTitle type="기사명">朝鮮人의 政治的 動向, 旗幟부터 鮮明히 하자</pTitle>
						<name role="필자">安在鴻</name>
					</paragraph>
				</content>
			</text>
		</level3>
		<level3 id="ma_067_0010_0040">
			<front>
				<biblioData>
					<title>
						<mainTitle>朝鮮人의 政治的 動向, 問題는 問題의 比例대로</mainTitle>
					</title>
					<creator>
						<author>
							<name>金活蘭</name>
						</author>
					</creator>
					<subjectClass code="ma00"/>
				</biblioData>
				<illustGroup>
					<illustration begin="ma_067_0010_0010" end="ma_067_0010_0011"/>
				</illustGroup>
			</front>
			<text>
				<content>
					<paragraph>
						<pTitle type="기사명">朝鮮人의 政治的 動向, 問題는 問題의 比例대로</pTitle>
						<name role="필자">金活蘭</name>
					</paragraph>
				</content>
			</text>
		</level3>
		<level3 id="ma_067_0010_0050">
			<front>
				<biblioData>
					<title>
						<mainTitle>朝鮮人의 政治的 動向, 農民大衆의 訓練부터</mainTitle>
					</title>
					<creator>
						<author>
							<name>宋鎭禹</name>
						</author>
					</creator>
					<subjectClass code="ma00"/>
				</biblioData>
				<illustGroup>
					<illustration begin="ma_067_0010_0011" end="ma_067_0010_0012"/>
				</illustGroup>
			</front>
			<text>
				<content>
					<paragraph>
						<pTitle type="기사명">朝鮮人의 政治的 動向, 農民大衆의 訓練부터</pTitle>
						<name role="필자">宋鎭禹</name>
					</paragraph>
				</content>
			</text>
		</level3>
		<level3 id="ma_067_0010_0060">
			<front>
				<biblioData>
					<title>
						<mainTitle>朝鮮人의 政治的 動向, 力量을 集中하자</mainTitle>
					</title>
					<creator>
						<author>
							<name>金炳魯</name>
						</author>
					</creator>
					<subjectClass code="ma00"/>
				</biblioData>
				<illustGroup>
					<illustration begin="ma_067_0010_0012" end="ma_067_0010_0013"/>
				</illustGroup>
			</front>
			<text>
				<content>
					<paragraph>
						<pTitle type="기사명">朝鮮人의 政治的 動向, 力量을 集中하자</pTitle>
						<name role="필자">金炳魯</name>
					</paragraph>
				</content>
			</text>
		</level3>
		<level3 id="ma_067_0010_0070">
			<front>
				<biblioData>
					<title>
						<mainTitle>朝鮮人의 政治的 動向, 政治的 意識과 社會的 訓練</mainTitle>
					</title>
					<creator>
						<author>
							<name>申興雨</name>
						</author>
					</creator>
					<subjectClass code="ma00"/>
				</biblioData>
				<illustGroup>
					<illustration begin="ma_067_0010_0013" end="ma_067_0010_0013"/>
				</illustGroup>
			</front>
			<text>
				<content>
					<paragraph>
						<pTitle type="기사명">朝鮮人의 政治的 動向, 政治的 意識과 社會的 訓練</pTitle>
						<name role="필자">申興雨</name>
					</paragraph>
				</content>
			</text>
		</level3>
		<level3 id="ma_067_0010_0080">
			<front>
				<biblioData>
					<title>
						<mainTitle>聯盟軍縮會議의 展望</mainTitle>
					</title>
					<creator>
						<author>
							<name>金良洙</name>
						</author>
					</creator>
					<subjectClass code="ma00"/>
				</biblioData>
				<illustGroup>
					<illustration begin="ma_067_0010_0014" end="ma_067_0010_0021"/>
				</illustGroup>
			</front>
			<text>
				<content>
					<paragraph>
						<pTitle type="기사명">聯盟軍縮會議의 展望</pTitle>
						<name role="필자">金良洙</name>
					</paragraph>
				</content>
			</text>
		</level3>
		<level3 id="ma_067_0010_0090">
			<front>
				<biblioData>
					<title>
						<mainTitle>納稅額으로 본 朝鮮人 經濟</mainTitle>
					</title>
					<creator>
						<author>
							<name>羅谷生</name>
						</author>
					</creator>
					<subjectClass code="ma00"/>
				</biblioData>
				<illustGroup>
					<illustration begin="ma_067_0010_0022" end="ma_067_0010_0024"/>
				</illustGroup>
			</front>
			<text>
				<content>
					<paragraph>
						<pTitle type="기사명">納稅額으로 본 朝鮮人 經濟</pTitle>
						<name role="필자">羅谷生</name>
					</paragraph>
				</content>
			</text>
		</level3>
		<level3 id="ma_067_0010_0100">
			<front>
				<biblioData>
					<title>
						<mainTitle>卒業生에게 檄함</mainTitle>
					</title>
					<creator>
						<author>
							<name>柳光烈</name>
						</author>
					</creator>
					<subjectClass code="ma00"/>
				</biblioData>
				<illustGroup>
					<illustration begin="ma_067_0010_0025" end="ma_067_0010_0027"/>
				</illustGroup>
			</front>
			<text>
				<content>
					<paragraph>
						<pTitle type="기사명">卒業生에게 檄함</pTitle>
						<name role="필자">柳光烈</name>
					</paragraph>
				</content>
			</text>
		</level3>
		<level3 id="ma_067_0010_0110">
			<front>
				<biblioData>
					<title>
						<mainTitle>總選擧와 現下 日本의 政情</mainTitle>
					</title>
					<creator>
						<author>
							<name>金佑枰</name>
						</author>
					</creator>
					<subjectClass code="ma00"/>
				</biblioData>
				<illustGroup>
					<illustration begin="ma_067_0010_0028" end="ma_067_0010_0030"/>
				</illustGroup>
			</front>
			<text>
				<content>
					<paragraph>
						<pTitle type="기사명">總選擧와 現下 日本의 政情</pTitle>
						<name role="필자">金佑枰</name>
					</paragraph>
				</content>
			</text>
		</level3>
		<level3 id="ma_067_0010_0120">
			<front>
				<biblioData>
					<title>
						<mainTitle>圓卓會議後의 英印關係</mainTitle>
					</title>
					<creator>
						<author>
							<name>咸尙勳</name>
						</author>
					</creator>
					<subjectClass code="ma00"/>
				</biblioData>
				<illustGroup>
					<illustration begin="ma_067_0010_0031" end="ma_067_0010_0032"/>
				</illustGroup>
			</front>
			<text>
				<content>
					<paragraph>
						<pTitle type="기사명">圓卓會議後의 英印關係</pTitle>
						<name role="필자">咸尙勳</name>
					</paragraph>
				</content>
			</text>
		</level3>
		<level3 id="ma_067_0010_0130">
			<front>
				<biblioData>
					<title>
						<mainTitle>滿洲의 近世史的 考察, 滿蒙을 中心으로 한 列强의 爭奪史 槪觀</mainTitle>
					</title>
					<creator>
						<author>
							<name>高永煥</name>
						</author>
					</creator>
					<subjectClass code="ma00"/>
				</biblioData>
				<illustGroup>
					<illustration begin="ma_067_0010_0033" end="ma_067_0010_0039"/>
				</illustGroup>
			</front>
			<text>
				<content>
					<paragraph>
						<pTitle type="기사명">滿洲의 近世史的 考察, 滿蒙을 中心으로 한 列强의 爭奪史 槪觀</pTitle>
						<name role="필자">高永煥</name>
					</paragraph>
				</content>
			</text>
		</level3>
		<level3 id="ma_067_0010_0140">
			<front>
				<biblioData>
					<title>
						<mainTitle>經濟用語欄(제1회)</mainTitle>
					</title>
					<subjectClass code="ma00"/>
				</biblioData>
				<illustGroup>
					<illustration begin="ma_067_0010_0040" end="ma_067_0010_0040"/>
				</illustGroup>
			</front>
			<text>
				<content>
					<paragraph>
						<pTitle type="기사명">經濟用語欄</pTitle>
					</paragraph>
				</content>
			</text>
		</level3>
		<level3 id="ma_067_0010_0150">
			<front>
				<biblioData>
					<title>
						<mainTitle>朝鮮과 外地와의 金融往來, 日本의 朝鮮 投資額은 얼마나 되나</mainTitle>
					</title>
					<creator>
						<author>
							<name>李如星</name>
						</author>
					</creator>
					<subjectClass code="ma00"/>
				</biblioData>
				<illustGroup>
					<illustration begin="ma_067_0010_0041" end="ma_067_0010_0050"/>
				</illustGroup>
			</front>
			<text>
				<content>
					<paragraph>
						<pTitle type="기사명">朝鮮과 外地와의 金融往來, 日本의 朝鮮 投資額은 얼마나 되나</pTitle>
						<name role="필자">李如星</name>
					</paragraph>
				</content>
			</text>
		</level3>
		<level3 id="ma_067_0010_0160">
			<front>
				<biblioData>
					<title>
						<mainTitle>物價騰貴의 原因 及 理由</mainTitle>
					</title>
					<creator>
						<author>
							<name>徐椿</name>
						</author>
					</creator>
					<subjectClass code="ma00"/>
				</biblioData>
				<illustGroup>
					<illustration begin="ma_067_0010_0051" end="ma_067_0010_0064"/>
				</illustGroup>
			</front>
			<text>
				<content>
					<paragraph>
						<pTitle type="기사명">物價騰貴의 原因 及 理由</pTitle>
						<name role="필자">徐椿</name>
					</paragraph>
				</content>
			</text>
		</level3>
		<level3 id="ma_067_0010_0170">
			<front>
				<biblioData>
					<title>
						<mainTitle>社會科學用語問答(제1회)</mainTitle>
					</title>
					<creator>
						<author>
							<name>東方學人</name>
						</author>
					</creator>
					<subjectClass code="ma00"/>
				</biblioData>
				<illustGroup>
					<illustration begin="ma_067_0010_0065" end="ma_067_0010_0068"/>
				</illustGroup>
			</front>
			<text>
				<content>
					<paragraph>
						<pTitle type="기사명">社會科學用語問答</pTitle>
						<name role="필자">東方學人</name>
					</paragraph>
				</content>
			</text>
		</level3>
		<level3 id="ma_067_0010_0180">
			<front>
				<biblioData>
					<title>
						<mainTitle>朝鮮 現行 稅制 及 負擔調</mainTitle>
					</title>
					<creator>
						<author>
							<name>朝鮮事情調査硏究會員 報告</name>
						</author>
					</creator>
					<subjectClass code="ma00"/>
				</biblioData>
				<illustGroup>
					<illustration begin="ma_067_0010_0069" end="ma_067_0010_0077"/>
				</illustGroup>
			</front>
			<text>
				<content>
					<paragraph>
						<pTitle type="기사명">朝鮮 現行 稅制 及 負擔調</pTitle>
						<name role="필자">朝鮮事情調査硏究會員 報告</name>
					</paragraph>
				</content>
			</text>
		</level3>
		<level3 id="ma_067_0010_0190">
			<front>
				<biblioData>
					<title>
						<mainTitle>資料欄(제1회), 朝鮮窒素肥料會社 內容</mainTitle>
					</title>
					<subjectClass code="ma00"/>
				</biblioData>
				<illustGroup>
					<illustration begin="ma_067_0010_0078" end="ma_067_0010_0086"/>
				</illustGroup>
			</front>
			<text>
				<content>
					<paragraph>
						<pTitle type="기사명">資料欄</pTitle>
					</paragraph>
				</content>
			</text>
		</level3>
		<level3 id="ma_067_0010_0200">
			<front>
				<biblioData>
					<title>
						<mainTitle>資料欄(제1회), 朝鮮人 日本人 官吏 對照一覽</mainTitle>
					</title>
					<subjectClass code="ma00"/>
				</biblioData>
				<illustGroup>
					<illustration begin="ma_067_0010_0078" end="ma_067_0010_0086"/>
				</illustGroup>
			</front>
			<text>
				<content>
					<paragraph>
						<pTitle type="기사명">資料欄</pTitle>
					</paragraph>
				</content>
			</text>
		</level3>
		<level3 id="ma_067_0010_0210">
			<front>
				<biblioData>
					<title>
						<mainTitle>朝鮮語文硏究, 「ㅎ」의 바팀과 激音에 關한 見解</mainTitle>
					</title>
					<creator>
						<author>
							<name>朴勝彬</name>
						</author>
					</creator>
					<subjectClass code="ma00"/>
				</biblioData>
				<illustGroup>
					<illustration begin="ma_067_0010_0087" end="ma_067_0010_0104"/>
				</illustGroup>
			</front>
			<text>
				<content>
					<paragraph>
						<pTitle type="기사명">朝鮮語文硏究, 「ㅎ」의 바팀과 激音에 關한 見解</pTitle>
						<name role="필자">朴勝彬</name>
					</paragraph>
				</content>
			</text>
		</level3>
		<level3 id="ma_067_0010_0220">
			<front>
				<biblioData>
					<title>
						<mainTitle>에스페란토欄</mainTitle>
					</title>
					<creator>
						<author>
							<name>白南奎</name>
						</author>
					</creator>
					<subjectClass code="ma00"/>
				</biblioData>
				<illustGroup>
					<illustration begin="ma_067_0010_0105" end="ma_067_0010_0106"/>
				</illustGroup>
			</front>
			<text>
				<content>
					<paragraph>
						<pTitle type="기사명">에스페란토欄</pTitle>
						<name role="필자">白南奎</name>
					</paragraph>
				</content>
			</text>
		</level3>
		<level3 id="ma_067_0010_0230">
			<front>
				<biblioData>
					<title>
						<mainTitle>文藝內容의 限界, 에밀 졸라의 「勞働」을 論함</mainTitle>
					</title>
					<creator>
						<author>
							<name>李軒求</name>
						</author>
					</creator>
					<subjectClass code="ma00"/>
				</biblioData>
				<illustGroup>
					<illustration begin="ma_067_0010_0107" end="ma_067_0010_0110"/>
				</illustGroup>
			</front>
			<text>
				<content>
					<paragraph>
						<pTitle type="기사명">文藝內容의 限界, 에밀 졸라의 「勞働」을 論함</pTitle>
						<name role="필자">李軒求</name>
					</paragraph>
				</content>
			</text>
		</level3>
		<level3 id="ma_067_0010_0240">
			<front>
				<biblioData>
					<title>
						<mainTitle>沈痛한 文學 其他</mainTitle>
					</title>
					<creator>
						<author>
							<name>玄民</name>
						</author>
					</creator>
					<subjectClass code="ma00"/>
				</biblioData>
				<illustGroup>
					<illustration begin="ma_067_0010_0111" end="ma_067_0010_0112"/>
				</illustGroup>
			</front>
			<text>
				<content>
					<paragraph>
						<pTitle type="기사명">沈痛한 文學 其他</pTitle>
						<name role="필자">玄民</name>
					</paragraph>
				</content>
			</text>
		</level3>
		<level3 id="ma_067_0010_0250">
			<front>
				<biblioData>
					<title>
						<mainTitle>談藝*錄(1)</mainTitle>
					</title>
					<creator>
						<author>
							<name>鄭寅普</name>
						</author>
					</creator>
					<subjectClass code="ma00"/>
				</biblioData>
				<illustGroup>
					<illustration begin="ma_067_0010_0113" end="ma_067_0010_0114"/>
				</illustGroup>
			</front>
			<text>
				<content>
					<paragraph>
						<pTitle type="기사명">談藝*錄</pTitle>
						<name role="필자">鄭寅普</name>
					</paragraph>
				</content>
			</text>
		</level3>
		<level3 id="ma_067_0010_0260">
			<front>
				<biblioData>
					<title>
						<mainTitle>近代戱曲에 나타난 機械</mainTitle>
					</title>
					<creator>
						<author>
							<name>洪海星</name>
						</author>
					</creator>
					<subjectClass code="ma00"/>
				</biblioData>
				<illustGroup>
					<illustration begin="ma_067_0010_0115" end="ma_067_0010_0116"/>
				</illustGroup>
			</front>
			<text>
				<content>
					<paragraph>
						<pTitle type="기사명">近代戱曲에 나타난 機械</pTitle>
						<name role="필자">洪海星</name>
					</paragraph>
				</content>
			</text>
		</level3>
		<level3 id="ma_067_0010_0270">
			<front>
				<biblioData>
					<title>
						<mainTitle>詩聖 陀翁 片說</mainTitle>
					</title>
					<creator>
						<author>
							<name>尙虛</name>
						</author>
					</creator>
					<subjectClass code="ma00"/>
				</biblioData>
				<illustGroup>
					<illustration begin="ma_067_0010_0117" end="ma_067_0010_0119"/>
				</illustGroup>
			</front>
			<text>
				<content>
					<paragraph>
						<pTitle type="기사명">詩聖 陀翁 片說</pTitle>
						<name role="필자">尙虛</name>
					</paragraph>
				</content>
			</text>
		</level3>
		<level3 id="ma_067_0010_0280">
			<front>
				<biblioData>
					<title>
						<mainTitle>K和尙의 눈</mainTitle>
					</title>
					<creator>
						<author>
							<name>崔鶴松</name>
						</author>
					</creator>
					<subjectClass code="ma00"/>
				</biblioData>
				<illustGroup>
					<illustration begin="ma_067_0010_0120" end="ma_067_0010_0120"/>
				</illustGroup>
			</front>
			<text>
				<content>
					<paragraph>
						<pTitle type="기사명">K和尙의 눈</pTitle>
						<name role="필자">崔鶴松</name>
					</paragraph>
				</content>
			</text>
		</level3>
		<level3 id="ma_067_0010_0290">
			<front>
				<biblioData>
					<title>
						<mainTitle>바람</mainTitle>
					</title>
					<creator>
						<author>
							<name>지용</name>
						</author>
					</creator>
					<subjectClass code="ma00"/>
				</biblioData>
				<illustGroup>
					<illustration begin="ma_067_0010_0121" end="ma_067_0010_0121"/>
				</illustGroup>
			</front>
			<text>
				<content>
					<paragraph>
						<pTitle type="기사명">바람</pTitle>
						<name role="필자">지용</name>
					</paragraph>
				</content>
			</text>
		</level3>
		<level3 id="ma_067_0010_0300">
			<front>
				<biblioData>
					<title>
						<mainTitle>봄</mainTitle>
					</title>
					<creator>
						<author>
							<name>지용</name>
						</author>
					</creator>
					<subjectClass code="ma00"/>
				</biblioData>
				<illustGroup>
					<illustration begin="ma_067_0010_0121" end="ma_067_0010_0121"/>
				</illustGroup>
			</front>
			<text>
				<content>
					<paragraph>
						<pTitle type="기사명">봄</pTitle>
						<name role="필자">지용</name>
					</paragraph>
				</content>
			</text>
		</level3>
		<level3 id="ma_067_0010_0310">
			<front>
				<biblioData>
					<title>
						<mainTitle>無題</mainTitle>
					</title>
					<creator>
						<author>
							<name>金尙鎔</name>
						</author>
					</creator>
					<subjectClass code="ma00"/>
				</biblioData>
				<illustGroup>
					<illustration begin="ma_067_0010_0122" end="ma_067_0010_0122"/>
				</illustGroup>
			</front>
			<text>
				<content>
					<paragraph>
						<pTitle type="기사명">無題</pTitle>
						<name role="필자">金尙鎔</name>
					</paragraph>
				</content>
			</text>
		</level3>
		<level3 id="ma_067_0010_0320">
			<front>
				<biblioData>
					<title>
						<mainTitle>三昧喜</mainTitle>
					</title>
					<creator>
						<author>
							<name>李秉岐</name>
						</author>
					</creator>
					<subjectClass code="ma00"/>
				</biblioData>
				<illustGroup>
					<illustration begin="ma_067_0010_0123" end="ma_067_0010_0124"/>
				</illustGroup>
			</front>
			<text>
				<content>
					<paragraph>
						<pTitle type="기사명">三昧喜</pTitle>
						<name role="필자">李秉岐</name>
					</paragraph>
				</content>
			</text>
		</level3>
		<level3 id="ma_067_0010_0330">
			<front>
				<biblioData>
					<title>
						<mainTitle>봄</mainTitle>
					</title>
					<creator>
						<author>
							<name>李泰俊</name>
						</author>
					</creator>
					<subjectClass code="ma00"/>
				</biblioData>
				<illustGroup>
					<illustration begin="ma_067_0010_0125" end="ma_067_0010_0129"/>
				</illustGroup>
			</front>
			<text>
				<content>
					<paragraph>
						<pTitle type="기사명">봄</pTitle>
						<name role="필자">李泰俊</name>
					</paragraph>
				</content>
			</text>
		</level3>
		<level3 id="ma_067_0010_0340">
			<front>
				<biblioData>
					<title>
						<mainTitle>編輯餘言</mainTitle>
					</title>
					<subjectClass code="ma00"/>
				</biblioData>
				<illustGroup>
					<illustration begin="ma_067_0010_0129" end="ma_067_0010_0129"/>
				</illustGroup>
			</front>
			<text>
				<content>
					<paragraph>
						<pTitle type="기사명">編輯餘言</pTitle>
					</paragraph>
				</content>
			</text>
		</level3>
	</level2>
	<level2 id="ma_067_0020">
		<front>
			<biblioData>
				<title>
					<mainTitle volume="제2호">동방평론 제2호</mainTitle>
				</title>
				<publication>
					<publisher/>
					<dateIssued date="1932-05-09">1932년 5월 9일</dateIssued>
				</publication>
			</biblioData>
			<illustGroup>
				<illustration begin="ma_067_0020_0001" end="ma_067_0020_0135"/>
			</illustGroup>
		</front>
		<level3 id="ma_067_0020_0010">
			<front>
				<biblioData>
					<title>
						<mainTitle>普專論</mainTitle>
					</title>
					<creator>
						<author>
							<name>柳光烈</name>
						</author>
					</creator>
					<subjectClass code="ma00"/>
				</biblioData>
				<illustGroup>
					<illustration begin="ma_067_0020_0007" end="ma_067_0020_0013"/>
				</illustGroup>
			</front>
			<text>
				<content>
					<paragraph>
						<pTitle type="기사명">普專論</pTitle>
						<name role="필자">柳光烈</name>
					</paragraph>
				</content>
			</text>
		</level3>
		<level3 id="ma_067_0020_0020">
			<front>
				<biblioData>
					<title>
						<mainTitle>最近 朝鬀®社會에서 感激된 일, 舊女性으로서 新敎育事業에!</mainTitle>
					</title>
					<creator>
						<author>
							<name>崔奎東</name>
						</author>
					</creator>
					<subjectClass code="ma00"/>
				</biblioData>
				<illustGroup>
					<illustration begin="ma_067_0020_0014" end="ma_067_0020_0014"/>
				</illustGroup>
			</front>
			<text>
				<content>
					<paragraph>
						<pTitle type="기사명">最近 朝鬀®社會에서 感激된 일, 舊女性으로서 新敎育事業에!</pTitle>
						<name role="필자">崔奎東</name>
					</paragraph>
				</content>
			</text>
		</level3>
		<level3 id="ma_067_0020_0030">
			<front>
				<biblioData>
					<title>
						<mainTitle>最近 朝鮮社會에서 感激된 일, 窒息狀態! 脈搏은 어대서 뛰는가</mainTitle>
					</title>
					<creator>
						<author>
							<name>朴勝彬</name>
						</author>
					</creator>
					<subjectClass code="ma00"/>
				</biblioData>
				<illustGroup>
					<illustration begin="ma_067_0020_0015" end="ma_067_0020_0015"/>
				</illustGroup>
			</front>
			<text>
				<content>
					<paragraph>
						<pTitle type="기사명">最近 朝鮮社會에서 感激된 일, 窒息狀態! 脈搏은 어대서 뛰는가</pTitle>
						<name role="필자">朴勝彬</name>
					</paragraph>
				</content>
			</text>
		</level3>
		<level3 id="ma_067_0020_0040">
			<front>
				<biblioData>
					<title>
						<mainTitle>最近 朝鮮社會에서 感激된 일, 朝鮮人은 남보다 倍나 더 努力해야 한다</mainTitle>
					</title>
					<creator>
						<author>
							<name>金性洙</name>
						</author>
					</creator>
					<subjectClass code="ma00"/>
				</biblioData>
				<illustGroup>
					<illustration begin="ma_067_0020_0015" end="ma_067_0020_0016"/>
				</illustGroup>
			</front>
			<text>
				<content>
					<paragraph>
						<pTitle type="기사명">最近 朝鮮社會에서 感激된 일, 朝鮮人은 남보다 倍나 더 努力해야 한다</pTitle>
						<name role="필자">金性洙</name>
					</paragraph>
				</content>
			</text>
		</level3>
		<level3 id="ma_067_0020_0050">
			<front>
				<biblioData>
					<title>
						<mainTitle>最近 朝鮮社會에서 感激된 일, 勞働者의 個人技術이 느는 것은 大端히 조흔 일임니다</mainTitle>
					</title>
					<creator>
						<author>
							<name>鄭世權</name>
						</author>
					</creator>
					<subjectClass code="ma00"/>
				</biblioData>
				<illustGroup>
					<illustration begin="ma_067_0020_0016" end="ma_067_0020_0016"/>
				</illustGroup>
			</front>
			<text>
				<content>
					<paragraph>
						<pTitle type="기사명">最近 朝鮮社會에서 感激된 일, 勞働者의 個人技術이 느는 것은 大端히 조흔 일임니다</pTitle>
						<name role="필자">鄭世權</name>
					</paragraph>
				</content>
			</text>
		</level3>
		<level3 id="ma_067_0020_0060">
			<front>
				<biblioData>
					<title>
						<mainTitle>最近 朝鮮社會에서 感激된 일, 感激된 일이 잇다면 民族愛의 發露랄가?</mainTitle>
					</title>
					<creator>
						<author>
							<name>金用茂</name>
						</author>
					</creator>
					<subjectClass code="ma00"/>
				</biblioData>
				<illustGroup>
					<illustration begin="ma_067_0020_0016" end="ma_067_0020_0017"/>
				</illustGroup>
			</front>
			<text>
				<content>
					<paragraph>
						<pTitle type="기사명">最近 朝鮮社會에서 感激된 일, 感激된 일이 잇다면 民族愛의 發露랄가?</pTitle>
						<name role="필자">金用茂</name>
					</paragraph>
				</content>
			</text>
		</level3>
		<level3 id="ma_067_0020_0070">
			<front>
				<biblioData>
					<title>
						<mainTitle>最近 朝鮮社會에서 感激된 일, 民族運動의 體系化</mainTitle>
					</title>
					<creator>
						<author>
							<name>金東煥</name>
						</author>
					</creator>
					<subjectClass code="ma00"/>
				</biblioData>
				<illustGroup>
					<illustration begin="ma_067_0020_0017" end="ma_067_0020_0017"/>
				</illustGroup>
			</front>
			<text>
				<content>
					<paragraph>
						<pTitle type="기사명">最近 朝鮮社會에서 感激된 일, 民族運動의 體系化</pTitle>
						<name role="필자">金東煥</name>
					</paragraph>
				</content>
			</text>
		</level3>
		<level3 id="ma_067_0020_0080">
			<front>
				<biblioData>
					<title>
						<mainTitle>最近 朝鮮社會에서 感激된 일, 새 主人 만난 普專의 將來</mainTitle>
					</title>
					<creator>
						<author>
							<name>朱耀翰</name>
						</author>
					</creator>
					<subjectClass code="ma00"/>
				</biblioData>
				<illustGroup>
					<illustration begin="ma_067_0020_0017" end="ma_067_0020_0018"/>
				</illustGroup>
			</front>
			<text>
				<content>
					<paragraph>
						<pTitle type="기사명">最近 朝鮮社會에서 感激된 일, 새 主人 만난 普專의 將來</pTitle>
						<name role="필자">朱耀翰</name>
					</paragraph>
				</content>
			</text>
		</level3>
		<level3 id="ma_067_0020_0090">
			<front>
				<biblioData>
					<title>
						<mainTitle>最近 朝鮮社會에서 感激된 일, 「조선을 알자!」는 社會의 부르짖음을 듣고</mainTitle>
					</title>
					<creator>
						<author>
							<name>李允宰</name>
						</author>
					</creator>
					<subjectClass code="ma00"/>
				</biblioData>
				<illustGroup>
					<illustration begin="ma_067_0020_0018" end="ma_067_0020_0018"/>
				</illustGroup>
			</front>
			<text>
				<content>
					<paragraph>
						<pTitle type="기사명">最近 朝鮮社會에서 感激된 일, 「조선을 알자!」는 社會의 부르짖음을 듣고</pTitle>
						<name role="필자">李允宰</name>
					</paragraph>
				</content>
			</text>
		</level3>
		<level3 id="ma_067_0020_0100">
			<front>
				<biblioData>
					<title>
						<mainTitle>上海事件의 顚末, 衝突에서 停戰會議에</mainTitle>
					</title>
					<creator>
						<author>
							<name>金佑枰</name>
						</author>
					</creator>
					<subjectClass code="ma00"/>
				</biblioData>
				<illustGroup>
					<illustration begin="ma_067_0020_0019" end="ma_067_0020_0022"/>
				</illustGroup>
			</front>
			<text>
				<content>
					<paragraph>
						<pTitle type="기사명">上海事件의 顚末, 衝突에서 停戰會議에</pTitle>
						<name role="필자">金佑枰</name>
					</paragraph>
				</content>
			</text>
		</level3>
		<level3 id="ma_067_0020_0110">
			<front>
				<biblioData>
					<title>
						<mainTitle>天道敎의 再分裂에 對한 檢討</mainTitle>
					</title>
					<creator>
						<author>
							<name>白南煥</name>
						</author>
					</creator>
					<subjectClass code="ma00"/>
				</biblioData>
				<illustGroup>
					<illustration begin="ma_067_0020_0023" end="ma_067_0020_0028"/>
				</illustGroup>
			</front>
			<text>
				<content>
					<paragraph>
						<pTitle type="기사명">天道敎의 再分裂에 對한 檢討</pTitle>
						<name role="필자">白南煥</name>
					</paragraph>
				</content>
			</text>
		</level3>
		<level3 id="ma_067_0020_0120">
			<front>
				<biblioData>
					<title>
						<mainTitle>對獨賠償問題十年史(1)</mainTitle>
					</title>
					<creator>
						<author>
							<name>洪性夏</name>
						</author>
					</creator>
					<subjectClass code="ma00"/>
				</biblioData>
				<illustGroup>
					<illustration begin="ma_067_0020_0029" end="ma_067_0020_0035"/>
				</illustGroup>
			</front>
			<text>
				<content>
					<paragraph>
						<pTitle type="기사명">對獨賠償問題十年史</pTitle>
						<name role="필자">洪性夏</name>
					</paragraph>
				</content>
			</text>
		</level3>
		<level3 id="ma_067_0020_0130">
			<front>
				<biblioData>
					<title>
						<mainTitle>滿洲의 近世史的 考察(2), 滿蒙을 中心으로 한 列强의 爭奪史 槪觀</mainTitle>
					</title>
					<creator>
						<author>
							<name>高永煥</name>
						</author>
					</creator>
					<subjectClass code="ma00"/>
				</biblioData>
				<illustGroup>
					<illustration begin="ma_067_0020_0036" end="ma_067_0020_0040"/>
				</illustGroup>
			</front>
			<text>
				<content>
					<paragraph>
						<pTitle type="기사명">滿洲의 近世史的 考察</pTitle>
						<name role="필자">高永煥</name>
					</paragraph>
				</content>
			</text>
		</level3>
		<level3 id="ma_067_0020_0140">
			<front>
				<biblioData>
					<title>
						<mainTitle>科學發展의 歷史的 必然性</mainTitle>
					</title>
					<creator>
						<author>
							<name>白南雲</name>
						</author>
					</creator>
					<subjectClass code="ma00"/>
				</biblioData>
				<illustGroup>
					<illustration begin="ma_067_0020_0041" end="ma_067_0020_0046"/>
				</illustGroup>
			</front>
			<text>
				<content>
					<paragraph>
						<pTitle type="기사명">科學發展의 歷史的 必然性</pTitle>
						<name role="필자">白南雲</name>
					</paragraph>
				</content>
			</text>
		</level3>
		<level3 id="ma_067_0020_0150">
			<front>
				<biblioData>
					<title>
						<mainTitle>朝鮮美術史話(1), 高句麗의 美術</mainTitle>
					</title>
					<creator>
						<author>
							<name>高裕燮</name>
						</author>
					</creator>
					<subjectClass code="ma00"/>
				</biblioData>
				<illustGroup>
					<illustration begin="ma_067_0020_0047" end="ma_067_0020_0051"/>
				</illustGroup>
			</front>
			<text>
				<content>
					<paragraph>
						<pTitle type="기사명">朝鮮美術史話</pTitle>
						<name role="필자">高裕燮</name>
					</paragraph>
				</content>
			</text>
		</level3>
		<level3 id="ma_067_0020_0160">
			<front>
				<biblioData>
					<title>
						<mainTitle>카페의 縱橫과 學生群의 出沒</mainTitle>
					</title>
					<creator>
						<author>
							<name>木貝生</name>
						</author>
					</creator>
					<subjectClass code="ma00"/>
				</biblioData>
				<illustGroup>
					<illustration begin="ma_067_0020_0052" end="ma_067_0020_0058"/>
				</illustGroup>
			</front>
			<text>
				<content>
					<paragraph>
						<pTitle type="기사명">카페의 縱橫과 學生群의 出沒</pTitle>
						<name role="필자">木貝生</name>
					</paragraph>
				</content>
			</text>
		</level3>
		<level3 id="ma_067_0020_0170">
			<front>
				<biblioData>
					<title>
						<mainTitle>朝鮮 新女性 槪觀</mainTitle>
					</title>
					<creator>
						<author>
							<name>朴元鎭</name>
						</author>
					</creator>
					<subjectClass code="ma00"/>
				</biblioData>
				<illustGroup>
					<illustration begin="ma_067_0020_0059" end="ma_067_0020_0062"/>
				</illustGroup>
			</front>
			<text>
				<content>
					<paragraph>
						<pTitle type="기사명">朝鮮 新女性 槪觀</pTitle>
						<name role="필자">朴元鎭</name>
					</paragraph>
				</content>
			</text>
		</level3>
		<level3 id="ma_067_0020_0180">
			<front>
				<biblioData>
					<title>
						<mainTitle>朝鮮契의 社會史的 考察</mainTitle>
					</title>
					<creator>
						<author>
							<name>東岩生</name>
						</author>
					</creator>
					<subjectClass code="ma00"/>
				</biblioData>
				<illustGroup>
					<illustration begin="ma_067_0020_0063" end="ma_067_0020_0070"/>
				</illustGroup>
			</front>
			<text>
				<content>
					<paragraph>
						<pTitle type="기사명">朝鮮契의 社會史的 考察</pTitle>
						<name role="필자">東岩生</name>
					</paragraph>
				</content>
			</text>
		</level3>
		<level3 id="ma_067_0020_0190">
			<front>
				<biblioData>
					<title>
						<mainTitle>數字로 본 世界大戰의 犧牲, 自1914년 至1918년</mainTitle>
					</title>
					<subjectClass code="ma00"/>
				</biblioData>
				<illustGroup>
					<illustration begin="ma_067_0020_0071" end="ma_067_0020_0072"/>
				</illustGroup>
			</front>
			<text>
				<content>
					<paragraph>
						<pTitle type="기사명">數字로 본 世界大戰의 犧牲, 自1914년 至1918년</pTitle>
					</paragraph>
				</content>
			</text>
		</level3>
		<level3 id="ma_067_0020_0200">
			<front>
				<biblioData>
					<title>
						<mainTitle>未曾有의 恐怖時代 出現</mainTitle>
					</title>
					<creator>
						<author>
							<name>耕桑學人</name>
						</author>
					</creator>
					<subjectClass code="ma00"/>
				</biblioData>
				<illustGroup>
					<illustration begin="ma_067_0020_0073" end="ma_067_0020_0077"/>
				</illustGroup>
			</front>
			<text>
				<content>
					<paragraph>
						<pTitle type="기사명">未曾有의 恐怖時代 出現</pTitle>
						<name role="필자">耕桑學人</name>
					</paragraph>
				</content>
			</text>
		</level3>
		<level3 id="ma_067_0020_0210">
			<front>
				<biblioData>
					<title>
						<mainTitle>朝鮮 現行 稅制 及 負擔調</mainTitle>
					</title>
					<creator>
						<author>
							<name>朝鮮事情調査硏究會員 報告</name>
						</author>
					</creator>
					<subjectClass code="ma00"/>
				</biblioData>
				<illustGroup>
					<illustration begin="ma_067_0020_0078" end="ma_067_0020_0083"/>
				</illustGroup>
			</front>
			<text>
				<content>
					<paragraph>
						<pTitle type="기사명">朝鮮 現行 稅制 及 負擔調</pTitle>
						<name role="필자">朝鮮事情調査硏究會員 報告</name>
					</paragraph>
				</content>
			</text>
		</level3>
		<level3 id="ma_067_0020_0220">
			<front>
				<biblioData>
					<title>
						<mainTitle>新刊紹介</mainTitle>
					</title>
					<subjectClass code="ma00"/>
				</biblioData>
				<illustGroup>
					<illustration begin="ma_067_0020_0084" end="ma_067_0020_0084"/>
				</illustGroup>
			</front>
			<text>
				<content>
					<paragraph>
						<pTitle type="기사명">新刊紹介</pTitle>
					</paragraph>
				</content>
			</text>
		</level3>
		<level3 id="ma_067_0020_0230">
			<front>
				<biblioData>
					<title>
						<mainTitle>「餓鬼道」 讀後感, 張赫宙氏의 改造社 懸賞 當選作品</mainTitle>
					</title>
					<creator>
						<author>
							<name>李淳</name>
						</author>
					</creator>
					<subjectClass code="ma00"/>
				</biblioData>
				<illustGroup>
					<illustration begin="ma_067_0020_0085" end="ma_067_0020_0091"/>
				</illustGroup>
			</front>
			<text>
				<content>
					<paragraph>
						<pTitle type="기사명">「餓鬼道」 讀後感, 張赫宙氏의 改造社 懸賞 當選作品</pTitle>
						<name role="필자">李淳</name>
					</paragraph>
				</content>
			</text>
		</level3>
		<level3 id="ma_067_0020_0240">
			<front>
				<biblioData>
					<title>
						<mainTitle>「ㅎ」바팀과 激音에 關한 見解의 正誤表</mainTitle>
					</title>
					<subjectClass code="ma00"/>
				</biblioData>
				<illustGroup>
					<illustration begin="ma_067_0020_0091" end="ma_067_0020_0091"/>
				</illustGroup>
			</front>
			<text>
				<content>
					<paragraph>
						<pTitle type="기사명">「ㅎ」바팀과 激音에 關한 見解의 正誤表</pTitle>
					</paragraph>
				</content>
			</text>
		</level3>
		<level3 id="ma_067_0020_0250">
			<front>
				<biblioData>
					<title>
						<mainTitle>社會科學講座(2)</mainTitle>
					</title>
					<creator>
						<author>
							<name>東方學人</name>
						</author>
					</creator>
					<subjectClass code="ma00"/>
				</biblioData>
				<illustGroup>
					<illustration begin="ma_067_0020_0092" end="ma_067_0020_0094"/>
				</illustGroup>
			</front>
			<text>
				<content>
					<paragraph>
						<pTitle type="기사명">社會科學講座</pTitle>
						<name role="필자">東方學人</name>
					</paragraph>
				</content>
			</text>
		</level3>
		<level3 id="ma_067_0020_0260">
			<front>
				<biblioData>
					<title>
						<mainTitle>最新 經濟用語 解說欄(2)</mainTitle>
					</title>
					<subjectClass code="ma00"/>
				</biblioData>
				<illustGroup>
					<illustration begin="ma_067_0020_0095" end="ma_067_0020_0096"/>
				</illustGroup>
			</front>
			<text>
				<content>
					<paragraph>
						<pTitle type="기사명">最新 經濟用語 解說欄</pTitle>
					</paragraph>
				</content>
			</text>
		</level3>
		<level3 id="ma_067_0020_0270">
			<front>
				<biblioData>
					<title>
						<mainTitle>에스페란토講座(2)</mainTitle>
					</title>
					<creator>
						<author>
							<name>白南奎</name>
						</author>
					</creator>
					<subjectClass code="ma00"/>
				</biblioData>
				<illustGroup>
					<illustration begin="ma_067_0020_0097" end="ma_067_0020_0098"/>
				</illustGroup>
			</front>
			<text>
				<content>
					<paragraph>
						<pTitle type="기사명">에스페란토講座</pTitle>
						<name role="필자">白南奎</name>
					</paragraph>
				</content>
			</text>
		</level3>
		<level3 id="ma_067_0020_0280">
			<front>
				<biblioData>
					<title>
						<mainTitle>中國 新興文學의 『阿Q』時代와 魯迅</mainTitle>
					</title>
					<creator>
						<author>
							<name>牛山學人</name>
						</author>
					</creator>
					<subjectClass code="ma00"/>
				</biblioData>
				<illustGroup>
					<illustration begin="ma_067_0020_0099" end="ma_067_0020_0102"/>
				</illustGroup>
			</front>
			<text>
				<content>
					<paragraph>
						<pTitle type="기사명">中國 新興文學의 『阿Q』時代와 魯迅</pTitle>
						<name role="필자">牛山學人</name>
					</paragraph>
				</content>
			</text>
		</level3>
		<level3 id="ma_067_0020_0290">
			<front>
				<biblioData>
					<title>
						<mainTitle>토막생각</mainTitle>
					</title>
					<creator>
						<author>
							<name>沈熏</name>
						</author>
					</creator>
					<subjectClass code="ma00"/>
				</biblioData>
				<illustGroup>
					<illustration begin="ma_067_0020_0103" end="ma_067_0020_0104"/>
				</illustGroup>
			</front>
			<text>
				<content>
					<paragraph>
						<pTitle type="기사명">토막생각</pTitle>
						<name role="필자">沈熏</name>
					</paragraph>
				</content>
			</text>
		</level3>
		<level3 id="ma_067_0020_0300">
			<front>
				<biblioData>
					<title>
						<mainTitle>日沒과 月出(詩)</mainTitle>
					</title>
					<creator>
						<author>
							<name>黃錫禹</name>
						</author>
					</creator>
					<subjectClass code="ma00"/>
				</biblioData>
				<illustGroup>
					<illustration begin="ma_067_0020_0105" end="ma_067_0020_0106"/>
				</illustGroup>
			</front>
			<text>
				<content>
					<paragraph>
						<pTitle type="기사명">日沒과 月出</pTitle>
						<name role="필자">黃錫禹</name>
					</paragraph>
				</content>
			</text>
		</level3>
		<level3 id="ma_067_0020_0310">
			<front>
				<biblioData>
					<title>
						<mainTitle>破格詩</mainTitle>
					</title>
					<creator>
						<author>
							<name>尙虛</name>
						</author>
					</creator>
					<subjectClass code="ma00"/>
				</biblioData>
				<illustGroup>
					<illustration begin="ma_067_0020_0107" end="ma_067_0020_0107"/>
				</illustGroup>
			</front>
			<text>
				<content>
					<paragraph>
						<pTitle type="기사명">破格詩</pTitle>
						<name role="필자">尙虛</name>
					</paragraph>
				</content>
			</text>
		</level3>
		<level3 id="ma_067_0020_0320">
			<front>
				<biblioData>
					<title>
						<mainTitle>이름없는 愛國者의 무덤</mainTitle>
					</title>
					<creator>
						<author>
							<name>愛蘭 토마스 무어, 朴龍喆 譯</name>
						</author>
					</creator>
					<subjectClass code="ma00"/>
				</biblioData>
				<illustGroup>
					<illustration begin="ma_067_0020_0108" end="ma_067_0020_0108"/>
				</illustGroup>
			</front>
			<text>
				<content>
					<paragraph>
						<pTitle type="기사명">이름없는 愛國者의 무덤</pTitle>
						<name role="필자">愛蘭 토마스 무어, 朴龍喆 譯</name>
					</paragraph>
				</content>
			</text>
		</level3>
		<level3 id="ma_067_0020_0330">
			<front>
				<biblioData>
					<title>
						<mainTitle>두 젊은이</mainTitle>
					</title>
					<creator>
						<author>
							<name>李鍾鳴</name>
						</author>
					</creator>
					<subjectClass code="ma00"/>
				</biblioData>
				<illustGroup>
					<illustration begin="ma_067_0020_0109" end="ma_067_0020_0123"/>
				</illustGroup>
			</front>
			<text>
				<content>
					<paragraph>
						<pTitle type="기사명">두 젊은이</pTitle>
						<name role="필자">李鍾鳴</name>
					</paragraph>
				</content>
			</text>
		</level3>
		<level3 id="ma_067_0020_0340">
			<front>
				<biblioData>
					<title>
						<mainTitle>단편, 金剛石 목걸이</mainTitle>
					</title>
					<creator>
						<author>
							<name>모파산 作, 朴希明 譯</name>
						</author>
					</creator>
					<subjectClass code="ma00"/>
				</biblioData>
				<illustGroup>
					<illustration begin="ma_067_0020_0124" end="ma_067_0020_0133"/>
				</illustGroup>
			</front>
			<text>
				<content>
					<paragraph>
						<pTitle type="기사명">단편, 金剛石 목걸이</pTitle>
						<name role="필자">모파산 作, 朴希明 譯</name>
					</paragraph>
				</content>
			</text>
		</level3>
		<level3 id="ma_067_0020_0350">
			<front>
				<biblioData>
					<title>
						<mainTitle>編輯後記</mainTitle>
					</title>
					<subjectClass code="ma00"/>
				</biblioData>
				<illustGroup>
					<illustration begin="ma_067_0020_0134" end="ma_067_0020_0135"/>
				</illustGroup>
			</front>
			<text>
				<content>
					<paragraph>
						<pTitle type="기사명">編輯後記</pTitle>
					</paragraph>
				</content>
			</text>
		</level3>
		<level3 id="ma_067_0020_0360">
			<front>
				<biblioData>
					<title>
						<mainTitle>社告</mainTitle>
					</title>
					<subjectClass code="ma00"/>
				</biblioData>
				<illustGroup>
					<illustration begin="ma_067_0020_0006" end="ma_067_0020_0006"/>
				</illustGroup>
			</front>
			<text>
				<content>
					<paragraph>
						<pTitle type="기사명">社告</pTitle>
					</paragraph>
				</content>
			</text>
		</level3>
	</level2>
</level1>
