<?xml version="1.0" encoding="UTF-8"?>
<!DOCTYPE level1 SYSTEM "history.dtd">
<level1 id="ma_083">
	<front>
		<biblioData type="목차제공잡지">
			<title>
				<mainTitle>여자시론</mainTitle>
			</title>
			<binderPeriod begin="1920-01-00" end="1920-11-00"/>
		</biblioData>
		<description>
			<biblioExplanation groupID="02" groupName="일제시기 잡지 해제" id="ma_083_exp" name="여자시론 女子時論">
				<content>
					<paragraph>1920년 1월 24일 요코하마(橫濱)에서 여자시론사(女子時論社)가 창간한 여성잡지. 1920년 11월 26일 제5호 발간을 끝으로 종간되었다. 편집 겸 발행인은 당시 와세다대학 청강생이었던 이양전(李良傳). 창간호 표지에는 이종숙(李鍾肅)이 주간으로 표시되어 있다. 판매가격은 35전. 본문을 순한글로 서술한 것이 특징이다. 유각경, 송경선, 방순경 등 당시 조선에서 활동하던 여성들이 집필진으로 등장하는 것으로 보아서는 온전히 일본 여자유학생들의 잡지라고만 볼 수는 없다. 창간호를 제외한 나머지 호수의 소재는 현재 알 수 없다. 하지만, 신문이나 잡지 등에 등장하는 {여자시론} 광고를 통해 발간여부를 확인하는 것은 가능하다. 제2호의 경우, 1920년 3월에 발행된 {창조(創造)} 제5호에 발간을 알리는 짤막한 기사가 실려 있다. 또 {매일신보} 1920년 3월 23일 자에는 광고가 실려 있다. 제3호의 경우는 {매일신보} 1920년 5월 6일 자의 '그대 남자들만 사람이 아니요 여자들도 또한 사람이다. 우리 여자들도 또한 남자들을 이길만한 재주도 있으며 정신도 있다....우리들도 이제는 깨어서 그대 남자들과 같은 사람이 되고자 한다.....순전한 여자해방에 관한 여자들의 부르짖음을 모아 놓은 {여자시론} 제3호가 발간되었다'라는 기사를 통해 그 존재여부를 확인할 수 있다. 제4호는 {동아일보} 1920년 6월 30일 자에 광고가 실려 있다.   {여자시론}은 1920년 4월부터 여성교육단체인 조선여자교육협회(朝鮮女子敎育協會)의 기관지로 발간되었다. 조선여자교육협회는 1920년 3월 말 경에 차미리사(車美理士)에 의해 조직된 여성계몽교육단체이다. 창간호의 내용을 살펴보면, 「누님들아 울지 말아라」, 「여자교육에 대한 의견」, 「가혹한 예절을 타파하라」, 「결혼의 목적은 무엇이냐?」, 「허욕심과 허영심」,「유학생의 견지로부터 보는 조선가정」, 「조선여자의 처지」「여성해방문제」「가사경제에 대하여」등 여성문제를 집중적으로 다루고 있다. 전체적인 기조는 문명화된 서양여성과 미개한 우리 여성을 비교하는 문명개화론적 시각에서 신여성의 엘리트적 사명감을 강조하되, '따뜻하고 신성한 가정을 이루게 하며 또한 문명한 민족이 되어 광명한 새빛을 밟고 한량없는 행복을 누리도록 하기를'라는 말로 압축되듯 특히 '가정개조'에 주목하는 특징을 보인다. 「여언(餘言)」을 통해서는 '여성계의 중심기관'을 표방하면서 여자들만의 잡지를 모색했지만 결국은 남성들의 참여와(염상섭 등) 지원하에 발행하게 된 것을 못내 아쉬워하고 있다.  제2호의 경우 {매일신보}에 실린 대체적인 목차를 살펴보면, 「여자들아! 분발하라」, 「최후의 승리」, 「오늘날 우리 여자의 처지」, 「희생된 처녀의 절규」, 「조선여자에게」, 「사랑하는 형제에게」,「국가의 기초는 여자」,「독신의 이유」 등 여성문제와 관련된 글들이 대부분을 차지하고 있다. 제4호의 경우도 동아일보에 실린 목차를 살펴보면, 「과학적으로 남녀평등을 논함」, 「남녀교육의 동등을 논함」, 「여자계의 영웅이 나타남을 갈망함」, 「현대주부의 책임을 논함」 등 여성문제를 다룬 경우가 주를 이루고 있고 발간주체인 조선여자교육회의 취지를 설명한 글 등이 실려 있다.   이처럼 {여자시론}은 문명개화론적 시각과 엘리트주의라는 당대 일반적 지식인의 의식을 뛰어 넘지는 못했지만 3·1운동 이후 본격적으로 제기되던 여성문제에 관한 신지식인 여성들의 인식이 가장 잘 드러난 잡지라고 할 수 있다.</paragraph>
				</content>
			</biblioExplanation>
		</description>
	</front>
	<level2 id="ma_083_0010">
		<front>
			<biblioData>
				<title>
					<mainTitle volume="제1호">여자시론 제1호</mainTitle>
				</title>
				<publication>
					<publisher/>
					<dateIssued date="1920-01-24">1920년 1월 24일</dateIssued>
				</publication>
			</biblioData>
			<illustGroup>
				<illustration begin="ma_083_0010_0001" end="ma_083_0010_0078"/>
			</illustGroup>
		</front>
		<level3 id="ma_083_0010_0010">
			<front>
				<biblioData>
					<title>
						<mainTitle>누님들아 울지를 말아라</mainTitle>
						<alternative lang="kor">누님들아 울지를 말아라</alternative>
					</title>
					<creator>
						<author>
							<name>최영택</name>
							<name lang="kor">최영택</name>
						</author>
					</creator>
					<subjectClass code="ma00"/>
				</biblioData>
				<illustGroup>
					<illustration begin="ma_083_0010_0008" end="ma_083_0010_0011"/>
				</illustGroup>
			</front>
			<text>
				<content>
					<paragraph>
						<pTitle type="기사명">누님들아 울지를 말아라 (누님들아 울지를 말아라)</pTitle>
						<name role="필자">최영택</name>
					</paragraph>
				</content>
			</text>
		</level3>
		<level3 id="ma_083_0010_0020">
			<front>
				<biblioData>
					<title>
						<mainTitle>女子敎育에 對한 意見</mainTitle>
						<alternative lang="kor">녀자교육에 대한 의견</alternative>
					</title>
					<creator>
						<author>
							<name>P生</name>
							<name lang="kor">P생</name>
						</author>
					</creator>
					<subjectClass code="ma00"/>
				</biblioData>
				<illustGroup>
					<illustration begin="ma_083_0010_0012" end="ma_083_0010_0015"/>
				</illustGroup>
			</front>
			<text>
				<content>
					<paragraph>
						<pTitle type="기사명">女子敎育에 對한 意見 (녀자교육에 대한 의견)</pTitle>
						<name role="필자">P生</name>
					</paragraph>
				</content>
			</text>
		</level3>
		<level3 id="ma_083_0010_0030">
			<front>
				<biblioData>
					<title>
						<mainTitle>苛酷한 禮節을 打破하라</mainTitle>
						<alternative lang="kor">가혹한 례절을 타파하라</alternative>
					</title>
					<creator>
						<author>
							<name>打破生</name>
							<name lang="kor">타파생</name>
						</author>
					</creator>
					<subjectClass code="ma00"/>
				</biblioData>
				<illustGroup>
					<illustration begin="ma_083_0010_0016" end="ma_083_0010_0018"/>
				</illustGroup>
			</front>
			<text>
				<content>
					<paragraph>
						<pTitle type="기사명">苛酷한 禮節을 打破하라 (가혹한 례절을 타파하라)</pTitle>
						<name role="필자">打破生</name>
					</paragraph>
				</content>
			</text>
		</level3>
		<level3 id="ma_083_0010_0040">
			<front>
				<biblioData>
					<title>
						<mainTitle>女子時論 創刊을 祝함</mainTitle>
						<alternative lang="kor">녀자시론 창간을 축함</alternative>
					</title>
					<creator>
						<author>
							<name>유각경</name>
							<name lang="kor">유각경</name>
						</author>
					</creator>
					<subjectClass code="ma00"/>
				</biblioData>
				<illustGroup>
					<illustration begin="ma_083_0010_0027" end="ma_083_0010_0028"/>
				</illustGroup>
			</front>
			<text>
				<content>
					<paragraph>
						<pTitle type="기사명">女子時論 創刊을 祝함 (녀자시론 창간을 축함)</pTitle>
						<name role="필자">유각경</name>
					</paragraph>
				</content>
			</text>
		</level3>
		<level3 id="ma_083_0010_0050">
			<front>
				<biblioData>
					<title>
						<mainTitle>女子解放問題</mainTitle>
						<alternative lang="kor">녀자해방문제</alternative>
					</title>
					<creator>
						<author>
							<name>방순경</name>
							<name lang="kor">방순경</name>
						</author>
					</creator>
					<subjectClass code="ma00"/>
				</biblioData>
				<illustGroup>
					<illustration begin="ma_083_0010_0019" end="ma_083_0010_0023"/>
				</illustGroup>
			</front>
			<text>
				<content>
					<paragraph>
						<pTitle type="기사명">女子解放問題 (녀자해방문제)</pTitle>
						<name role="필자">방순경</name>
					</paragraph>
				</content>
			</text>
		</level3>
		<level3 id="ma_083_0010_0060">
			<front>
				<biblioData>
					<title>
						<mainTitle>꿈에 받은 편지의 내용</mainTitle>
						<alternative lang="kor">꿈에 받은 편지의 내용</alternative>
					</title>
					<creator>
						<author>
							<name>무명여사</name>
							<name lang="kor">무명여사</name>
						</author>
					</creator>
					<subjectClass code="ma00"/>
				</biblioData>
				<illustGroup>
					<illustration begin="ma_083_0010_0024" end="ma_083_0010_0026"/>
				</illustGroup>
			</front>
			<text>
				<content>
					<paragraph>
						<pTitle type="기사명">꿈에 받은 편지의 내용 (꿈에 받은 편지의 내용)</pTitle>
						<name role="필자">무명여사</name>
					</paragraph>
				</content>
			</text>
		</level3>
		<level3 id="ma_083_0010_0070">
			<front>
				<biblioData>
					<title>
						<mainTitle>나는?</mainTitle>
						<alternative lang="kor">나는?</alternative>
					</title>
					<creator>
						<author>
							<name>PGS</name>
							<name lang="kor">PGS</name>
						</author>
					</creator>
					<subjectClass code="ma00"/>
				</biblioData>
				<illustGroup>
					<illustration begin="ma_083_0010_0029" end="ma_083_0010_0033"/>
				</illustGroup>
			</front>
			<text>
				<content>
					<paragraph>
						<pTitle type="기사명">나는? (나는?)</pTitle>
						<name role="필자">PGS</name>
					</paragraph>
				</content>
			</text>
		</level3>
		<level3 id="ma_083_0010_0080">
			<front>
				<biblioData>
					<title>
						<mainTitle>아심닛가?</mainTitle>
						<alternative lang="kor">아심닛가?</alternative>
					</title>
					<creator>
						<author>
							<name>노경생</name>
							<name lang="kor">노경생</name>
						</author>
					</creator>
					<subjectClass code="ma00"/>
				</biblioData>
				<illustGroup>
					<illustration begin="ma_083_0010_0034" end="ma_083_0010_0037"/>
				</illustGroup>
			</front>
			<text>
				<content>
					<paragraph>
						<pTitle type="기사명">아심닛가? (아심닛가?)</pTitle>
						<name role="필자">노경생</name>
					</paragraph>
				</content>
			</text>
		</level3>
		<level3 id="ma_083_0010_0090">
			<front>
				<biblioData>
					<title>
						<mainTitle>結婚의 目的은 무엇이냐?</mainTitle>
						<alternative lang="kor">결혼의 목적은 무엇이냐?</alternative>
					</title>
					<creator>
						<author>
							<name>C生</name>
							<name lang="kor">C생</name>
						</author>
					</creator>
					<subjectClass code="ma00"/>
				</biblioData>
				<illustGroup>
					<illustration begin="ma_083_0010_0038" end="ma_083_0010_0040"/>
				</illustGroup>
			</front>
			<text>
				<content>
					<paragraph>
						<pTitle type="기사명">結婚의 目的은 무엇이냐? (결혼의 목적은 무엇이냐?)</pTitle>
						<name role="필자">C生</name>
					</paragraph>
				</content>
			</text>
		</level3>
		<level3 id="ma_083_0010_0100">
			<front>
				<biblioData>
					<title>
						<mainTitle>虛慾心과 虛榮心</mainTitle>
						<alternative lang="kor">허욕심과 허영심</alternative>
					</title>
					<creator>
						<author>
							<name>怡齋</name>
							<name lang="kor">이재</name>
						</author>
					</creator>
					<subjectClass code="ma00"/>
				</biblioData>
				<illustGroup>
					<illustration begin="ma_083_0010_0041" end="ma_083_0010_0044"/>
				</illustGroup>
			</front>
			<text>
				<content>
					<paragraph>
						<pTitle type="기사명">虛慾心과 虛榮心 (허욕심과 허영심)</pTitle>
						<name role="필자">怡齋</name>
					</paragraph>
				</content>
			</text>
		</level3>
		<level3 id="ma_083_0010_0110">
			<front>
				<biblioData>
					<title>
						<mainTitle>留學生의 見地로부터 보는 朝鮮家庭</mainTitle>
						<alternative lang="kor">류학생의 견지로부터 보는 조선가정</alternative>
					</title>
					<creator>
						<author>
							<name>象牙塔</name>
							<name lang="kor">상아탑</name>
						</author>
					</creator>
					<subjectClass code="ma00"/>
				</biblioData>
				<illustGroup>
					<illustration begin="ma_083_0010_0045" end="ma_083_0010_0046"/>
				</illustGroup>
			</front>
			<text>
				<content>
					<paragraph>
						<pTitle type="기사명">留學生의 見地로부터 보는 朝鮮家庭 (류학생의 견지로부터 보는 조선가정)</pTitle>
						<name role="필자">象牙塔</name>
					</paragraph>
				</content>
			</text>
		</level3>
		<level3 id="ma_083_0010_0120">
			<front>
				<biblioData>
					<title>
						<mainTitle>朝鮮女子의 處地</mainTitle>
						<alternative lang="kor">조선녀자의 처지</alternative>
					</title>
					<creator>
						<author>
							<name>宋景善</name>
							<name lang="kor">송경선</name>
						</author>
					</creator>
					<subjectClass code="ma00"/>
				</biblioData>
				<illustGroup>
					<illustration begin="ma_083_0010_0047" end="ma_083_0010_0049"/>
				</illustGroup>
			</front>
			<text>
				<content>
					<paragraph>
						<pTitle type="기사명">朝鮮女子의 處地 (조선녀자의 처지)</pTitle>
						<name role="필자">宋景善</name>
					</paragraph>
				</content>
			</text>
		</level3>
		<level3 id="ma_083_0010_0130">
			<front>
				<biblioData>
					<title>
						<mainTitle>祝女子時論創刊(詩)</mainTitle>
						<alternative lang="kor">축녀자시론창간(시)</alternative>
					</title>
					<creator>
						<author>
							<name>에쓰 예</name>
							<name lang="kor">에쓰 예</name>
						</author>
					</creator>
					<subjectClass code="ma00"/>
				</biblioData>
				<illustGroup>
					<illustration begin="ma_083_0010_0050" end="ma_083_0010_0050"/>
				</illustGroup>
			</front>
			<text>
				<content>
					<paragraph>
						<pTitle type="기사명">祝女子時論創刊(詩) (축녀자시론창간(시))</pTitle>
						<name role="필자">에쓰 예</name>
					</paragraph>
				</content>
			</text>
		</level3>
		<level3 id="ma_083_0010_0140">
			<front>
				<biblioData>
					<title>
						<mainTitle>나의 사랑스러운 동생에게</mainTitle>
						<alternative lang="kor">나의 사랑스러운 동생에게</alternative>
					</title>
					<creator>
						<author>
							<name>MAN</name>
							<name lang="kor">MAN</name>
						</author>
					</creator>
					<subjectClass code="ma00"/>
				</biblioData>
				<illustGroup>
					<illustration begin="ma_083_0010_0051" end="ma_083_0010_0055"/>
				</illustGroup>
			</front>
			<text>
				<content>
					<paragraph>
						<pTitle type="기사명">나의 사랑스러운 동생에게 (나의 사랑스러운 동생에게)</pTitle>
						<name role="필자">MAN</name>
					</paragraph>
				</content>
			</text>
		</level3>
		<level3 id="ma_083_0010_0150">
			<front>
				<biblioData>
					<title>
						<mainTitle>머리의 개조와 생활의 개조</mainTitle>
						<alternative lang="kor">머리의 개조와 생활의 개조</alternative>
					</title>
					<creator>
						<author>
							<name>廉尙燮</name>
							<name lang="kor">렴상섭</name>
						</author>
					</creator>
					<subjectClass code="ma00"/>
				</biblioData>
				<illustGroup>
					<illustration begin="ma_083_0010_0056" end="ma_083_0010_0059"/>
				</illustGroup>
			</front>
			<text>
				<content>
					<paragraph>
						<pTitle type="기사명">머리의 개조와 생활의 개조 (머리의 개조와 생활의 개조)</pTitle>
						<name role="필자">廉尙燮</name>
					</paragraph>
				</content>
			</text>
		</level3>
		<level3 id="ma_083_0010_0160">
			<front>
				<biblioData>
					<title>
						<mainTitle>修養의 거울</mainTitle>
						<alternative lang="kor">수양의 거울</alternative>
					</title>
					<creator>
						<author>
							<name>編輯人</name>
							<name lang="kor">편집인</name>
						</author>
					</creator>
					<subjectClass code="ma00"/>
				</biblioData>
				<illustGroup>
					<illustration begin="ma_083_0010_0060" end="ma_083_0010_0063"/>
				</illustGroup>
			</front>
			<text>
				<content>
					<paragraph>
						<pTitle type="기사명">修養의 거울 (수양의 거울)</pTitle>
						<name role="필자">編輯人</name>
					</paragraph>
				</content>
			</text>
		</level3>
		<level3 id="ma_083_0010_0170">
			<front>
				<biblioData>
					<title>
						<mainTitle>OO에 게신 형님께</mainTitle>
						<alternative lang="kor">OO에 게신 형님께</alternative>
					</title>
					<creator>
						<author>
							<name>朴貞珍</name>
							<name lang="kor">박정진</name>
						</author>
					</creator>
					<subjectClass code="ma00"/>
				</biblioData>
				<illustGroup>
					<illustration begin="ma_083_0010_0064" end="ma_083_0010_0065"/>
				</illustGroup>
			</front>
			<text>
				<content>
					<paragraph>
						<pTitle type="기사명">OO에 게신 형님께 (OO에 게신 형님께)</pTitle>
						<name role="필자">朴貞珍</name>
					</paragraph>
				</content>
			</text>
		</level3>
		<level3 id="ma_083_0010_0180">
			<front>
				<biblioData>
					<title>
						<mainTitle>女傑의 生涯</mainTitle>
						<alternative lang="kor">녀걸의 생애</alternative>
					</title>
					<creator>
						<author>
							<name>阿峴洞人</name>
							<name lang="kor">아현동인</name>
						</author>
					</creator>
					<subjectClass code="ma00"/>
				</biblioData>
				<illustGroup>
					<illustration begin="ma_083_0010_0066" end="ma_083_0010_0070"/>
				</illustGroup>
			</front>
			<text>
				<content>
					<paragraph>
						<pTitle type="기사명">女傑의 生涯 (녀걸의 생애)</pTitle>
						<name role="필자">阿峴洞人</name>
					</paragraph>
				</content>
			</text>
		</level3>
		<level3 id="ma_083_0010_0190">
			<front>
				<biblioData>
					<title>
						<mainTitle>家政經濟에 對하야</mainTitle>
						<alternative lang="kor">가정경제에 대하야</alternative>
					</title>
					<creator>
						<author>
							<name>文賢子</name>
							<name lang="kor">문현자</name>
						</author>
					</creator>
					<subjectClass code="ma00"/>
				</biblioData>
				<illustGroup>
					<illustration begin="ma_083_0010_0071" end="ma_083_0010_0072"/>
				</illustGroup>
			</front>
			<text>
				<content>
					<paragraph>
						<pTitle type="기사명">家政經濟에 對하야 (가정경제에 대하야)</pTitle>
						<name role="필자">文賢子</name>
					</paragraph>
				</content>
			</text>
		</level3>
		<level3 id="ma_083_0010_0200">
			<front>
				<biblioData>
					<title>
						<mainTitle>餘言</mainTitle>
						<alternative lang="kor">여언</alternative>
					</title>
					<subjectClass code="ma00"/>
				</biblioData>
				<illustGroup>
					<illustration begin="ma_083_0010_0073" end="ma_083_0010_0078"/>
				</illustGroup>
			</front>
			<text>
				<content>
					<paragraph>
						<pTitle type="기사명">餘言 (여언)</pTitle>
					</paragraph>
				</content>
			</text>
		</level3>
	</level2>
</level1>
