<?xml version="1.0" encoding="UTF-8"?>
<!DOCTYPE level1 SYSTEM "history.dtd">
<level1 id="ma_071">
	<front>
		<biblioData type="목차제공잡지">
			<title>
				<mainTitle>산업계</mainTitle>
			</title>
			<binderPeriod begin="1923-12-00" end="1924-09-00"/>
		</biblioData>
		<description>
			<biblioExplanation groupID="02" groupName="일제시기 잡지 해제" id="ma_071_exp" name="산업계 産業界">
				<content>
					<paragraph>1923년 12월 1일에 창간된 조선물산장려회(朝鮮物産奬勵會)의 기관지. 1924년 9월 8일 제5호로 종간되었다. 편집 겸 발행인은 유성준(兪星濬). 발행소는 조선물산장려회였지만, 인쇄소의 경우는 제1호는 보광사(普光社), 제2호, 제3호는 신생활사(新生活社), 제4호, 제5호는 한성도서주식회사(漢城圖書株式會社)로 일정하지 않았다.  조선물산장려회는 1923년 1월 20일 유진태(兪鎭泰), 이종린(李鍾麟), 백관수(白寬洙) 등 20여 단체의 대표들이 모여 결성한 단체로 집행기관으로 이사회를 설치하여 20명의 이사를 선출하고 유성준을 이사장으로 선출했다. 조선물산장려회는 창립 직후부터 남자는 두루마기, 여자는 치마를 토산품 또는 가공품을 염색하여 입고 음식 및 일용품은 가능한 한 토산품을 사용할 것을 결의하였다. 그리고 이를 계몽하기 위하여 강연회를 개최하고 가두시위를 하며 선전활동을 벌였다. 그러나 이 열기는 1년도 되지 못하여 급격히 냉각되고 말았는데, {산업계}가 발간된 것도 이즈음이었다.   창간호에는 조선물산장려회의 활동과 관련된 자료들이 수록되어 있다. 「조선물산장려회의 취지서」, 「헌칙(憲則)」, 「회의록」, 「이사회회록(理事會會錄)」, 「회원명부록」, 「조선물산경성소비조합의 강령 및 정관」등이 그것이다. 권두언에서는 '조선과 조선사람은 생산을 증진하고 소비를 절약하기를 서로 공약하자는 것이 오인의 주장이다'라고 조선물산장려회의 입장을 명백히 밝히고 있다. 이종린은 '물산장려와 산업계'라는 부제로 쓴 창간사에서 자급자족을 강조했다. 이외에도 창간호는 경제전문잡지를 표방한 만큼 주로 산업문제에 관해 언급하고 있다( 是人, 「산업화하자」, 金喆壽, 「산업과 생활」, 曺定昊, 「우리의 오직 취할 것은 산업일뿐이다」등).  제2호(1924년 1월호)에는 '당국의 검열을 거쳐 발행하므로 정치시사를 논평할 자유가 없다'는 점을 밝히고 있다. 제2호에는 이종린(「우리의 과거와 장래」), 선우전(鮮于全, 「산업계를 통하여」), 나경석( 羅景錫, 「飢渴頂點에 立하여」) 등 대표적인 물산장려운동론자들의 글이 망라되어 실려 있다. 또 한명의 대표논객인 설태희(薛泰熙)의 글(「조선인의 현재경제적 처지와 물산장려」)은 삭제당해 실리지 못했다. 이외에도 조선물산장려회 활동 관련기사와 (「조선물산지상품평회」, 「조선물산장려회회원명부록」) 문예물(「소녀의 슬픔」, 「나는 槿紅이여요」)이 실려 있다.  제3호(1924년 3월호)에는 주로 조선의 산업관련 조사의 필요성을 강조한 논설(이순탁, 「조선인생산조사의 필요를 논함」)과 현재 파악된 통계관련 기사들이 게재되어 있다(「조선내 각금융기관 대출총고」, 「조선경지면적」, 「조선농업에 관한 숫자적 고찰」,「경상남북도의 산업일람」등). 제4호(1924년 7월호)에는 조선물산장려회 제2회 총회관련 소식과 기사들이 게재되어 있다(이종린, 「본회의 제2회 총회를 경과하고서」, 「조선물산장려회제2회총회회록」). 그외에 조선산업과 관련된 각종 조사와 통계관련 기사들이 다수 실려 있다(「생활비조사보고」, 「작년 1년간의 조선무역」, 「최근 10년간의 무역상황」「경성노동임은표」, 「조선내 각지 조합은행 영업상황」). 그런데 안재홍의 글(「결생적으로 생활권내로 약진하자」)은 검열에 걸려 전문이 삭제됨으로써 실리지 못했다.   종간호에 해당되는 제5호(1924년 9월호)의 표지에는 '내살림은 내것으로 조선사람 조선것'이라는 표어가 등장한다. 제5호는 물산장려운동론자들의 논설보다는 당시 조선산업계의 현실을 알려주는 구체적인 기사들로 지면을 채우고 있다. 통계기사의 경우는 「최근산업통계일속」이라는 제목 하에 일목요연하게 배치해 놓았다. 그리고 사회주의에 대해 언급한 글(宋鍾愚, 「경제적 위기에 임한 사상적 경향」)도 주목을 끈다. 이처럼 {산업계}는 물산장려운동이 소강상태로 들어갈 무렵, 창간되어 1년 동안 5회를 발행하는데 그치고 말았던 경제잡지였다. 그러나 물산장려운동 관련 연구에서는 반드시 검토해야 하는 중요한 자료로서의 가치를 갖고 있는 잡지다.</paragraph>
				</content>
			</biblioExplanation>
		</description>
	</front>
	<level2 id="ma_071_0010">
		<front>
			<biblioData>
				<title>
					<mainTitle volume="제1호">산업계 제1호</mainTitle>
				</title>
				<publication>
					<publisher/>
					<dateIssued date="1923-12-01">1923년 12월 1일</dateIssued>
				</publication>
			</biblioData>
		</front>
		<level3 id="ma_071_0010_0010">
			<front>
				<biblioData>
					<title>
						<mainTitle>卷頭言</mainTitle>
					</title>
					<subjectClass code="ma00"/>
				</biblioData>
			</front>
			<text>
				<content>
					<paragraph>
						<pTitle type="기사명">卷頭言</pTitle>
					</paragraph>
				</content>
			</text>
		</level3>
		<level3 id="ma_071_0010_0020">
			<front>
				<biblioData>
					<title>
						<mainTitle>創刊辭-物産獎勵와 産業界</mainTitle>
					</title>
					<creator>
						<author>
							<name>李鍾麟</name>
						</author>
					</creator>
					<subjectClass code="ma00"/>
				</biblioData>
			</front>
			<text>
				<content>
					<paragraph>
						<pTitle type="기사명">創刊辭-物産獎勵와 産業界</pTitle>
						<name role="필자">李鍾麟</name>
					</paragraph>
				</content>
			</text>
		</level3>
		<level3 id="ma_071_0010_0030">
			<front>
				<biblioData>
					<title>
						<mainTitle>産業化하자</mainTitle>
					</title>
					<creator>
						<author>
							<name>是人</name>
						</author>
					</creator>
					<subjectClass code="ma00"/>
				</biblioData>
			</front>
			<text>
				<content>
					<paragraph>
						<pTitle type="기사명">産業化하자</pTitle>
						<name role="필자">是人</name>
					</paragraph>
				</content>
			</text>
		</level3>
		<level3 id="ma_071_0010_0040">
			<front>
				<biblioData>
					<title>
						<mainTitle>폐지차님(1)</mainTitle>
					</title>
					<subjectClass code="ma00"/>
				</biblioData>
			</front>
			<text>
				<content>
					<paragraph>
						<pTitle type="기사명">폐지차님</pTitle>
					</paragraph>
				</content>
			</text>
		</level3>
		<level3 id="ma_071_0010_0050">
			<front>
				<biblioData>
					<title>
						<mainTitle>産業과 生活</mainTitle>
					</title>
					<creator>
						<author>
							<name>金喆壽</name>
						</author>
					</creator>
					<subjectClass code="ma00"/>
				</biblioData>
			</front>
			<text>
				<content>
					<paragraph>
						<pTitle type="기사명">産業과 生活</pTitle>
						<name role="필자">金喆壽</name>
					</paragraph>
				</content>
			</text>
		</level3>
		<level3 id="ma_071_0010_0060">
			<front>
				<biblioData>
					<title>
						<mainTitle>폐지차님(2)</mainTitle>
					</title>
					<subjectClass code="ma00"/>
				</biblioData>
			</front>
			<text>
				<content>
					<paragraph>
						<pTitle type="기사명">폐지차님</pTitle>
					</paragraph>
				</content>
			</text>
		</level3>
		<level3 id="ma_071_0010_0070">
			<front>
				<biblioData>
					<title>
						<mainTitle>우리의 오즉 取할 것은 産業일 뿐이다</mainTitle>
					</title>
					<creator>
						<author>
							<name>曹定昊</name>
						</author>
					</creator>
					<subjectClass code="ma00"/>
				</biblioData>
			</front>
			<text>
				<content>
					<paragraph>
						<pTitle type="기사명">우리의 오즉 取할 것은 産業일 뿐이다</pTitle>
						<name role="필자">曹定昊</name>
					</paragraph>
				</content>
			</text>
		</level3>
		<level3 id="ma_071_0010_0080">
			<front>
				<biblioData>
					<title>
						<mainTitle>폐지차님(3)</mainTitle>
					</title>
					<subjectClass code="ma00"/>
				</biblioData>
			</front>
			<text>
				<content>
					<paragraph>
						<pTitle type="기사명">폐지차님</pTitle>
					</paragraph>
				</content>
			</text>
		</level3>
		<level3 id="ma_071_0010_0090">
			<front>
				<biblioData>
					<title>
						<mainTitle>우리는 이러한 素質이 잇다</mainTitle>
					</title>
					<creator>
						<author>
							<name>金秉濬</name>
						</author>
					</creator>
					<subjectClass code="ma00"/>
				</biblioData>
			</front>
			<text>
				<content>
					<paragraph>
						<pTitle type="기사명">우리는 이러한 素質이 잇다</pTitle>
						<name role="필자">金秉濬</name>
					</paragraph>
				</content>
			</text>
		</level3>
		<level3 id="ma_071_0010_0100">
			<front>
				<biblioData>
					<title>
						<mainTitle>貧病에 良醫될 이 누구인고</mainTitle>
					</title>
					<creator>
						<author>
							<name>翠園</name>
						</author>
					</creator>
					<subjectClass code="ma00"/>
				</biblioData>
			</front>
			<text>
				<content>
					<paragraph>
						<pTitle type="기사명">貧病에 良醫될 이 누구인고</pTitle>
						<name role="필자">翠園</name>
					</paragraph>
				</content>
			</text>
		</level3>
		<level3 id="ma_071_0010_0110">
			<front>
				<biblioData>
					<title>
						<mainTitle>新製品作名法</mainTitle>
					</title>
					<creator>
						<author>
							<name>夢蛇生</name>
						</author>
					</creator>
					<subjectClass code="ma00"/>
				</biblioData>
			</front>
			<text>
				<content>
					<paragraph>
						<pTitle type="기사명">新製品作名法</pTitle>
						<name role="필자">夢蛇生</name>
					</paragraph>
				</content>
			</text>
		</level3>
		<level3 id="ma_071_0010_0120">
			<front>
				<biblioData>
					<title>
						<mainTitle>폐지차님(4)</mainTitle>
					</title>
					<subjectClass code="ma00"/>
				</biblioData>
			</front>
			<text>
				<content>
					<paragraph>
						<pTitle type="기사명">폐지차님</pTitle>
					</paragraph>
				</content>
			</text>
		</level3>
		<level3 id="ma_071_0010_0130">
			<front>
				<biblioData>
					<title>
						<mainTitle>北鮮巡禮의 雜觀一束</mainTitle>
					</title>
					<creator>
						<author>
							<name>辛泰嶽</name>
						</author>
					</creator>
					<subjectClass code="ma00"/>
				</biblioData>
			</front>
			<text>
				<content>
					<paragraph>
						<pTitle type="기사명">北鮮巡禮의 雜觀一束</pTitle>
						<name role="필자">辛泰嶽</name>
					</paragraph>
				</content>
			</text>
		</level3>
		<level3 id="ma_071_0010_0140">
			<front>
				<biblioData>
					<title>
						<mainTitle>朝鮮農産地와 生産力</mainTitle>
					</title>
					<creator>
						<author>
							<name>公民</name>
						</author>
					</creator>
					<subjectClass code="ma00"/>
				</biblioData>
			</front>
			<text>
				<content>
					<paragraph>
						<pTitle type="기사명">朝鮮農産地와 生産力</pTitle>
						<name role="필자">公民</name>
					</paragraph>
				</content>
			</text>
		</level3>
		<level3 id="ma_071_0010_0150">
			<front>
				<biblioData>
					<title>
						<mainTitle>産業上重要統計</mainTitle>
					</title>
					<subjectClass code="ma00"/>
				</biblioData>
			</front>
			<text>
				<content>
					<paragraph>
						<pTitle type="기사명">産業上重要統計</pTitle>
					</paragraph>
				</content>
			</text>
		</level3>
		<level3 id="ma_071_0010_0160">
			<front>
				<biblioData>
					<title>
						<mainTitle>朝鮮物産獎勵會趣旨書</mainTitle>
					</title>
					<subjectClass code="ma00"/>
				</biblioData>
			</front>
			<text>
				<content>
					<paragraph>
						<pTitle type="기사명">朝鮮物産獎勵會趣旨書</pTitle>
					</paragraph>
				</content>
			</text>
		</level3>
		<level3 id="ma_071_0010_0170">
			<front>
				<biblioData>
					<title>
						<mainTitle>폐지차님(5)</mainTitle>
					</title>
					<subjectClass code="ma00"/>
				</biblioData>
			</front>
			<text>
				<content>
					<paragraph>
						<pTitle type="기사명">폐지차님</pTitle>
					</paragraph>
				</content>
			</text>
		</level3>
		<level3 id="ma_071_0010_0180">
			<front>
				<biblioData>
					<title>
						<mainTitle>朝鮮物産獎勵會憲則</mainTitle>
					</title>
					<subjectClass code="ma00"/>
				</biblioData>
			</front>
			<text>
				<content>
					<paragraph>
						<pTitle type="기사명">朝鮮物産獎勵會憲則</pTitle>
					</paragraph>
				</content>
			</text>
		</level3>
		<level3 id="ma_071_0010_0190">
			<front>
				<biblioData>
					<title>
						<mainTitle>消費組合의 來歷과 經營</mainTitle>
					</title>
					<creator>
						<author>
							<name>公民</name>
						</author>
					</creator>
					<subjectClass code="ma00"/>
				</biblioData>
			</front>
			<text>
				<content>
					<paragraph>
						<pTitle type="기사명">消費組合의 來歷과 經營</pTitle>
						<name role="필자">公民</name>
					</paragraph>
				</content>
			</text>
		</level3>
		<level3 id="ma_071_0010_0200">
			<front>
				<biblioData>
					<title>
						<mainTitle>朝鮮物産京城消費組合綱領</mainTitle>
					</title>
					<subjectClass code="ma00"/>
				</biblioData>
			</front>
			<text>
				<content>
					<paragraph>
						<pTitle type="기사명">朝鮮物産京城消費組合綱領</pTitle>
					</paragraph>
				</content>
			</text>
		</level3>
		<level3 id="ma_071_0010_0210">
			<front>
				<biblioData>
					<title>
						<mainTitle>朝鮮物産京城消費組合定款</mainTitle>
					</title>
					<subjectClass code="ma00"/>
				</biblioData>
			</front>
			<text>
				<content>
					<paragraph>
						<pTitle type="기사명">朝鮮物産京城消費組合定款</pTitle>
					</paragraph>
				</content>
			</text>
		</level3>
		<level3 id="ma_071_0010_0220">
			<front>
				<biblioData>
					<title>
						<mainTitle>朝鮮物産獎勵會會錄</mainTitle>
					</title>
					<subjectClass code="ma00"/>
				</biblioData>
			</front>
			<text>
				<content>
					<paragraph>
						<pTitle type="기사명">朝鮮物産獎勵會會錄</pTitle>
					</paragraph>
				</content>
			</text>
		</level3>
		<level3 id="ma_071_0010_0230">
			<front>
				<biblioData>
					<title>
						<mainTitle>朝鮮物産獎勵會理事會會錄</mainTitle>
					</title>
					<subjectClass code="ma00"/>
				</biblioData>
			</front>
			<text>
				<content>
					<paragraph>
						<pTitle type="기사명">朝鮮物産獎勵會理事會會錄</pTitle>
					</paragraph>
				</content>
			</text>
		</level3>
		<level3 id="ma_071_0010_0240">
			<front>
				<biblioData>
					<title>
						<mainTitle>朝鮮物産獎勵會會員名簿錄(1)</mainTitle>
					</title>
					<subjectClass code="ma00"/>
				</biblioData>
			</front>
			<text>
				<content>
					<paragraph>
						<pTitle type="기사명">朝鮮物産獎勵會會員名簿錄</pTitle>
					</paragraph>
				</content>
			</text>
		</level3>
		<level3 id="ma_071_0010_0250">
			<front>
				<biblioData>
					<title>
						<mainTitle>編輯室에서</mainTitle>
					</title>
					<subjectClass code="ma00"/>
				</biblioData>
			</front>
			<text>
				<content>
					<paragraph>
						<pTitle type="기사명">編輯室에서</pTitle>
					</paragraph>
				</content>
			</text>
		</level3>
	</level2>
	<level2 id="ma_071_0020">
		<front>
			<biblioData>
				<title>
					<mainTitle volume="제2호">산업계 제2호</mainTitle>
				</title>
				<publication>
					<publisher/>
					<dateIssued date="1924-01-16">1924년 1월 16일</dateIssued>
				</publication>
			</biblioData>
		</front>
		<level3 id="ma_071_0020_0010">
			<front>
				<biblioData>
					<title>
						<mainTitle>卷頭言-新年의 喜懼</mainTitle>
					</title>
					<subjectClass code="ma00"/>
				</biblioData>
			</front>
			<text>
				<content>
					<paragraph>
						<pTitle type="기사명">卷頭言-新年의 喜懼</pTitle>
					</paragraph>
				</content>
			</text>
		</level3>
		<level3 id="ma_071_0020_0020">
			<front>
				<biblioData>
					<title>
						<mainTitle>우리의 過去와 將來</mainTitle>
					</title>
					<creator>
						<author>
							<name>李鍾麟</name>
						</author>
					</creator>
					<subjectClass code="ma00"/>
				</biblioData>
			</front>
			<text>
				<content>
					<paragraph>
						<pTitle type="기사명">우리의 過去와 將來</pTitle>
						<name role="필자">李鍾麟</name>
					</paragraph>
				</content>
			</text>
		</level3>
		<level3 id="ma_071_0020_0030">
			<front>
				<biblioData>
					<title>
						<mainTitle>物産獎勵의 第一着을 何方面으로부터 入手할가</mainTitle>
					</title>
					<creator>
						<author>
							<name>金炳僖</name>
						</author>
					</creator>
					<subjectClass code="ma00"/>
				</biblioData>
			</front>
			<text>
				<content>
					<paragraph>
						<pTitle type="기사명">物産獎勵의 第一着을 何方面으로부터 入手할가</pTitle>
						<name role="필자">金炳僖</name>
					</paragraph>
				</content>
			</text>
		</level3>
		<level3 id="ma_071_0020_0040">
			<front>
				<biblioData>
					<title>
						<mainTitle>폐지차임(7)</mainTitle>
					</title>
					<subjectClass code="ma00"/>
				</biblioData>
			</front>
			<text>
				<content>
					<paragraph>
						<pTitle type="기사명">폐지차임</pTitle>
					</paragraph>
				</content>
			</text>
		</level3>
		<level3 id="ma_071_0020_0050">
			<front>
				<biblioData>
					<title>
						<mainTitle>昨年度稻作豫想</mainTitle>
					</title>
					<subjectClass code="ma00"/>
				</biblioData>
			</front>
			<text>
				<content>
					<paragraph>
						<pTitle type="기사명">昨年度稻作豫想</pTitle>
					</paragraph>
				</content>
			</text>
		</level3>
		<level3 id="ma_071_0020_0060">
			<front>
				<biblioData>
					<title>
						<mainTitle>飢渴頂點에 立하야</mainTitle>
					</title>
					<creator>
						<author>
							<name>羅景錫</name>
						</author>
					</creator>
					<subjectClass code="ma00"/>
				</biblioData>
			</front>
			<text>
				<content>
					<paragraph>
						<pTitle type="기사명">飢渴頂點에 立하야</pTitle>
						<name role="필자">羅景錫</name>
					</paragraph>
				</content>
			</text>
		</level3>
		<level3 id="ma_071_0020_0070">
			<front>
				<biblioData>
					<title>
						<mainTitle>朝鮮現在人口數(12월 1일)</mainTitle>
					</title>
					<subjectClass code="ma00"/>
				</biblioData>
			</front>
			<text>
				<content>
					<paragraph>
						<pTitle type="기사명">朝鮮現在人口數</pTitle>
					</paragraph>
				</content>
			</text>
		</level3>
		<level3 id="ma_071_0020_0080">
			<front>
				<biblioData>
					<title>
						<mainTitle>産業界를 通하야-무엇보다도 勞力</mainTitle>
					</title>
					<creator>
						<author>
							<name>鮮于全</name>
						</author>
					</creator>
					<subjectClass code="ma00"/>
				</biblioData>
			</front>
			<text>
				<content>
					<paragraph>
						<pTitle type="기사명">産業界를 通하야-무엇보다도 勞力</pTitle>
						<name role="필자">鮮于全</name>
					</paragraph>
				</content>
			</text>
		</level3>
		<level3 id="ma_071_0020_0090">
			<front>
				<biblioData>
					<title>
						<mainTitle>폐지차임(8)</mainTitle>
					</title>
					<subjectClass code="ma00"/>
				</biblioData>
			</front>
			<text>
				<content>
					<paragraph>
						<pTitle type="기사명">폐지차임</pTitle>
					</paragraph>
				</content>
			</text>
		</level3>
		<level3 id="ma_071_0020_0100">
			<front>
				<biblioData>
					<title>
						<mainTitle>重病中에 朝鮮</mainTitle>
					</title>
					<creator>
						<author>
							<name>李載甲</name>
						</author>
					</creator>
					<subjectClass code="ma00"/>
				</biblioData>
			</front>
			<text>
				<content>
					<paragraph>
						<pTitle type="기사명">重病中에 朝鮮</pTitle>
						<name role="필자">李載甲</name>
					</paragraph>
				</content>
			</text>
		</level3>
		<level3 id="ma_071_0020_0110">
			<front>
				<biblioData>
					<title>
						<mainTitle>폐지차임(9)</mainTitle>
					</title>
					<subjectClass code="ma00"/>
				</biblioData>
			</front>
			<text>
				<content>
					<paragraph>
						<pTitle type="기사명">폐지차임</pTitle>
					</paragraph>
				</content>
			</text>
		</level3>
		<level3 id="ma_071_0020_0120">
			<front>
				<biblioData>
					<title>
						<mainTitle>産業組合의 種類와 組織</mainTitle>
					</title>
					<creator>
						<author>
							<name>에쓰生</name>
						</author>
					</creator>
					<subjectClass code="ma00"/>
				</biblioData>
			</front>
			<text>
				<content>
					<paragraph>
						<pTitle type="기사명">産業組合의 種類와 組織</pTitle>
						<name role="필자">에쓰生</name>
					</paragraph>
				</content>
			</text>
		</level3>
		<level3 id="ma_071_0020_0130">
			<front>
				<biblioData>
					<title>
						<mainTitle>朝鮮의 副業的 小工業</mainTitle>
					</title>
					<subjectClass code="ma00"/>
				</biblioData>
			</front>
			<text>
				<content>
					<paragraph>
						<pTitle type="기사명">朝鮮의 副業的 小工業</pTitle>
					</paragraph>
				</content>
			</text>
		</level3>
		<level3 id="ma_071_0020_0140">
			<front>
				<biblioData>
					<title>
						<mainTitle>家畜家禽의 數(1922년 12월말)</mainTitle>
					</title>
					<subjectClass code="ma00"/>
				</biblioData>
			</front>
			<text>
				<content>
					<paragraph>
						<pTitle type="기사명">家畜家禽의 數</pTitle>
					</paragraph>
				</content>
			</text>
		</level3>
		<level3 id="ma_071_0020_0150">
			<front>
				<biblioData>
					<title>
						<mainTitle>朝鮮物産 紙上品評會</mainTitle>
					</title>
					<creator>
						<author>
							<name>梧村</name>
						</author>
					</creator>
					<subjectClass code="ma00"/>
				</biblioData>
			</front>
			<text>
				<content>
					<paragraph>
						<pTitle type="기사명">朝鮮物産 紙上品評會</pTitle>
						<name role="필자">梧村</name>
					</paragraph>
				</content>
			</text>
		</level3>
		<level3 id="ma_071_0020_0160">
			<front>
				<biblioData>
					<title>
						<mainTitle>中國麻布輸入額</mainTitle>
					</title>
					<subjectClass code="ma00"/>
				</biblioData>
			</front>
			<text>
				<content>
					<paragraph>
						<pTitle type="기사명">中國麻布輸入額</pTitle>
					</paragraph>
				</content>
			</text>
		</level3>
		<level3 id="ma_071_0020_0170">
			<front>
				<biblioData>
					<title>
						<mainTitle>消費組合과 로틔델式의 特點</mainTitle>
					</title>
					<creator>
						<author>
							<name>金喆壽</name>
						</author>
					</creator>
					<subjectClass code="ma00"/>
				</biblioData>
			</front>
			<text>
				<content>
					<paragraph>
						<pTitle type="기사명">消費組合과 로틔델式의 特點</pTitle>
						<name role="필자">金喆壽</name>
					</paragraph>
				</content>
			</text>
		</level3>
		<level3 id="ma_071_0020_0180">
			<front>
				<biblioData>
					<title>
						<mainTitle>폐지차임(10)</mainTitle>
					</title>
					<subjectClass code="ma00"/>
				</biblioData>
			</front>
			<text>
				<content>
					<paragraph>
						<pTitle type="기사명">폐지차임</pTitle>
					</paragraph>
				</content>
			</text>
		</level3>
		<level3 id="ma_071_0020_0190">
			<front>
				<biblioData>
					<title>
						<mainTitle>생각나는 대로</mainTitle>
					</title>
					<creator>
						<author>
							<name>曹定昊</name>
						</author>
					</creator>
					<subjectClass code="ma00"/>
				</biblioData>
			</front>
			<text>
				<content>
					<paragraph>
						<pTitle type="기사명">생각나는 대로</pTitle>
						<name role="필자">曹定昊</name>
					</paragraph>
				</content>
			</text>
		</level3>
		<level3 id="ma_071_0020_0200">
			<front>
				<biblioData>
					<title>
						<mainTitle>新製品作名法(2)</mainTitle>
					</title>
					<creator>
						<author>
							<name>夢蛇生</name>
						</author>
					</creator>
					<subjectClass code="ma00"/>
				</biblioData>
			</front>
			<text>
				<content>
					<paragraph>
						<pTitle type="기사명">新製品作名法</pTitle>
						<name role="필자">夢蛇生</name>
					</paragraph>
				</content>
			</text>
		</level3>
		<level3 id="ma_071_0020_0210">
			<front>
				<biblioData>
					<title>
						<mainTitle>폐지차임(11)</mainTitle>
					</title>
					<subjectClass code="ma00"/>
				</biblioData>
			</front>
			<text>
				<content>
					<paragraph>
						<pTitle type="기사명">폐지차임</pTitle>
					</paragraph>
				</content>
			</text>
		</level3>
		<level3 id="ma_071_0020_0220">
			<front>
				<biblioData>
					<title>
						<mainTitle>六調備廛論</mainTitle>
					</title>
					<creator>
						<author>
							<name>박동한</name>
						</author>
					</creator>
					<subjectClass code="ma00"/>
				</biblioData>
			</front>
			<text>
				<content>
					<paragraph>
						<pTitle type="기사명">六調備廛論</pTitle>
						<name role="필자">박동한</name>
					</paragraph>
				</content>
			</text>
		</level3>
		<level3 id="ma_071_0020_0230">
			<front>
				<biblioData>
					<title>
						<mainTitle>奉天서 京城에</mainTitle>
					</title>
					<creator>
						<author>
							<name>公民</name>
						</author>
					</creator>
					<subjectClass code="ma00"/>
				</biblioData>
			</front>
			<text>
				<content>
					<paragraph>
						<pTitle type="기사명">奉天서 京城에</pTitle>
						<name role="필자">公民</name>
					</paragraph>
				</content>
			</text>
		</level3>
		<level3 id="ma_071_0020_0240">
			<front>
				<biblioData>
					<title>
						<mainTitle>아버님전상서</mainTitle>
					</title>
					<creator>
						<author>
							<name>乭伊</name>
						</author>
					</creator>
					<subjectClass code="ma00"/>
				</biblioData>
			</front>
			<text>
				<content>
					<paragraph>
						<pTitle type="기사명">아버님전상서</pTitle>
						<name role="필자">乭伊</name>
					</paragraph>
				</content>
			</text>
		</level3>
		<level3 id="ma_071_0020_0250">
			<front>
				<biblioData>
					<title>
						<mainTitle>소년의 슬픔</mainTitle>
					</title>
					<subjectClass code="ma00"/>
				</biblioData>
			</front>
			<text>
				<content>
					<paragraph>
						<pTitle type="기사명">소년의 슬픔</pTitle>
					</paragraph>
				</content>
			</text>
		</level3>
		<level3 id="ma_071_0020_0260">
			<front>
				<biblioData>
					<title>
						<mainTitle>나는 槿紅이여요(上)</mainTitle>
					</title>
					<creator>
						<author>
							<name>凰山</name>
						</author>
					</creator>
					<subjectClass code="ma00"/>
				</biblioData>
			</front>
			<text>
				<content>
					<paragraph>
						<pTitle type="기사명">나는 槿紅이여요</pTitle>
						<name role="필자">凰山</name>
					</paragraph>
				</content>
			</text>
		</level3>
		<level3 id="ma_071_0020_0270">
			<front>
				<biblioData>
					<title>
						<mainTitle>당신의 家運을 爲하야</mainTitle>
					</title>
					<subjectClass code="ma00"/>
				</biblioData>
			</front>
			<text>
				<content>
					<paragraph>
						<pTitle type="기사명">당신의 家運을 爲하야</pTitle>
					</paragraph>
				</content>
			</text>
		</level3>
		<level3 id="ma_071_0020_0280">
			<front>
				<biblioData>
					<title>
						<mainTitle>朝鮮物産獎勵會會員名簿錄(2)</mainTitle>
					</title>
					<subjectClass code="ma00"/>
				</biblioData>
			</front>
			<text>
				<content>
					<paragraph>
						<pTitle type="기사명">朝鮮物産獎勵會會員名簿錄</pTitle>
					</paragraph>
				</content>
			</text>
		</level3>
	</level2>
	<level2 id="ma_071_0030">
		<front>
			<biblioData>
				<title>
					<mainTitle volume="제3호">산업계 제3호</mainTitle>
				</title>
				<publication>
					<publisher/>
					<dateIssued date="1924-03-15">1924년 3월 15일</dateIssued>
				</publication>
			</biblioData>
		</front>
		<level3 id="ma_071_0030_0010">
			<front>
				<biblioData>
					<title>
						<mainTitle>朝鮮人口增加表</mainTitle>
					</title>
					<subjectClass code="ma00"/>
				</biblioData>
			</front>
			<text>
				<content>
					<paragraph>
						<pTitle type="기사명">朝鮮人口增加表</pTitle>
					</paragraph>
				</content>
			</text>
		</level3>
		<level3 id="ma_071_0030_0020">
			<front>
				<biblioData>
					<title>
						<mainTitle>一週年 紀念을 當하야</mainTitle>
					</title>
					<subjectClass code="ma00"/>
				</biblioData>
			</front>
			<text>
				<content>
					<paragraph>
						<pTitle type="기사명">一週年 紀念을 當하야</pTitle>
					</paragraph>
				</content>
			</text>
		</level3>
		<level3 id="ma_071_0030_0030">
			<front>
				<biblioData>
					<title>
						<mainTitle>朝鮮耕地面積(1922년 현재)</mainTitle>
					</title>
					<subjectClass code="ma00"/>
				</biblioData>
			</front>
			<text>
				<content>
					<paragraph>
						<pTitle type="기사명">朝鮮耕地面積</pTitle>
					</paragraph>
				</content>
			</text>
		</level3>
		<level3 id="ma_071_0030_0040">
			<front>
				<biblioData>
					<title>
						<mainTitle>吾人의 生命은 産業振興에 잇다</mainTitle>
					</title>
					<creator>
						<author>
							<name>姜濟東</name>
						</author>
					</creator>
					<subjectClass code="ma00"/>
				</biblioData>
			</front>
			<text>
				<content>
					<paragraph>
						<pTitle type="기사명">吾人의 生命은 産業振興에 잇다</pTitle>
						<name role="필자">姜濟東</name>
					</paragraph>
				</content>
			</text>
		</level3>
		<level3 id="ma_071_0030_0050">
			<front>
				<biblioData>
					<title>
						<mainTitle>昔今에 京城人口</mainTitle>
					</title>
					<subjectClass code="ma00"/>
				</biblioData>
			</front>
			<text>
				<content>
					<paragraph>
						<pTitle type="기사명">昔今에 京城人口</pTitle>
					</paragraph>
				</content>
			</text>
		</level3>
		<level3 id="ma_071_0030_0060">
			<front>
				<biblioData>
					<title>
						<mainTitle>그래도 살수 잇는 우리이다</mainTitle>
					</title>
					<creator>
						<author>
							<name>金炯昊</name>
						</author>
					</creator>
					<subjectClass code="ma00"/>
				</biblioData>
			</front>
			<text>
				<content>
					<paragraph>
						<pTitle type="기사명">그래도 살수 잇는 우리이다</pTitle>
						<name role="필자">金炯昊</name>
					</paragraph>
				</content>
			</text>
		</level3>
		<level3 id="ma_071_0030_0070">
			<front>
				<biblioData>
					<title>
						<mainTitle>商品生産과 吾人의 省察</mainTitle>
					</title>
					<creator>
						<author>
							<name>宋鍾愚</name>
						</author>
					</creator>
					<subjectClass code="ma00"/>
				</biblioData>
			</front>
			<text>
				<content>
					<paragraph>
						<pTitle type="기사명">商品生産과 吾人의 省察</pTitle>
						<name role="필자">宋鍾愚</name>
					</paragraph>
				</content>
			</text>
		</level3>
		<level3 id="ma_071_0030_0080">
			<front>
				<biblioData>
					<title>
						<mainTitle>消費組合과 로틔델式의 特点(2)</mainTitle>
					</title>
					<creator>
						<author>
							<name>金喆壽</name>
						</author>
					</creator>
					<subjectClass code="ma00"/>
				</biblioData>
			</front>
			<text>
				<content>
					<paragraph>
						<pTitle type="기사명">消費組合과 로틔델式의 特点</pTitle>
						<name role="필자">金喆壽</name>
					</paragraph>
				</content>
			</text>
		</level3>
		<level3 id="ma_071_0030_0090">
			<front>
				<biblioData>
					<title>
						<mainTitle>朝鮮人 生産調査의 必要를 論함</mainTitle>
					</title>
					<creator>
						<author>
							<name>李順鐸</name>
						</author>
					</creator>
					<subjectClass code="ma00"/>
				</biblioData>
			</front>
			<text>
				<content>
					<paragraph>
						<pTitle type="기사명">朝鮮人 生産調査의 必要를 論함</pTitle>
						<name role="필자">李順鐸</name>
					</paragraph>
				</content>
			</text>
		</level3>
		<level3 id="ma_071_0030_0100">
			<front>
				<biblioData>
					<title>
						<mainTitle>朝鮮農業에 關한 數字的 考察</mainTitle>
					</title>
					<creator>
						<author>
							<name>宜春生</name>
						</author>
					</creator>
					<subjectClass code="ma00"/>
				</biblioData>
			</front>
			<text>
				<content>
					<paragraph>
						<pTitle type="기사명">朝鮮農業에 關한 數字的 考察</pTitle>
						<name role="필자">宜春生</name>
					</paragraph>
				</content>
			</text>
		</level3>
		<level3 id="ma_071_0030_0110">
			<front>
				<biblioData>
					<title>
						<mainTitle>朝鮮內 各金融機關 貸出總高</mainTitle>
					</title>
					<subjectClass code="ma00"/>
				</biblioData>
			</front>
			<text>
				<content>
					<paragraph>
						<pTitle type="기사명">朝鮮內 各金融機關 貸出總高</pTitle>
					</paragraph>
				</content>
			</text>
		</level3>
		<level3 id="ma_071_0030_0120">
			<front>
				<biblioData>
					<title>
						<mainTitle>醬독과 바누질間에 介在한 朝鮮</mainTitle>
					</title>
					<creator>
						<author>
							<name>公民</name>
						</author>
					</creator>
					<subjectClass code="ma00"/>
				</biblioData>
			</front>
			<text>
				<content>
					<paragraph>
						<pTitle type="기사명">醬독과 바누질間에 介在한 朝鮮</pTitle>
						<name role="필자">公民</name>
					</paragraph>
				</content>
			</text>
		</level3>
		<level3 id="ma_071_0030_0130">
			<front>
				<biblioData>
					<title>
						<mainTitle>慶尙南北道의 産業一覽</mainTitle>
					</title>
					<creator>
						<author>
							<name>一記者</name>
						</author>
					</creator>
					<subjectClass code="ma00"/>
				</biblioData>
			</front>
			<text>
				<content>
					<paragraph>
						<pTitle type="기사명">慶尙南北道의 産業一覽</pTitle>
						<name role="필자">一記者</name>
					</paragraph>
				</content>
			</text>
		</level3>
		<level3 id="ma_071_0030_0140">
			<front>
				<biblioData>
					<title>
						<mainTitle>北鮮沿海 明太漁業에 對하야</mainTitle>
					</title>
					<creator>
						<author>
							<name>金秉濬</name>
						</author>
					</creator>
					<subjectClass code="ma00"/>
				</biblioData>
			</front>
			<text>
				<content>
					<paragraph>
						<pTitle type="기사명">北鮮沿海 明太漁業에 對하야</pTitle>
						<name role="필자">金秉濬</name>
					</paragraph>
				</content>
			</text>
		</level3>
		<level3 id="ma_071_0030_0150">
			<front>
				<biblioData>
					<title>
						<mainTitle>土</mainTitle>
					</title>
					<creator>
						<author>
							<name>李鍾麟</name>
						</author>
					</creator>
					<subjectClass code="ma00"/>
				</biblioData>
			</front>
			<text>
				<content>
					<paragraph>
						<pTitle type="기사명">土</pTitle>
						<name role="필자">李鍾麟</name>
					</paragraph>
				</content>
			</text>
		</level3>
		<level3 id="ma_071_0030_0160">
			<front>
				<biblioData>
					<title>
						<mainTitle>簡易實用製造室(1)</mainTitle>
					</title>
					<creator>
						<author>
							<name>延星欽</name>
						</author>
					</creator>
					<subjectClass code="ma00"/>
				</biblioData>
			</front>
			<text>
				<content>
					<paragraph>
						<pTitle type="기사명">簡易實用製造室</pTitle>
						<name role="필자">延星欽</name>
					</paragraph>
				</content>
			</text>
		</level3>
		<level3 id="ma_071_0030_0170">
			<front>
				<biblioData>
					<title>
						<mainTitle>朝鮮物産 紙上品評會</mainTitle>
					</title>
					<creator>
						<author>
							<name>一記者</name>
						</author>
					</creator>
					<subjectClass code="ma00"/>
				</biblioData>
			</front>
			<text>
				<content>
					<paragraph>
						<pTitle type="기사명">朝鮮物産 紙上品評會</pTitle>
						<name role="필자">一記者</name>
					</paragraph>
				</content>
			</text>
		</level3>
		<level3 id="ma_071_0030_0180">
			<front>
				<biblioData>
					<title>
						<mainTitle>漆室談-農事改良에 關하야</mainTitle>
					</title>
					<creator>
						<author>
							<name>反求子</name>
						</author>
					</creator>
					<subjectClass code="ma00"/>
				</biblioData>
			</front>
			<text>
				<content>
					<paragraph>
						<pTitle type="기사명">漆室談-農事改良에 關하야</pTitle>
						<name role="필자">反求子</name>
					</paragraph>
				</content>
			</text>
		</level3>
		<level3 id="ma_071_0030_0190">
			<front>
				<biblioData>
					<title>
						<mainTitle>未墾地貸付數(1)(1923년 현재)</mainTitle>
					</title>
					<subjectClass code="ma00"/>
				</biblioData>
			</front>
			<text>
				<content>
					<paragraph>
						<pTitle type="기사명">未墾地貸付數</pTitle>
					</paragraph>
				</content>
			</text>
		</level3>
		<level3 id="ma_071_0030_0200">
			<front>
				<biblioData>
					<title>
						<mainTitle>비오는 밤에</mainTitle>
					</title>
					<creator>
						<author>
							<name>ㄷㅎ</name>
						</author>
					</creator>
					<subjectClass code="ma00"/>
				</biblioData>
			</front>
			<text>
				<content>
					<paragraph>
						<pTitle type="기사명">비오는 밤에</pTitle>
						<name role="필자">ㄷㅎ</name>
					</paragraph>
				</content>
			</text>
		</level3>
		<level3 id="ma_071_0030_0210">
			<front>
				<biblioData>
					<title>
						<mainTitle>깨여라</mainTitle>
					</title>
					<creator>
						<author>
							<name>開城 禹昶亨</name>
						</author>
					</creator>
					<subjectClass code="ma00"/>
				</biblioData>
			</front>
			<text>
				<content>
					<paragraph>
						<pTitle type="기사명">깨여라</pTitle>
						<name role="필자">開城 禹昶亨</name>
					</paragraph>
				</content>
			</text>
		</level3>
		<level3 id="ma_071_0030_0220">
			<front>
				<biblioData>
					<title>
						<mainTitle>二十年의 回顧</mainTitle>
					</title>
					<creator>
						<author>
							<name>돌샘</name>
						</author>
					</creator>
					<subjectClass code="ma00"/>
				</biblioData>
			</front>
			<text>
				<content>
					<paragraph>
						<pTitle type="기사명">二十年의 回顧</pTitle>
						<name role="필자">돌샘</name>
					</paragraph>
				</content>
			</text>
		</level3>
		<level3 id="ma_071_0030_0230">
			<front>
				<biblioData>
					<title>
						<mainTitle>未墾地貸付數(2)</mainTitle>
					</title>
					<subjectClass code="ma00"/>
				</biblioData>
			</front>
			<text>
				<content>
					<paragraph>
						<pTitle type="기사명">未墾地貸付數</pTitle>
					</paragraph>
				</content>
			</text>
		</level3>
		<level3 id="ma_071_0030_0240">
			<front>
				<biblioData>
					<title>
						<mainTitle>紀念講演과 紀念餠</mainTitle>
					</title>
					<subjectClass code="ma00"/>
				</biblioData>
			</front>
			<text>
				<content>
					<paragraph>
						<pTitle type="기사명">紀念講演과 紀念餠</pTitle>
					</paragraph>
				</content>
			</text>
		</level3>
		<level3 id="ma_071_0030_0250">
			<front>
				<biblioData>
					<title>
						<mainTitle>이대로 갈가</mainTitle>
					</title>
					<creator>
						<author>
							<name>ㅈ生</name>
						</author>
					</creator>
					<subjectClass code="ma00"/>
				</biblioData>
			</front>
			<text>
				<content>
					<paragraph>
						<pTitle type="기사명">이대로 갈가</pTitle>
						<name role="필자">ㅈ生</name>
					</paragraph>
				</content>
			</text>
		</level3>
		<level3 id="ma_071_0030_0260">
			<front>
				<biblioData>
					<title>
						<mainTitle>未墾地貸付數(3)</mainTitle>
					</title>
					<subjectClass code="ma00"/>
				</biblioData>
			</front>
			<text>
				<content>
					<paragraph>
						<pTitle type="기사명">未墾地貸付數</pTitle>
					</paragraph>
				</content>
			</text>
		</level3>
		<level3 id="ma_071_0030_0270">
			<front>
				<biblioData>
					<title>
						<mainTitle>未墾地貸付數(4)</mainTitle>
					</title>
					<subjectClass code="ma00"/>
				</biblioData>
			</front>
			<text>
				<content>
					<paragraph>
						<pTitle type="기사명">未墾地貸付數</pTitle>
					</paragraph>
				</content>
			</text>
		</level3>
		<level3 id="ma_071_0030_0280">
			<front>
				<biblioData>
					<title>
						<mainTitle>朝鮮物産獎勵會會員名簿錄(3)</mainTitle>
					</title>
					<subjectClass code="ma00"/>
				</biblioData>
			</front>
			<text>
				<content>
					<paragraph>
						<pTitle type="기사명">朝鮮物産獎勵會會員名簿錄</pTitle>
					</paragraph>
				</content>
			</text>
		</level3>
		<level3 id="ma_071_0030_0290">
			<front>
				<biblioData>
					<title>
						<mainTitle>簡易實用製造室(2)</mainTitle>
					</title>
					<subjectClass code="ma00"/>
				</biblioData>
			</front>
			<text>
				<content>
					<paragraph>
						<pTitle type="기사명">簡易實用製造室</pTitle>
					</paragraph>
				</content>
			</text>
		</level3>
	</level2>
	<level2 id="ma_071_0040">
		<front>
			<biblioData>
				<title>
					<mainTitle volume="제4호">산업계 제4호</mainTitle>
				</title>
				<publication>
					<publisher/>
					<dateIssued date="1924-07-01">1924년 7월 1일</dateIssued>
				</publication>
			</biblioData>
		</front>
		<level3 id="ma_071_0040_0010">
			<front>
				<biblioData>
					<title>
						<mainTitle>卷頭言-意識을 矛盾이 없이 實現하자</mainTitle>
					</title>
					<subjectClass code="ma00"/>
				</biblioData>
			</front>
			<text>
				<content>
					<paragraph>
						<pTitle type="기사명">卷頭言-意識을 矛盾이 없이 實現하자</pTitle>
					</paragraph>
				</content>
			</text>
		</level3>
		<level3 id="ma_071_0040_0020">
			<front>
				<biblioData>
					<title>
						<mainTitle>本會의 第二回 總會를 經過하고서</mainTitle>
					</title>
					<creator>
						<author>
							<name>李鍾麟</name>
						</author>
					</creator>
					<subjectClass code="ma00"/>
				</biblioData>
			</front>
			<text>
				<content>
					<paragraph>
						<pTitle type="기사명">本會의 第二回 總會를 經過하고서</pTitle>
						<name role="필자">李鍾麟</name>
					</paragraph>
				</content>
			</text>
		</level3>
		<level3 id="ma_071_0040_0030">
			<front>
				<biblioData>
					<title>
						<mainTitle>洞里單位의 商屋 一鋪式 設置하기를 提唱함</mainTitle>
					</title>
					<creator>
						<author>
							<name>梧村</name>
						</author>
					</creator>
					<subjectClass code="ma00"/>
				</biblioData>
			</front>
			<text>
				<content>
					<paragraph>
						<pTitle type="기사명">洞里單位의 商屋 一鋪式 設置하기를 提唱함</pTitle>
						<name role="필자">梧村</name>
					</paragraph>
				</content>
			</text>
		</level3>
		<level3 id="ma_071_0040_0040">
			<front>
				<biblioData>
					<title>
						<mainTitle>生活費調査報告</mainTitle>
					</title>
					<creator>
						<author>
							<name>李順鐸</name>
						</author>
					</creator>
					<subjectClass code="ma00"/>
				</biblioData>
			</front>
			<text>
				<content>
					<paragraph>
						<pTitle type="기사명">生活費調査報告</pTitle>
						<name role="필자">李順鐸</name>
					</paragraph>
				</content>
			</text>
		</level3>
		<level3 id="ma_071_0040_0050">
			<front>
				<biblioData>
					<title>
						<mainTitle>昨年 一年間의 朝鮮貿易</mainTitle>
					</title>
					<subjectClass code="ma00"/>
				</biblioData>
			</front>
			<text>
				<content>
					<paragraph>
						<pTitle type="기사명">昨年 一年間의 朝鮮貿易</pTitle>
					</paragraph>
				</content>
			</text>
		</level3>
		<level3 id="ma_071_0040_0060">
			<front>
				<biblioData>
					<title>
						<mainTitle>朝鮮農村經濟振興策</mainTitle>
					</title>
					<creator>
						<author>
							<name>徐佑忠</name>
						</author>
					</creator>
					<subjectClass code="ma00"/>
				</biblioData>
			</front>
			<text>
				<content>
					<paragraph>
						<pTitle type="기사명">朝鮮農村經濟振興策</pTitle>
						<name role="필자">徐佑忠</name>
					</paragraph>
				</content>
			</text>
		</level3>
		<level3 id="ma_071_0040_0070">
			<front>
				<biblioData>
					<title>
						<mainTitle>漆室談-朝鮮의 自然氣象</mainTitle>
					</title>
					<creator>
						<author>
							<name>反求子</name>
						</author>
					</creator>
					<subjectClass code="ma00"/>
				</biblioData>
			</front>
			<text>
				<content>
					<paragraph>
						<pTitle type="기사명">漆室談-朝鮮의 自然氣象</pTitle>
						<name role="필자">反求子</name>
					</paragraph>
				</content>
			</text>
		</level3>
		<level3 id="ma_071_0040_0080">
			<front>
				<biblioData>
					<title>
						<mainTitle>最近 十年間의 貿易狀況</mainTitle>
					</title>
					<subjectClass code="ma00"/>
				</biblioData>
			</front>
			<text>
				<content>
					<paragraph>
						<pTitle type="기사명">最近 十年間의 貿易狀況</pTitle>
					</paragraph>
				</content>
			</text>
		</level3>
		<level3 id="ma_071_0040_0090">
			<front>
				<biblioData>
					<title>
						<mainTitle>棉花의 種類와 性質</mainTitle>
					</title>
					<creator>
						<author>
							<name>一記者</name>
						</author>
					</creator>
					<subjectClass code="ma00"/>
				</biblioData>
			</front>
			<text>
				<content>
					<paragraph>
						<pTitle type="기사명">棉花의 種類와 性質</pTitle>
						<name role="필자">一記者</name>
					</paragraph>
				</content>
			</text>
		</level3>
		<level3 id="ma_071_0040_0100">
			<front>
				<biblioData>
					<title>
						<mainTitle>六調備廛論</mainTitle>
					</title>
					<creator>
						<author>
							<name>磚洞漢</name>
						</author>
					</creator>
					<subjectClass code="ma00"/>
				</biblioData>
			</front>
			<text>
				<content>
					<paragraph>
						<pTitle type="기사명">六調備廛論</pTitle>
						<name role="필자">磚洞漢</name>
					</paragraph>
				</content>
			</text>
		</level3>
		<level3 id="ma_071_0040_0110">
			<front>
				<biblioData>
					<title>
						<mainTitle>京城勞動賃銀表</mainTitle>
					</title>
					<subjectClass code="ma00"/>
				</biblioData>
			</front>
			<text>
				<content>
					<paragraph>
						<pTitle type="기사명">京城勞動賃銀表</pTitle>
					</paragraph>
				</content>
			</text>
		</level3>
		<level3 id="ma_071_0040_0120">
			<front>
				<biblioData>
					<title>
						<mainTitle>死의 路에서 活의 路에</mainTitle>
					</title>
					<creator>
						<author>
							<name>孤星</name>
						</author>
					</creator>
					<subjectClass code="ma00"/>
				</biblioData>
			</front>
			<text>
				<content>
					<paragraph>
						<pTitle type="기사명">死의 路에서 活의 路에</pTitle>
						<name role="필자">孤星</name>
					</paragraph>
				</content>
			</text>
		</level3>
		<level3 id="ma_071_0040_0130">
			<front>
				<biblioData>
					<title>
						<mainTitle>朝鮮內 各地 組合銀行 營業狀況</mainTitle>
					</title>
					<subjectClass code="ma00"/>
				</biblioData>
			</front>
			<text>
				<content>
					<paragraph>
						<pTitle type="기사명">朝鮮內 各地 組合銀行 營業狀況</pTitle>
					</paragraph>
				</content>
			</text>
		</level3>
		<level3 id="ma_071_0040_0140">
			<front>
				<biblioData>
					<title>
						<mainTitle>簡易實用製造室(續)</mainTitle>
					</title>
					<creator>
						<author>
							<name>延星欽</name>
						</author>
					</creator>
					<subjectClass code="ma00"/>
				</biblioData>
			</front>
			<text>
				<content>
					<paragraph>
						<pTitle type="기사명">簡易實用製造室</pTitle>
						<name role="필자">延星欽</name>
					</paragraph>
				</content>
			</text>
		</level3>
		<level3 id="ma_071_0040_0150">
			<front>
				<biblioData>
					<title>
						<mainTitle>朝鮮物産 紙上品評會</mainTitle>
					</title>
					<creator>
						<author>
							<name>一記者</name>
						</author>
					</creator>
					<subjectClass code="ma00"/>
				</biblioData>
			</front>
			<text>
				<content>
					<paragraph>
						<pTitle type="기사명">朝鮮物産 紙上品評會</pTitle>
						<name role="필자">一記者</name>
					</paragraph>
				</content>
			</text>
		</level3>
		<level3 id="ma_071_0040_0160">
			<front>
				<biblioData>
					<title>
						<mainTitle>二十年의 回顧(從前)</mainTitle>
					</title>
					<creator>
						<author>
							<name>돌샘</name>
						</author>
					</creator>
					<subjectClass code="ma00"/>
				</biblioData>
			</front>
			<text>
				<content>
					<paragraph>
						<pTitle type="기사명">二十年의 回顧</pTitle>
						<name role="필자">돌샘</name>
					</paragraph>
				</content>
			</text>
		</level3>
		<level3 id="ma_071_0040_0170">
			<front>
				<biblioData>
					<title>
						<mainTitle>일러진 寶貨</mainTitle>
					</title>
					<creator>
						<author>
							<name>ㅈ生</name>
						</author>
					</creator>
					<subjectClass code="ma00"/>
				</biblioData>
			</front>
			<text>
				<content>
					<paragraph>
						<pTitle type="기사명">일러진 寶貨</pTitle>
						<name role="필자">ㅈ生</name>
					</paragraph>
				</content>
			</text>
		</level3>
		<level3 id="ma_071_0040_0180">
			<front>
				<biblioData>
					<title>
						<mainTitle>朝鮮物産獎勵會 第二回 總會會錄</mainTitle>
					</title>
					<subjectClass code="ma00"/>
				</biblioData>
			</front>
			<text>
				<content>
					<paragraph>
						<pTitle type="기사명">朝鮮物産獎勵會 第二回 總會會錄</pTitle>
					</paragraph>
				</content>
			</text>
		</level3>
		<level3 id="ma_071_0040_0190">
			<front>
				<biblioData>
					<title>
						<mainTitle>朝鮮物産獎勵會會員名錄(4)</mainTitle>
					</title>
					<subjectClass code="ma00"/>
				</biblioData>
			</front>
			<text>
				<content>
					<paragraph>
						<pTitle type="기사명">朝鮮物産獎勵會會員名錄</pTitle>
					</paragraph>
				</content>
			</text>
		</level3>
	</level2>
	<level2 id="ma_071_0050">
		<front>
			<biblioData>
				<title>
					<mainTitle volume="제5호">산업계 제5호</mainTitle>
				</title>
				<publication>
					<publisher/>
					<dateIssued date="1924-09-08">1924년 9월 8일</dateIssued>
				</publication>
			</biblioData>
		</front>
		<level3 id="ma_071_0050_0010">
			<front>
				<biblioData>
					<title>
						<mainTitle>一病百發</mainTitle>
					</title>
					<subjectClass code="ma00"/>
				</biblioData>
			</front>
			<text>
				<content>
					<paragraph>
						<pTitle type="기사명">一病百發</pTitle>
					</paragraph>
				</content>
			</text>
		</level3>
		<level3 id="ma_071_0050_0020">
			<front>
				<biblioData>
					<title>
						<mainTitle>科學硏究 及 發明의 獎勵에 對한 希望</mainTitle>
					</title>
					<creator>
						<author>
							<name>宵星</name>
						</author>
					</creator>
					<subjectClass code="ma00"/>
				</biblioData>
			</front>
			<text>
				<content>
					<paragraph>
						<pTitle type="기사명">科學硏究 及 發明의 獎勵에 對한 希望</pTitle>
						<name role="필자">宵星</name>
					</paragraph>
				</content>
			</text>
		</level3>
		<level3 id="ma_071_0050_0030">
			<front>
				<biblioData>
					<title>
						<mainTitle>經濟的 危機에 臨한 思想의 傾向</mainTitle>
					</title>
					<creator>
						<author>
							<name>宋鍾愚</name>
						</author>
					</creator>
					<subjectClass code="ma00"/>
				</biblioData>
			</front>
			<text>
				<content>
					<paragraph>
						<pTitle type="기사명">經濟的 危機에 臨한 思想의 傾向</pTitle>
						<name role="필자">宋鍾愚</name>
					</paragraph>
				</content>
			</text>
		</level3>
		<level3 id="ma_071_0050_0040">
			<front>
				<biblioData>
					<title>
						<mainTitle>最近의 産業統計 一束</mainTitle>
					</title>
					<subjectClass code="ma00"/>
				</biblioData>
			</front>
			<text>
				<content>
					<paragraph>
						<pTitle type="기사명">最近의 産業統計 一束</pTitle>
					</paragraph>
				</content>
			</text>
		</level3>
		<level3 id="ma_071_0050_0050">
			<front>
				<biblioData>
					<title>
						<mainTitle>朝鮮牛皮의 特長과 缺点</mainTitle>
					</title>
					<subjectClass code="ma00"/>
				</biblioData>
			</front>
			<text>
				<content>
					<paragraph>
						<pTitle type="기사명">朝鮮牛皮의 特長과 缺点</pTitle>
					</paragraph>
				</content>
			</text>
		</level3>
		<level3 id="ma_071_0050_0060">
			<front>
				<biblioData>
					<title>
						<mainTitle>朝鮮人의 頭腦와 朝鮮의 産業</mainTitle>
					</title>
					<creator>
						<author>
							<name>孤星</name>
						</author>
					</creator>
					<subjectClass code="ma00"/>
				</biblioData>
			</front>
			<text>
				<content>
					<paragraph>
						<pTitle type="기사명">朝鮮人의 頭腦와 朝鮮의 産業</pTitle>
						<name role="필자">孤星</name>
					</paragraph>
				</content>
			</text>
		</level3>
		<level3 id="ma_071_0050_0070">
			<front>
				<biblioData>
					<title>
						<mainTitle>主要副業인 豚鷄飼養</mainTitle>
					</title>
					<creator>
						<author>
							<name>一記者</name>
						</author>
					</creator>
					<subjectClass code="ma00"/>
				</biblioData>
			</front>
			<text>
				<content>
					<paragraph>
						<pTitle type="기사명">主要副業인 豚鷄飼養</pTitle>
						<name role="필자">一記者</name>
					</paragraph>
				</content>
			</text>
		</level3>
		<level3 id="ma_071_0050_0080">
			<front>
				<biblioData>
					<title>
						<mainTitle>朝鮮社會의 矛盾된 現狀의 一端</mainTitle>
					</title>
					<creator>
						<author>
							<name>徐佑忠</name>
						</author>
					</creator>
					<subjectClass code="ma00"/>
				</biblioData>
			</front>
			<text>
				<content>
					<paragraph>
						<pTitle type="기사명">朝鮮社會의 矛盾된 現狀의 一端</pTitle>
						<name role="필자">徐佑忠</name>
					</paragraph>
				</content>
			</text>
		</level3>
		<level3 id="ma_071_0050_0090">
			<front>
				<biblioData>
					<title>
						<mainTitle>棉花의 種類와 性質</mainTitle>
					</title>
					<creator>
						<author>
							<name>寧齋</name>
						</author>
					</creator>
					<subjectClass code="ma00"/>
				</biblioData>
			</front>
			<text>
				<content>
					<paragraph>
						<pTitle type="기사명">棉花의 種類와 性質</pTitle>
						<name role="필자">寧齋</name>
					</paragraph>
				</content>
			</text>
		</level3>
		<level3 id="ma_071_0050_0100">
			<front>
				<biblioData>
					<title>
						<mainTitle>品質이 世界的인 朝鮮漆</mainTitle>
					</title>
					<subjectClass code="ma00"/>
				</biblioData>
			</front>
			<text>
				<content>
					<paragraph>
						<pTitle type="기사명">品質이 世界的인 朝鮮漆</pTitle>
					</paragraph>
				</content>
			</text>
		</level3>
		<level3 id="ma_071_0050_0110">
			<front>
				<biblioData>
					<title>
						<mainTitle>貿易港으로 見한 上海</mainTitle>
					</title>
					<creator>
						<author>
							<name>金喆壽</name>
						</author>
					</creator>
					<subjectClass code="ma00"/>
				</biblioData>
			</front>
			<text>
				<content>
					<paragraph>
						<pTitle type="기사명">貿易港으로 見한 上海</pTitle>
						<name role="필자">金喆壽</name>
					</paragraph>
				</content>
			</text>
		</level3>
		<level3 id="ma_071_0050_0120">
			<front>
				<biblioData>
					<title>
						<mainTitle>朝鮮工業中 有望한 石鹼製造</mainTitle>
					</title>
					<creator>
						<author>
							<name>編輯室</name>
						</author>
					</creator>
					<subjectClass code="ma00"/>
				</biblioData>
			</front>
			<text>
				<content>
					<paragraph>
						<pTitle type="기사명">朝鮮工業中 有望한 石鹼製造</pTitle>
						<name role="필자">編輯室</name>
					</paragraph>
				</content>
			</text>
		</level3>
		<level3 id="ma_071_0050_0130">
			<front>
				<biblioData>
					<title>
						<mainTitle>京城의 工産物價格 及 戶數</mainTitle>
					</title>
					<subjectClass code="ma00"/>
				</biblioData>
			</front>
			<text>
				<content>
					<paragraph>
						<pTitle type="기사명">京城의 工産物價格 及 戶數</pTitle>
					</paragraph>
				</content>
			</text>
		</level3>
		<level3 id="ma_071_0050_0140">
			<front>
				<biblioData>
					<title>
						<mainTitle>經濟生活上 貯金의 必要</mainTitle>
					</title>
					<creator>
						<author>
							<name>ㅅ生</name>
						</author>
					</creator>
					<subjectClass code="ma00"/>
				</biblioData>
			</front>
			<text>
				<content>
					<paragraph>
						<pTitle type="기사명">經濟生活上 貯金의 必要</pTitle>
						<name role="필자">ㅅ生</name>
					</paragraph>
				</content>
			</text>
		</level3>
		<level3 id="ma_071_0050_0150">
			<front>
				<biblioData>
					<title>
						<mainTitle>中國貨幣의 種類</mainTitle>
					</title>
					<subjectClass code="ma00"/>
				</biblioData>
			</front>
			<text>
				<content>
					<paragraph>
						<pTitle type="기사명">中國貨幣의 種類</pTitle>
					</paragraph>
				</content>
			</text>
		</level3>
		<level3 id="ma_071_0050_0160">
			<front>
				<biblioData>
					<title>
						<mainTitle>果實酒 及 淸凉飮料水 製造法</mainTitle>
					</title>
					<creator>
						<author>
							<name>編輯室</name>
						</author>
					</creator>
					<subjectClass code="ma00"/>
				</biblioData>
			</front>
			<text>
				<content>
					<paragraph>
						<pTitle type="기사명">果實酒 及 淸凉飮料水 製造法</pTitle>
						<name role="필자">編輯室</name>
					</paragraph>
				</content>
			</text>
		</level3>
		<level3 id="ma_071_0050_0170">
			<front>
				<biblioData>
					<title>
						<mainTitle>小資本經營의 商業</mainTitle>
					</title>
					<subjectClass code="ma00"/>
				</biblioData>
			</front>
			<text>
				<content>
					<paragraph>
						<pTitle type="기사명">小資本經營의 商業</pTitle>
					</paragraph>
				</content>
			</text>
		</level3>
		<level3 id="ma_071_0050_0180">
			<front>
				<biblioData>
					<title>
						<mainTitle>昨今兩年間의 主要農産物 價格比較</mainTitle>
					</title>
					<subjectClass code="ma00"/>
				</biblioData>
			</front>
			<text>
				<content>
					<paragraph>
						<pTitle type="기사명">昨今兩年間의 主要農産物 價格比較</pTitle>
					</paragraph>
				</content>
			</text>
		</level3>
		<level3 id="ma_071_0050_0190">
			<front>
				<biblioData>
					<title>
						<mainTitle>斷腸</mainTitle>
					</title>
					<subjectClass code="ma00"/>
				</biblioData>
			</front>
			<text>
				<content>
					<paragraph>
						<pTitle type="기사명">斷腸</pTitle>
					</paragraph>
				</content>
			</text>
		</level3>
		<level3 id="ma_071_0050_0200">
			<front>
				<biblioData>
					<title>
						<mainTitle>洪水를 當하야</mainTitle>
					</title>
					<creator>
						<author>
							<name>西江 倉前里 金逸漢</name>
						</author>
					</creator>
					<subjectClass code="ma00"/>
				</biblioData>
			</front>
			<text>
				<content>
					<paragraph>
						<pTitle type="기사명">洪水를 當하야</pTitle>
						<name role="필자">西江 倉前里 金逸漢</name>
					</paragraph>
				</content>
			</text>
		</level3>
		<level3 id="ma_071_0050_0210">
			<front>
				<biblioData>
					<title>
						<mainTitle>鹽의 需要高</mainTitle>
					</title>
					<subjectClass code="ma00"/>
				</biblioData>
			</front>
			<text>
				<content>
					<paragraph>
						<pTitle type="기사명">鹽의 需要高</pTitle>
					</paragraph>
				</content>
			</text>
		</level3>
		<level3 id="ma_071_0050_0220">
			<front>
				<biblioData>
					<title>
						<mainTitle>돌아가신 아버님께</mainTitle>
					</title>
					<creator>
						<author>
							<name>臥牛山人 金弘星</name>
						</author>
					</creator>
					<subjectClass code="ma00"/>
				</biblioData>
			</front>
			<text>
				<content>
					<paragraph>
						<pTitle type="기사명">돌아가신 아버님께</pTitle>
						<name role="필자">臥牛山人 金弘星</name>
					</paragraph>
				</content>
			</text>
		</level3>
		<level3 id="ma_071_0050_0230">
			<front>
				<biblioData>
					<title>
						<mainTitle>朝鮮物産獎勵會會員名錄(5)</mainTitle>
					</title>
					<subjectClass code="ma00"/>
				</biblioData>
			</front>
			<text>
				<content>
					<paragraph>
						<pTitle type="기사명">朝鮮物産獎勵會會員名錄</pTitle>
					</paragraph>
				</content>
			</text>
		</level3>
	</level2>
</level1>
