<?xml version="1.0" encoding="UTF-8"?>
<!DOCTYPE level1 SYSTEM "history.dtd">
<level1 id="ma_079">
	<front>
		<biblioData type="목차제공잡지">
			<title>
				<mainTitle>신흥</mainTitle>
			</title>
			<binderPeriod begin="1929-07-00" end="1937-01-00"/>
		</biblioData>
		<description>
			<biblioExplanation groupID="02" groupName="일제시기 잡지 해제" id="ma_079_exp" name="신흥 新興">
				<content>
					<paragraph>1929년 7월 15일에 창간된 종합학술지. 1937년 1월 18일에 통권 9호로 종간되었다. 1년에 1회, 2회 또는 3회씩 간행되었으며 때로는 2년을 뛰어 넘어 간행되기도 하였다. 1929년에 제1, 2호가, 1930년에 제3호가, 1931년에 제4·5·6호가, 1932년 제7호가, 1935년에 제8호가, 1937년에 제9호가 각각 나왔다. 제1호부터 제9호까지 태학사(太學社)에서 상하 2권으로 묶어 영인하였다. 편집 겸 발행인은 호수에 따라 바뀌었는데 배상하(裵相河), 이강국(李康國), 유진오(兪鎭午), 장후영(張厚永), 서재원(徐載元) 등이 역임하였다. 발행소는 신흥사(新興社)였다.  {신흥}은 경성제국대학 법문학부 출신을 그 구성원으로 한 학술잡지로서의 성격을 갖고 있었다. 논문이나 작품의 집필자는 약 50여명 정도다. 김태준(金泰俊)·이강국(李康國)과 같이 좌파는 물론 우파적 성향의 지식인 등이 망라되어 있다. 창간호의 편집후기에 나온 창간의 동기를 요약하자면 '확호(確乎)한 이론-과학적 근거로부터 우러나오는 조선의 운동이 될 수 있도록 좀 더 진실한 의미에 학술논문을 발표하고자 창간했다'고 한다.   내용은 인문과학과 사회과학 관련이 대부분이고 소설이나 시와 같은 문예물도 말미에 싣고 있다. 창간호에는 사회과학·철학·조선연구·해외문화의 동향·시·창작 등으로 영역을 구분하여 논문과 문예물을 싣고 있다. 제2호부터 이러한 구분이 사라지지만 대체적인 내용구성은 크게 변하지 않고 대동소이한 편이다.  그 중에서 가장 많은 비중을 차지한 것은 조선연구에 해당되는 논문들이다. 제1호에는 「삼국시대의 가무희(歌舞戱)」(조윤제), 「연오랑세오녀전설의 유래」(김창균), 「신라시대의 골품제도」(신석호) 등이, 제2호에는 「고가요 일장(一章)」(도남), 「낙랑대방시대의 사회생활상태」(김창균) 등이, 제3호에는 「다산의 정전고」(윤용균), 「관촉사 석불상고」(성낙서) 등이 실려 있다. 조선연구 특집호인 제4호에는 「금동미륵반가상의 고찰」(고유섭), 「시조자수고」(조윤제), 「조선어 '때의 조동사'에 대한 관견」(이희승), 「다산의 정전고」2회분 등이 실려 있다. 제5호에는 「조선의 백의속고」(이재욱), 「이조의 한문학원류」(김태준), 「조선어 '때의 조동사'에 대한 관견」(2), 「조선민요만담」(김재철), 등이, 제6호에는 「조선탑파전설」(고유섭), 「영남여성과 그 문학」(조윤제), 「소위 산유화가와 산유해, 미나리의 교섭」(이재욱) 등이 실려 있다. 조선문제특집호인 제8호에는 「조선통상교섭사의 일절」(신기석), 「대원군의 서원훼철령의 의의」(김태준), 「고려의 불사건축」(고유섭), 「모음 'ㆍ'의 음가고」(이숭녕) 등이 실려 있다. 9호에는 「한러외교사」(신기석), 「신라화랑제도의 의의」(김태준), 「조선의 산토신숭배에 대한 소고」(유형렬), 「고려시가 '진작'의 시가명칭성」(조윤제) 등이 실려 있다.  철학논문의 경우, 당시의 유행사조에 대단히 민감하면서도 학구적인 논문들이 주류를 이루는데, 신칸트학파나 신헤겔학파의 철학사조의 영향을 받은 것이 많다. 반면에 사회과학논문의 경우, 유물변증법과 사회주의 등의 좌파적 성향의 글들이 많은 것이 특징이다. 소설은 유진오(「뻐틀러양과 그 책상」), 이효석(「오후의 諧調」), 이종수(「일자리 있소」, 「실업자의 아내」), 이삼청(「빠나나」, 「船中」) 등의 작품들이 실려 있다.  {신흥}은 진단학회에서 발행하던 {진단학보}와 함께 1930년대 조선연구를 수행한 양대 종합학술지였다는 평가를 받기도 한다.</paragraph>
				</content>
			</biblioExplanation>
		</description>
	</front>
	<level2 id="ma_079_0010">
		<front>
			<biblioData>
				<title>
					<mainTitle volume="제1호">신흥 제1호</mainTitle>
				</title>
				<publication>
					<publisher/>
					<dateIssued date="1929-07-15">1929년 7월 15일</dateIssued>
				</publication>
			</biblioData>
			<illustGroup>
				<illustration begin="ma_079_0010_0001" end="ma_079_0010_0134"/>
			</illustGroup>
		</front>
		<level3 id="ma_079_0010_0010">
			<front>
				<biblioData>
					<title>
						<mainTitle>朝鮮의 工業問題에 對하야</mainTitle>
					</title>
					<creator>
						<author>
							<name>金燦赫</name>
						</author>
					</creator>
					<subjectClass code="ma00"/>
				</biblioData>
				<illustGroup>
					<illustration begin="ma_079_0010_0009" end="ma_079_0010_0027"/>
				</illustGroup>
			</front>
			<text>
				<content>
					<paragraph>
						<pTitle type="기사명">朝鮮의 工業問題에 對하야</pTitle>
						<name role="필자">金燦赫</name>
					</paragraph>
				</content>
			</text>
		</level3>
		<level3 id="ma_079_0010_0020">
			<front>
				<biblioData>
					<title>
						<mainTitle>兩國勞動黨과 大英世界帝國</mainTitle>
					</title>
					<creator>
						<author>
							<name>李之輝</name>
						</author>
					</creator>
					<subjectClass code="ma00"/>
				</biblioData>
				<illustGroup>
					<illustration begin="ma_079_0010_0028" end="ma_079_0010_0033"/>
				</illustGroup>
			</front>
			<text>
				<content>
					<paragraph>
						<pTitle type="기사명">兩國勞動黨과 大英世界帝國</pTitle>
						<name role="필자">李之輝</name>
					</paragraph>
				</content>
			</text>
		</level3>
		<level3 id="ma_079_0010_0030">
			<front>
				<biblioData>
					<title>
						<mainTitle>唯物史觀斷章</mainTitle>
					</title>
					<creator>
						<author>
							<name>陳伍</name>
						</author>
					</creator>
					<subjectClass code="ma00"/>
				</biblioData>
				<illustGroup>
					<illustration begin="ma_079_0010_0034" end="ma_079_0010_0038"/>
				</illustGroup>
			</front>
			<text>
				<content>
					<paragraph>
						<pTitle type="기사명">唯物史觀斷章</pTitle>
						<name role="필자">陳伍</name>
					</paragraph>
				</content>
			</text>
		</level3>
		<level3 id="ma_079_0010_0040">
			<front>
				<biblioData>
					<title>
						<mainTitle>眞理와 正確의 區別에 對한 詹言</mainTitle>
					</title>
					<creator>
						<author>
							<name>權菊石</name>
						</author>
					</creator>
					<subjectClass code="ma00"/>
				</biblioData>
				<illustGroup>
					<illustration begin="ma_079_0010_0039" end="ma_079_0010_0047"/>
				</illustGroup>
			</front>
			<text>
				<content>
					<paragraph>
						<pTitle type="기사명">眞理와 正確의 區別에 對한 詹言</pTitle>
						<name role="필자">權菊石</name>
					</paragraph>
				</content>
			</text>
		</level3>
		<level3 id="ma_079_0010_0050">
			<front>
				<biblioData>
					<title>
						<mainTitle>코엔 哲學에 關한 斷片</mainTitle>
					</title>
					<creator>
						<author>
							<name>金桂淑</name>
						</author>
					</creator>
					<subjectClass code="ma00"/>
				</biblioData>
				<illustGroup>
					<illustration begin="ma_079_0010_0048" end="ma_079_0010_0063"/>
				</illustGroup>
			</front>
			<text>
				<content>
					<paragraph>
						<pTitle type="기사명">코엔 哲學에 關한 斷片</pTitle>
						<name role="필자">金桂淑</name>
					</paragraph>
				</content>
			</text>
		</level3>
		<level3 id="ma_079_0010_0060">
			<front>
				<biblioData>
					<title>
						<mainTitle>三國時代의 歌舞戱</mainTitle>
					</title>
					<creator>
						<author>
							<name>趙潤濟</name>
						</author>
					</creator>
					<subjectClass code="ma00"/>
				</biblioData>
				<illustGroup>
					<illustration begin="ma_079_0010_0064" end="ma_079_0010_0082"/>
				</illustGroup>
			</front>
			<text>
				<content>
					<paragraph>
						<pTitle type="기사명">三國時代의 歌舞戱</pTitle>
						<name role="필자">趙潤濟</name>
					</paragraph>
				</content>
			</text>
		</level3>
		<level3 id="ma_079_0010_0070">
			<front>
				<biblioData>
					<title>
						<mainTitle>延烏郞細烏女傳說의 由來</mainTitle>
					</title>
					<creator>
						<author>
							<name>金昌均</name>
						</author>
					</creator>
					<subjectClass code="ma00"/>
				</biblioData>
				<illustGroup>
					<illustration begin="ma_079_0010_0083" end="ma_079_0010_0085"/>
				</illustGroup>
			</front>
			<text>
				<content>
					<paragraph>
						<pTitle type="기사명">延烏郞細烏女傳說의 由來</pTitle>
						<name role="필자">金昌均</name>
					</paragraph>
				</content>
			</text>
		</level3>
		<level3 id="ma_079_0010_0080">
			<front>
				<biblioData>
					<title>
						<mainTitle>新羅時代의 骨品制度</mainTitle>
					</title>
					<creator>
						<author>
							<name>申奭鎬</name>
						</author>
					</creator>
					<subjectClass code="ma00"/>
				</biblioData>
				<illustGroup>
					<illustration begin="ma_079_0010_0086" end="ma_079_0010_0091"/>
				</illustGroup>
			</front>
			<text>
				<content>
					<paragraph>
						<pTitle type="기사명">新羅時代의 骨品制度</pTitle>
						<name role="필자">申奭鎬</name>
					</paragraph>
				</content>
			</text>
		</level3>
		<level3 id="ma_079_0010_0090">
			<front>
				<biblioData>
					<title>
						<mainTitle>海外文化의 動向-現代謳歌者와 文化</mainTitle>
					</title>
					<creator>
						<author>
							<name>YC</name>
						</author>
					</creator>
					<subjectClass code="ma00"/>
				</biblioData>
				<illustGroup>
					<illustration begin="ma_079_0010_0092" end="ma_079_0010_0094"/>
				</illustGroup>
			</front>
			<text>
				<content>
					<paragraph>
						<pTitle type="기사명">海外文化의 動向-現代謳歌者와 文化</pTitle>
						<name role="필자">YC</name>
					</paragraph>
				</content>
			</text>
		</level3>
		<level3 id="ma_079_0010_0100">
			<front>
				<biblioData>
					<title>
						<mainTitle>海外文化의 動向-오네일의 近業</mainTitle>
					</title>
					<creator>
						<author>
							<name>EB</name>
						</author>
					</creator>
					<subjectClass code="ma00"/>
				</biblioData>
				<illustGroup>
					<illustration begin="ma_079_0010_0094" end="ma_079_0010_0095"/>
				</illustGroup>
			</front>
			<text>
				<content>
					<paragraph>
						<pTitle type="기사명">海外文化의 動向-오네일의 近業</pTitle>
						<name role="필자">EB</name>
					</paragraph>
				</content>
			</text>
		</level3>
		<level3 id="ma_079_0010_0110">
			<front>
				<biblioData>
					<title>
						<mainTitle>차라투스트라</mainTitle>
					</title>
					<creator>
						<author>
							<name>裵相河</name>
						</author>
					</creator>
					<subjectClass code="ma00"/>
				</biblioData>
				<illustGroup>
					<illustration begin="ma_079_0010_0096" end="ma_079_0010_0103"/>
				</illustGroup>
			</front>
			<text>
				<content>
					<paragraph>
						<pTitle type="기사명">차라투스트라</pTitle>
						<name role="필자">裵相河</name>
					</paragraph>
				</content>
			</text>
		</level3>
		<level3 id="ma_079_0010_0120">
			<front>
				<biblioData>
					<title>
						<mainTitle>直覺哲學</mainTitle>
					</title>
					<creator>
						<author>
							<name>盧泳昌</name>
						</author>
					</creator>
					<subjectClass code="ma00"/>
				</biblioData>
				<illustGroup>
					<illustration begin="ma_079_0010_0104" end="ma_079_0010_0110"/>
				</illustGroup>
			</front>
			<text>
				<content>
					<paragraph>
						<pTitle type="기사명">直覺哲學</pTitle>
						<name role="필자">盧泳昌</name>
					</paragraph>
				</content>
			</text>
		</level3>
		<level3 id="ma_079_0010_0130">
			<front>
				<biblioData>
					<title>
						<mainTitle>어린이에게 廣告를 주어(詩)</mainTitle>
					</title>
					<creator>
						<author>
							<name>SB</name>
						</author>
					</creator>
					<subjectClass code="ma00"/>
				</biblioData>
				<illustGroup>
					<illustration begin="ma_079_0010_0111" end="ma_079_0010_0111"/>
				</illustGroup>
			</front>
			<text>
				<content>
					<paragraph>
						<pTitle type="기사명">어린이에게 廣告를 주어</pTitle>
						<name role="필자">SB</name>
					</paragraph>
				</content>
			</text>
		</level3>
		<level3 id="ma_079_0010_0140">
			<front>
				<biblioData>
					<title>
						<mainTitle>同志의 情味(詩)</mainTitle>
					</title>
					<creator>
						<author>
							<name>李鍾洙</name>
						</author>
					</creator>
					<subjectClass code="ma00"/>
				</biblioData>
				<illustGroup>
					<illustration begin="ma_079_0010_0112" end="ma_079_0010_0112"/>
				</illustGroup>
			</front>
			<text>
				<content>
					<paragraph>
						<pTitle type="기사명">同志의 情味</pTitle>
						<name role="필자">李鍾洙</name>
					</paragraph>
				</content>
			</text>
		</level3>
		<level3 id="ma_079_0010_0150">
			<front>
				<biblioData>
					<title>
						<mainTitle>팔둑(詩)</mainTitle>
					</title>
					<creator>
						<author>
							<name>想何</name>
						</author>
					</creator>
					<subjectClass code="ma00"/>
				</biblioData>
				<illustGroup>
					<illustration begin="ma_079_0010_0112" end="ma_079_0010_0112"/>
				</illustGroup>
			</front>
			<text>
				<content>
					<paragraph>
						<pTitle type="기사명">팔둑</pTitle>
						<name role="필자">想何</name>
					</paragraph>
				</content>
			</text>
		</level3>
		<level3 id="ma_079_0010_0160">
			<front>
				<biblioData>
					<title>
						<mainTitle>金鳳伊의 안해도 낫섯다</mainTitle>
					</title>
					<creator>
						<author>
							<name>崔昌圭</name>
						</author>
					</creator>
					<subjectClass code="ma00"/>
				</biblioData>
				<illustGroup>
					<illustration begin="ma_079_0010_0113" end="ma_079_0010_0122"/>
				</illustGroup>
			</front>
			<text>
				<content>
					<paragraph>
						<pTitle type="기사명">金鳳伊의 안해도 낫섯다</pTitle>
						<name role="필자">崔昌圭</name>
					</paragraph>
				</content>
			</text>
		</level3>
		<level3 id="ma_079_0010_0170">
			<front>
				<biblioData>
					<title>
						<mainTitle>뻐틀러孃과 그의 冊床</mainTitle>
					</title>
					<creator>
						<author>
							<name>兪鎭午</name>
						</author>
					</creator>
					<subjectClass code="ma00"/>
				</biblioData>
				<illustGroup>
					<illustration begin="ma_079_0010_0123" end="ma_079_0010_0134"/>
				</illustGroup>
			</front>
			<text>
				<content>
					<paragraph>
						<pTitle type="기사명">뻐틀러孃과 그의 冊床</pTitle>
						<name role="필자">兪鎭午</name>
					</paragraph>
				</content>
			</text>
		</level3>
	</level2>
	<level2 id="ma_079_0020">
		<front>
			<biblioData>
				<title>
					<mainTitle volume="제2호">신흥 제2호</mainTitle>
				</title>
				<publication>
					<publisher/>
					<dateIssued date="1929-12-07">1929년 12월 7일</dateIssued>
				</publication>
			</biblioData>
			<illustGroup>
				<illustration begin="ma_079_0020_0001" end="ma_079_0020_0140"/>
			</illustGroup>
		</front>
		<level3 id="ma_079_0020_0010">
			<front>
				<biblioData>
					<title>
						<mainTitle>民族的 文化와 社會的 文化</mainTitle>
					</title>
					<creator>
						<author>
							<name>陳伍</name>
						</author>
					</creator>
					<subjectClass code="ma00"/>
				</biblioData>
				<illustGroup>
					<illustration begin="ma_079_0020_0006" end="ma_079_0020_0029"/>
				</illustGroup>
			</front>
			<text>
				<content>
					<paragraph>
						<pTitle type="기사명">民族的 文化와 社會的 文化</pTitle>
						<name role="필자">陳伍</name>
					</paragraph>
				</content>
			</text>
		</level3>
		<level3 id="ma_079_0020_0020">
			<front>
				<biblioData>
					<title>
						<mainTitle>打算的 結婚</mainTitle>
					</title>
					<creator>
						<author>
							<name>朱秉煥</name>
						</author>
					</creator>
					<subjectClass code="ma00"/>
				</biblioData>
				<illustGroup>
					<illustration begin="ma_079_0020_0030" end="ma_079_0020_0045"/>
				</illustGroup>
			</front>
			<text>
				<content>
					<paragraph>
						<pTitle type="기사명">打算的 結婚</pTitle>
						<name role="필자">朱秉煥</name>
					</paragraph>
				</content>
			</text>
		</level3>
		<level3 id="ma_079_0020_0030">
			<front>
				<biblioData>
					<title>
						<mainTitle>思索方法에 對한 序論</mainTitle>
					</title>
					<creator>
						<author>
							<name>金桂淑</name>
						</author>
					</creator>
					<subjectClass code="ma00"/>
				</biblioData>
				<illustGroup>
					<illustration begin="ma_079_0020_0046" end="ma_079_0020_0058"/>
				</illustGroup>
			</front>
			<text>
				<content>
					<paragraph>
						<pTitle type="기사명">思索方法에 對한 序論</pTitle>
						<name role="필자">金桂淑</name>
					</paragraph>
				</content>
			</text>
		</level3>
		<level3 id="ma_079_0020_0040">
			<front>
				<biblioData>
					<title>
						<mainTitle>現象學의 眞理說에 對하야</mainTitle>
					</title>
					<creator>
						<author>
							<name>權菊石</name>
						</author>
					</creator>
					<subjectClass code="ma00"/>
				</biblioData>
				<illustGroup>
					<illustration begin="ma_079_0020_0059" end="ma_079_0020_0065"/>
				</illustGroup>
			</front>
			<text>
				<content>
					<paragraph>
						<pTitle type="기사명">現象學의 眞理說에 對하야</pTitle>
						<name role="필자">權菊石</name>
					</paragraph>
				</content>
			</text>
		</level3>
		<level3 id="ma_079_0020_0050">
			<front>
				<biblioData>
					<title>
						<mainTitle>海外文化動向-英國의 總選擧와 로트쉬타인氏의 新著 英國勞動運動史</mainTitle>
					</title>
					<creator>
						<author>
							<name>EB</name>
						</author>
					</creator>
					<subjectClass code="ma00"/>
				</biblioData>
				<illustGroup>
					<illustration begin="ma_079_0020_0066" end="ma_079_0020_0068"/>
				</illustGroup>
			</front>
			<text>
				<content>
					<paragraph>
						<pTitle type="기사명">海外文化動向-英國의 總選擧와 로트쉬타인氏의 新著 英國勞動運動史</pTitle>
						<name role="필자">EB</name>
					</paragraph>
				</content>
			</text>
		</level3>
		<level3 id="ma_079_0020_0060">
			<front>
				<biblioData>
					<title>
						<mainTitle>海外文化動向-十八世紀의 佛蘭西 自由思想</mainTitle>
					</title>
					<creator>
						<author>
							<name>CT</name>
						</author>
					</creator>
					<subjectClass code="ma00"/>
				</biblioData>
				<illustGroup>
					<illustration begin="ma_079_0020_0068" end="ma_079_0020_0069"/>
				</illustGroup>
			</front>
			<text>
				<content>
					<paragraph>
						<pTitle type="기사명">海外文化動向-十八世紀의 佛蘭西 自由思想</pTitle>
						<name role="필자">CT</name>
					</paragraph>
				</content>
			</text>
		</level3>
		<level3 id="ma_079_0020_0070">
			<front>
				<biblioData>
					<title>
						<mainTitle>海外文化動向-Milne氏의 現場不在證明</mainTitle>
					</title>
					<creator>
						<author>
							<name>KS</name>
						</author>
					</creator>
					<subjectClass code="ma00"/>
				</biblioData>
				<illustGroup>
					<illustration begin="ma_079_0020_0069" end="ma_079_0020_0069"/>
				</illustGroup>
			</front>
			<text>
				<content>
					<paragraph>
						<pTitle type="기사명">海外文化動向-Milne氏의 現場不在證明</pTitle>
						<name role="필자">KS</name>
					</paragraph>
				</content>
			</text>
		</level3>
		<level3 id="ma_079_0020_0080">
			<front>
				<biblioData>
					<title>
						<mainTitle>맥베스의 文學的 價値</mainTitle>
					</title>
					<creator>
						<author>
							<name>李鍾洙</name>
						</author>
					</creator>
					<subjectClass code="ma00"/>
				</biblioData>
				<illustGroup>
					<illustration begin="ma_079_0020_0070" end="ma_079_0020_0082"/>
				</illustGroup>
			</front>
			<text>
				<content>
					<paragraph>
						<pTitle type="기사명">맥베스의 文學的 價値</pTitle>
						<name role="필자">李鍾洙</name>
					</paragraph>
				</content>
			</text>
		</level3>
		<level3 id="ma_079_0020_0090">
			<front>
				<biblioData>
					<title>
						<mainTitle>元曲楔子考</mainTitle>
					</title>
					<creator>
						<author>
							<name>崔昌圭</name>
						</author>
					</creator>
					<subjectClass code="ma00"/>
				</biblioData>
				<illustGroup>
					<illustration begin="ma_079_0020_0083" end="ma_079_0020_0091"/>
				</illustGroup>
			</front>
			<text>
				<content>
					<paragraph>
						<pTitle type="기사명">元曲楔子考</pTitle>
						<name role="필자">崔昌圭</name>
					</paragraph>
				</content>
			</text>
		</level3>
		<level3 id="ma_079_0020_0100">
			<front>
				<biblioData>
					<title>
						<mainTitle>古歌謠一章</mainTitle>
					</title>
					<creator>
						<author>
							<name>陶南</name>
						</author>
					</creator>
					<subjectClass code="ma00"/>
				</biblioData>
				<illustGroup>
					<illustration begin="ma_079_0020_0092" end="ma_079_0020_0092"/>
				</illustGroup>
			</front>
			<text>
				<content>
					<paragraph>
						<pTitle type="기사명">古歌謠一章</pTitle>
						<name role="필자">陶南</name>
					</paragraph>
				</content>
			</text>
		</level3>
		<level3 id="ma_079_0020_0110">
			<front>
				<biblioData>
					<title>
						<mainTitle>樂浪帶方時代의 社會生活 狀態</mainTitle>
					</title>
					<creator>
						<author>
							<name>金昌均</name>
						</author>
					</creator>
					<subjectClass code="ma00"/>
				</biblioData>
				<illustGroup>
					<illustration begin="ma_079_0020_0093" end="ma_079_0020_0093"/>
				</illustGroup>
			</front>
			<text>
				<content>
					<paragraph>
						<pTitle type="기사명">樂浪帶方時代의 社會生活 狀態</pTitle>
						<name role="필자">金昌均</name>
					</paragraph>
				</content>
			</text>
		</level3>
		<level3 id="ma_079_0020_0120">
			<front>
				<biblioData>
					<title>
						<mainTitle>鄕土藝術復興運動</mainTitle>
					</title>
					<creator>
						<author>
							<name>趙潤濟</name>
						</author>
					</creator>
					<subjectClass code="ma00"/>
				</biblioData>
				<illustGroup>
					<illustration begin="ma_079_0020_0094" end="ma_079_0020_0109"/>
				</illustGroup>
			</front>
			<text>
				<content>
					<paragraph>
						<pTitle type="기사명">鄕土藝術復興運動</pTitle>
						<name role="필자">趙潤濟</name>
					</paragraph>
				</content>
			</text>
		</level3>
		<level3 id="ma_079_0020_0130">
			<front>
				<biblioData>
					<title>
						<mainTitle>焦點업는 小說</mainTitle>
					</title>
					<creator>
						<author>
							<name>裵相河</name>
						</author>
					</creator>
					<subjectClass code="ma00"/>
				</biblioData>
				<illustGroup>
					<illustration begin="ma_079_0020_0110" end="ma_079_0020_0121"/>
				</illustGroup>
			</front>
			<text>
				<content>
					<paragraph>
						<pTitle type="기사명">焦點업는 小說</pTitle>
						<name role="필자">裵相河</name>
					</paragraph>
				</content>
			</text>
		</level3>
		<level3 id="ma_079_0020_0140">
			<front>
				<biblioData>
					<title>
						<mainTitle>戱曲 돈좀 벌자면 안악이 난봉</mainTitle>
					</title>
					<creator>
						<author>
							<name>盧泳昌</name>
						</author>
					</creator>
					<subjectClass code="ma00"/>
				</biblioData>
				<illustGroup>
					<illustration begin="ma_079_0020_0122" end="ma_079_0020_0140"/>
				</illustGroup>
			</front>
			<text>
				<content>
					<paragraph>
						<pTitle type="기사명">戱曲 돈좀 벌자면 안악이 난봉</pTitle>
						<name role="필자">盧泳昌</name>
					</paragraph>
				</content>
			</text>
		</level3>
	</level2>
	<level2 id="ma_079_0030">
		<front>
			<biblioData>
				<title>
					<mainTitle volume="제3호">신흥 제3호</mainTitle>
				</title>
				<publication>
					<publisher/>
					<dateIssued date="1930-07-10">1930년 7월 10일</dateIssued>
				</publication>
			</biblioData>
		</front>
		<level3 id="ma_079_0030_0010">
			<front>
				<biblioData>
					<title>
						<mainTitle>獨逸行政裁判의 史的考察</mainTitle>
					</title>
					<creator>
						<author>
							<name>李園</name>
						</author>
					</creator>
					<subjectClass code="ma00"/>
				</biblioData>
			</front>
			<text>
				<content>
					<paragraph>
						<pTitle type="기사명">獨逸行政裁判의 史的考察</pTitle>
						<name role="필자">李園</name>
					</paragraph>
				</content>
			</text>
		</level3>
		<level3 id="ma_079_0030_0020">
			<front>
				<biblioData>
					<title>
						<mainTitle>三權分立論</mainTitle>
					</title>
					<creator>
						<author>
							<name>崔達</name>
						</author>
					</creator>
					<subjectClass code="ma00"/>
				</biblioData>
			</front>
			<text>
				<content>
					<paragraph>
						<pTitle type="기사명">三權分立論</pTitle>
						<name role="필자">崔達</name>
					</paragraph>
				</content>
			</text>
		</level3>
		<level3 id="ma_079_0030_0030">
			<front>
				<biblioData>
					<title>
						<mainTitle>私有財産權의 基礎</mainTitle>
					</title>
					<creator>
						<author>
							<name>陳伍</name>
						</author>
					</creator>
					<subjectClass code="ma00"/>
				</biblioData>
			</front>
			<text>
				<content>
					<paragraph>
						<pTitle type="기사명">私有財産權의 基礎</pTitle>
						<name role="필자">陳伍</name>
					</paragraph>
				</content>
			</text>
		</level3>
		<level3 id="ma_079_0030_0040">
			<front>
				<biblioData>
					<title>
						<mainTitle>國際的 組織</mainTitle>
					</title>
					<creator>
						<author>
							<name>李石局</name>
						</author>
					</creator>
					<subjectClass code="ma00"/>
				</biblioData>
			</front>
			<text>
				<content>
					<paragraph>
						<pTitle type="기사명">國際的 組織</pTitle>
						<name role="필자">李石局</name>
					</paragraph>
				</content>
			</text>
		</level3>
		<level3 id="ma_079_0030_0050">
			<front>
				<biblioData>
					<title>
						<mainTitle>美學의 史的槪觀</mainTitle>
					</title>
					<creator>
						<author>
							<name>高裕燮</name>
						</author>
					</creator>
					<subjectClass code="ma00"/>
				</biblioData>
			</front>
			<text>
				<content>
					<paragraph>
						<pTitle type="기사명">美學의 史的槪觀</pTitle>
						<name role="필자">高裕燮</name>
					</paragraph>
				</content>
			</text>
		</level3>
		<level3 id="ma_079_0030_0060">
			<front>
				<biblioData>
					<title>
						<mainTitle>哲學과 特殊科學</mainTitle>
					</title>
					<creator>
						<author>
							<name>金桂淑</name>
						</author>
					</creator>
					<subjectClass code="ma00"/>
				</biblioData>
			</front>
			<text>
				<content>
					<paragraph>
						<pTitle type="기사명">哲學과 特殊科學</pTitle>
						<name role="필자">金桂淑</name>
					</paragraph>
				</content>
			</text>
		</level3>
		<level3 id="ma_079_0030_0070">
			<front>
				<biblioData>
					<title>
						<mainTitle>否定判斷의 論理的 位置에 對하야</mainTitle>
					</title>
					<creator>
						<author>
							<name>權菊石</name>
						</author>
					</creator>
					<subjectClass code="ma00"/>
				</biblioData>
			</front>
			<text>
				<content>
					<paragraph>
						<pTitle type="기사명">否定判斷의 論理的 位置에 對하야</pTitle>
						<name role="필자">權菊石</name>
					</paragraph>
				</content>
			</text>
		</level3>
		<level3 id="ma_079_0030_0080">
			<front>
				<biblioData>
					<title>
						<mainTitle>海外文化動向-파시즘과 I R H</mainTitle>
					</title>
					<creator>
						<author>
							<name>EK</name>
						</author>
					</creator>
					<subjectClass code="ma00"/>
				</biblioData>
			</front>
			<text>
				<content>
					<paragraph>
						<pTitle type="기사명">海外文化動向-파시즘과 I R H</pTitle>
						<name role="필자">EK</name>
					</paragraph>
				</content>
			</text>
		</level3>
		<level3 id="ma_079_0030_0090">
			<front>
				<biblioData>
					<title>
						<mainTitle>海外文化動向-露西亞의 失業狀況</mainTitle>
					</title>
					<creator>
						<author>
							<name>SH</name>
						</author>
					</creator>
					<subjectClass code="ma00"/>
				</biblioData>
			</front>
			<text>
				<content>
					<paragraph>
						<pTitle type="기사명">海外文化動向-露西亞의 失業狀況</pTitle>
						<name role="필자">SH</name>
					</paragraph>
				</content>
			</text>
		</level3>
		<level3 id="ma_079_0030_0100">
			<front>
				<biblioData>
					<title>
						<mainTitle>海外文化動向-哲學의 將來</mainTitle>
					</title>
					<creator>
						<author>
							<name>SD</name>
						</author>
					</creator>
					<subjectClass code="ma00"/>
				</biblioData>
			</front>
			<text>
				<content>
					<paragraph>
						<pTitle type="기사명">海外文化動向-哲學의 將來</pTitle>
						<name role="필자">SD</name>
					</paragraph>
				</content>
			</text>
		</level3>
		<level3 id="ma_079_0030_0110">
			<front>
				<biblioData>
					<title>
						<mainTitle>海外文化動向-獨逸 作家紹介</mainTitle>
					</title>
					<creator>
						<author>
							<name>EB</name>
						</author>
					</creator>
					<subjectClass code="ma00"/>
				</biblioData>
			</front>
			<text>
				<content>
					<paragraph>
						<pTitle type="기사명">海外文化動向-獨逸 作家紹介</pTitle>
						<name role="필자">EB</name>
					</paragraph>
				</content>
			</text>
		</level3>
		<level3 id="ma_079_0030_0120">
			<front>
				<biblioData>
					<title>
						<mainTitle>茶山의 井田考</mainTitle>
					</title>
					<creator>
						<author>
							<name>尹瑢均</name>
						</author>
					</creator>
					<subjectClass code="ma00"/>
				</biblioData>
			</front>
			<text>
				<content>
					<paragraph>
						<pTitle type="기사명">茶山의 井田考</pTitle>
						<name role="필자">尹瑢均</name>
					</paragraph>
				</content>
			</text>
		</level3>
		<level3 id="ma_079_0030_0130">
			<front>
				<biblioData>
					<title>
						<mainTitle>灌燭寺石佛像考</mainTitle>
					</title>
					<creator>
						<author>
							<name>成樂緖</name>
						</author>
					</creator>
					<subjectClass code="ma00"/>
				</biblioData>
			</front>
			<text>
				<content>
					<paragraph>
						<pTitle type="기사명">灌燭寺石佛像考</pTitle>
						<name role="필자">成樂緖</name>
					</paragraph>
				</content>
			</text>
		</level3>
		<level3 id="ma_079_0030_0140">
			<front>
				<biblioData>
					<title>
						<mainTitle>悲劇考察隻片</mainTitle>
					</title>
					<creator>
						<author>
							<name>徐斗銖</name>
						</author>
					</creator>
					<subjectClass code="ma00"/>
				</biblioData>
			</front>
			<text>
				<content>
					<paragraph>
						<pTitle type="기사명">悲劇考察隻片</pTitle>
						<name role="필자">徐斗銖</name>
					</paragraph>
				</content>
			</text>
		</level3>
		<level3 id="ma_079_0030_0150">
			<front>
				<biblioData>
					<title>
						<mainTitle>娥寃一考察</mainTitle>
					</title>
					<creator>
						<author>
							<name>崔昌圭</name>
						</author>
					</creator>
					<subjectClass code="ma00"/>
				</biblioData>
			</front>
			<text>
				<content>
					<paragraph>
						<pTitle type="기사명">娥寃一考察</pTitle>
						<name role="필자">崔昌圭</name>
					</paragraph>
				</content>
			</text>
		</level3>
		<level3 id="ma_079_0030_0160">
			<front>
				<biblioData>
					<title>
						<mainTitle>憎惡者</mainTitle>
					</title>
					<creator>
						<author>
							<name>想何</name>
						</author>
					</creator>
					<subjectClass code="ma00"/>
				</biblioData>
			</front>
			<text>
				<content>
					<paragraph>
						<pTitle type="기사명">憎惡者</pTitle>
						<name role="필자">想何</name>
					</paragraph>
				</content>
			</text>
		</level3>
		<level3 id="ma_079_0030_0170">
			<front>
				<biblioData>
					<title>
						<mainTitle>벗을 보내는 노래</mainTitle>
					</title>
					<creator>
						<author>
							<name>木山</name>
						</author>
					</creator>
					<subjectClass code="ma00"/>
				</biblioData>
			</front>
			<text>
				<content>
					<paragraph>
						<pTitle type="기사명">벗을 보내는 노래</pTitle>
						<name role="필자">木山</name>
					</paragraph>
				</content>
			</text>
		</level3>
		<level3 id="ma_079_0030_0180">
			<front>
				<biblioData>
					<title>
						<mainTitle>絶望에서</mainTitle>
					</title>
					<creator>
						<author>
							<name>CH</name>
						</author>
					</creator>
					<subjectClass code="ma00"/>
				</biblioData>
			</front>
			<text>
				<content>
					<paragraph>
						<pTitle type="기사명">絶望에서</pTitle>
						<name role="필자">CH</name>
					</paragraph>
				</content>
			</text>
		</level3>
		<level3 id="ma_079_0030_0190">
			<front>
				<biblioData>
					<title>
						<mainTitle>阜蘭寺에 一宿</mainTitle>
					</title>
					<creator>
						<author>
							<name>成樂緖</name>
						</author>
					</creator>
					<subjectClass code="ma00"/>
				</biblioData>
			</front>
			<text>
				<content>
					<paragraph>
						<pTitle type="기사명">阜蘭寺에 一宿</pTitle>
						<name role="필자">成樂緖</name>
					</paragraph>
				</content>
			</text>
		</level3>
		<level3 id="ma_079_0030_0200">
			<front>
				<biblioData>
					<title>
						<mainTitle>紀元後 븨너스</mainTitle>
					</title>
					<creator>
						<author>
							<name>曉哲</name>
						</author>
					</creator>
					<subjectClass code="ma00"/>
				</biblioData>
			</front>
			<text>
				<content>
					<paragraph>
						<pTitle type="기사명">紀元後 븨너스</pTitle>
						<name role="필자">曉哲</name>
					</paragraph>
				</content>
			</text>
		</level3>
	</level2>
	<level2 id="ma_079_0040">
		<front>
			<biblioData>
				<title>
					<mainTitle volume="제4호">신흥 제4호</mainTitle>
				</title>
				<publication>
					<publisher/>
					<dateIssued date="1931-01-05">1931년 1월 5일</dateIssued>
				</publication>
			</biblioData>
			<illustGroup>
				<illustration begin="ma_079_0040_0001" end="ma_079_0040_0152"/>
			</illustGroup>
		</front>
		<level3 id="ma_079_0040_0010">
			<front>
				<biblioData>
					<title>
						<mainTitle>封建遺制와 金融資本과의 野合</mainTitle>
					</title>
					<creator>
						<author>
							<name>朴仁洙</name>
						</author>
					</creator>
					<subjectClass code="ma00"/>
				</biblioData>
				<illustGroup>
					<illustration begin="ma_079_0040_0008" end="ma_079_0040_0017"/>
				</illustGroup>
			</front>
			<text>
				<content>
					<paragraph>
						<pTitle type="기사명">封建遺制와 金融資本과의 野合</pTitle>
						<name role="필자">朴仁洙</name>
					</paragraph>
				</content>
			</text>
		</level3>
		<level3 id="ma_079_0040_0020">
			<front>
				<biblioData>
					<title>
						<mainTitle>法律에 在한 社會民主主義</mainTitle>
					</title>
					<creator>
						<author>
							<name>陳伍</name>
						</author>
					</creator>
					<subjectClass code="ma00"/>
				</biblioData>
				<illustGroup>
					<illustration begin="ma_079_0040_0018" end="ma_079_0040_0035"/>
				</illustGroup>
			</front>
			<text>
				<content>
					<paragraph>
						<pTitle type="기사명">法律에 在한 社會民主主義</pTitle>
						<name role="필자">陳伍</name>
					</paragraph>
				</content>
			</text>
		</level3>
		<level3 id="ma_079_0040_0030">
			<front>
				<biblioData>
					<title>
						<mainTitle>法律主體로의 人格의 槪念</mainTitle>
					</title>
					<creator>
						<author>
							<name>崔中峰</name>
						</author>
					</creator>
					<subjectClass code="ma00"/>
				</biblioData>
				<illustGroup>
					<illustration begin="ma_079_0040_0036" end="ma_079_0040_0047"/>
				</illustGroup>
			</front>
			<text>
				<content>
					<paragraph>
						<pTitle type="기사명">法律主體로의 人格의 槪念</pTitle>
						<name role="필자">崔中峰</name>
					</paragraph>
				</content>
			</text>
		</level3>
		<level3 id="ma_079_0040_0040">
			<front>
				<biblioData>
					<title>
						<mainTitle>債務否認과 詐欺罪</mainTitle>
					</title>
					<creator>
						<author>
							<name>愼其生</name>
						</author>
					</creator>
					<subjectClass code="ma00"/>
				</biblioData>
				<illustGroup>
					<illustration begin="ma_079_0040_0048" end="ma_079_0040_0052"/>
				</illustGroup>
			</front>
			<text>
				<content>
					<paragraph>
						<pTitle type="기사명">債務否認과 詐欺罪</pTitle>
						<name role="필자">愼其生</name>
					</paragraph>
				</content>
			</text>
		</level3>
		<level3 id="ma_079_0040_0050">
			<front>
				<biblioData>
					<title>
						<mainTitle>米國失業者大會</mainTitle>
					</title>
					<creator>
						<author>
							<name>EB</name>
						</author>
					</creator>
					<subjectClass code="ma00"/>
				</biblioData>
				<illustGroup>
					<illustration begin="ma_079_0040_0053" end="ma_079_0040_0054"/>
				</illustGroup>
			</front>
			<text>
				<content>
					<paragraph>
						<pTitle type="기사명">米國失業者大會</pTitle>
						<name role="필자">EB</name>
					</paragraph>
				</content>
			</text>
		</level3>
		<level3 id="ma_079_0040_0060">
			<front>
				<biblioData>
					<title>
						<mainTitle>金銅彌勒半跏像의 考察</mainTitle>
					</title>
					<creator>
						<author>
							<name>高裕燮</name>
						</author>
					</creator>
					<subjectClass code="ma00"/>
				</biblioData>
				<illustGroup>
					<illustration begin="ma_079_0040_0055" end="ma_079_0040_0067"/>
				</illustGroup>
			</front>
			<text>
				<content>
					<paragraph>
						<pTitle type="기사명">金銅彌勒半跏像의 考察</pTitle>
						<name role="필자">高裕燮</name>
					</paragraph>
				</content>
			</text>
		</level3>
		<level3 id="ma_079_0040_0070">
			<front>
				<biblioData>
					<title>
						<mainTitle>哲學과 自然性과의 關係</mainTitle>
					</title>
					<creator>
						<author>
							<name>金桂淑</name>
						</author>
					</creator>
					<subjectClass code="ma00"/>
				</biblioData>
				<illustGroup>
					<illustration begin="ma_079_0040_0068" end="ma_079_0040_0076"/>
				</illustGroup>
			</front>
			<text>
				<content>
					<paragraph>
						<pTitle type="기사명">哲學과 自然性과의 關係</pTitle>
						<name role="필자">金桂淑</name>
					</paragraph>
				</content>
			</text>
		</level3>
		<level3 id="ma_079_0040_0080">
			<front>
				<biblioData>
					<title>
						<mainTitle>個體意識과 社會意識</mainTitle>
					</title>
					<creator>
						<author>
							<name>安龍伯</name>
						</author>
					</creator>
					<subjectClass code="ma00"/>
				</biblioData>
				<illustGroup>
					<illustration begin="ma_079_0040_0077" end="ma_079_0040_0095"/>
				</illustGroup>
			</front>
			<text>
				<content>
					<paragraph>
						<pTitle type="기사명">個體意識과 社會意識</pTitle>
						<name role="필자">安龍伯</name>
					</paragraph>
				</content>
			</text>
		</level3>
		<level3 id="ma_079_0040_0090">
			<front>
				<biblioData>
					<title>
						<mainTitle>時調字數考</mainTitle>
					</title>
					<creator>
						<author>
							<name>趙潤濟</name>
						</author>
					</creator>
					<subjectClass code="ma00"/>
				</biblioData>
				<illustGroup>
					<illustration begin="ma_079_0040_0096" end="ma_079_0040_0127"/>
				</illustGroup>
			</front>
			<text>
				<content>
					<paragraph>
						<pTitle type="기사명">時調字數考</pTitle>
						<name role="필자">趙潤濟</name>
					</paragraph>
				</content>
			</text>
		</level3>
		<level3 id="ma_079_0040_0100">
			<front>
				<biblioData>
					<title>
						<mainTitle>朝鮮語 때의 助動詞에 對한 管見</mainTitle>
					</title>
					<creator>
						<author>
							<name>李熙昇</name>
						</author>
					</creator>
					<subjectClass code="ma00"/>
				</biblioData>
				<illustGroup>
					<illustration begin="ma_079_0040_0128" end="ma_079_0040_0135"/>
				</illustGroup>
			</front>
			<text>
				<content>
					<paragraph>
						<pTitle type="기사명">朝鮮語 때의 助動詞에 對한 管見</pTitle>
						<name role="필자">李熙昇</name>
					</paragraph>
				</content>
			</text>
		</level3>
		<level3 id="ma_079_0040_0110">
			<front>
				<biblioData>
					<title>
						<mainTitle>茶山의 井田考</mainTitle>
					</title>
					<creator>
						<author>
							<name>尹瑢均</name>
						</author>
					</creator>
					<subjectClass code="ma00"/>
				</biblioData>
				<illustGroup>
					<illustration begin="ma_079_0040_0136" end="ma_079_0040_0142"/>
				</illustGroup>
			</front>
			<text>
				<content>
					<paragraph>
						<pTitle type="기사명">茶山의 井田考</pTitle>
						<name role="필자">尹瑢均</name>
					</paragraph>
				</content>
			</text>
		</level3>
		<level3 id="ma_079_0040_0120">
			<front>
				<biblioData>
					<title>
						<mainTitle>他山錄</mainTitle>
					</title>
					<creator>
						<author>
							<name>杜潄</name>
						</author>
					</creator>
					<subjectClass code="ma00"/>
				</biblioData>
				<illustGroup>
					<illustration begin="ma_079_0040_0143" end="ma_079_0040_0147"/>
				</illustGroup>
			</front>
			<text>
				<content>
					<paragraph>
						<pTitle type="기사명">他山錄</pTitle>
						<name role="필자">杜潄</name>
					</paragraph>
				</content>
			</text>
		</level3>
		<level3 id="ma_079_0040_0130">
			<front>
				<biblioData>
					<title>
						<mainTitle>編輯後記</mainTitle>
					</title>
					<subjectClass code="ma00"/>
				</biblioData>
				<illustGroup>
					<illustration begin="ma_079_0040_0148" end="ma_079_0040_0152"/>
				</illustGroup>
			</front>
			<text>
				<content>
					<paragraph>
						<pTitle type="기사명">編輯後記</pTitle>
					</paragraph>
				</content>
			</text>
		</level3>
	</level2>
	<level2 id="ma_079_0050">
		<front>
			<biblioData>
				<title>
					<mainTitle volume="제5호">신흥 제5호</mainTitle>
				</title>
				<publication>
					<publisher/>
					<dateIssued date="1931-07-05">1931년 7월 5일</dateIssued>
				</publication>
			</biblioData>
			<illustGroup>
				<illustration begin="ma_079_0050_0001" end="ma_079_0050_0134"/>
			</illustGroup>
		</front>
		<level3 id="ma_079_0050_0010">
			<front>
				<biblioData>
					<title>
						<mainTitle>經濟的 同盟罷業의 任務</mainTitle>
					</title>
					<creator>
						<author>
							<name>李聖用</name>
						</author>
					</creator>
					<subjectClass code="ma00"/>
				</biblioData>
				<illustGroup>
					<illustration begin="ma_079_0050_0008" end="ma_079_0050_0016"/>
				</illustGroup>
			</front>
			<text>
				<content>
					<paragraph>
						<pTitle type="기사명">經濟的 同盟罷業의 任務</pTitle>
						<name role="필자">李聖用</name>
					</paragraph>
				</content>
			</text>
		</level3>
		<level3 id="ma_079_0050_0020">
			<front>
				<biblioData>
					<title>
						<mainTitle>加俸撤廢問題</mainTitle>
					</title>
					<creator>
						<author>
							<name>崔雲海</name>
						</author>
					</creator>
					<subjectClass code="ma00"/>
				</biblioData>
				<illustGroup>
					<illustration begin="ma_079_0050_0017" end="ma_079_0050_0022"/>
				</illustGroup>
			</front>
			<text>
				<content>
					<paragraph>
						<pTitle type="기사명">加俸撤廢問題</pTitle>
						<name role="필자">崔雲海</name>
					</paragraph>
				</content>
			</text>
		</level3>
		<level3 id="ma_079_0050_0030">
			<front>
				<biblioData>
					<title>
						<mainTitle>헤겔 百年祭와 헤겔復興</mainTitle>
					</title>
					<creator>
						<author>
							<name>申南澈</name>
						</author>
					</creator>
					<subjectClass code="ma00"/>
				</biblioData>
				<illustGroup>
					<illustration begin="ma_079_0050_0023" end="ma_079_0050_0046"/>
				</illustGroup>
			</front>
			<text>
				<content>
					<paragraph>
						<pTitle type="기사명">헤겔 百年祭와 헤겔復興</pTitle>
						<name role="필자">申南澈</name>
					</paragraph>
				</content>
			</text>
		</level3>
		<level3 id="ma_079_0050_0040">
			<front>
				<biblioData>
					<title>
						<mainTitle>헤겔思想의 前史</mainTitle>
					</title>
					<creator>
						<author>
							<name>金桂淑</name>
						</author>
					</creator>
					<subjectClass code="ma00"/>
				</biblioData>
				<illustGroup>
					<illustration begin="ma_079_0050_0047" end="ma_079_0050_0056"/>
				</illustGroup>
			</front>
			<text>
				<content>
					<paragraph>
						<pTitle type="기사명">헤겔思想의 前史</pTitle>
						<name role="필자">金桂淑</name>
					</paragraph>
				</content>
			</text>
		</level3>
		<level3 id="ma_079_0050_0050">
			<front>
				<biblioData>
					<title>
						<mainTitle>哲學的 宇宙觀</mainTitle>
					</title>
					<creator>
						<author>
							<name>權稷周</name>
						</author>
					</creator>
					<subjectClass code="ma00"/>
				</biblioData>
				<illustGroup>
					<illustration begin="ma_079_0050_0057" end="ma_079_0050_0064"/>
				</illustGroup>
			</front>
			<text>
				<content>
					<paragraph>
						<pTitle type="기사명">哲學的 宇宙觀</pTitle>
						<name role="필자">權稷周</name>
					</paragraph>
				</content>
			</text>
		</level3>
		<level3 id="ma_079_0050_0060">
			<front>
				<biblioData>
					<title>
						<mainTitle>海外文化動向-獨逸社會民主黨의 階級的 活動</mainTitle>
					</title>
					<creator>
						<author>
							<name>LK</name>
						</author>
					</creator>
					<subjectClass code="ma00"/>
				</biblioData>
				<illustGroup>
					<illustration begin="ma_079_0050_0065" end="ma_079_0050_0067"/>
				</illustGroup>
			</front>
			<text>
				<content>
					<paragraph>
						<pTitle type="기사명">海外文化動向-獨逸社會民主黨의 階級的 活動</pTitle>
						<name role="필자">LK</name>
					</paragraph>
				</content>
			</text>
		</level3>
		<level3 id="ma_079_0050_0070">
			<front>
				<biblioData>
					<title>
						<mainTitle>海外文化動向-大英帝國의 經濟的 破滅</mainTitle>
					</title>
					<creator>
						<author>
							<name>SH</name>
						</author>
					</creator>
					<subjectClass code="ma00"/>
				</biblioData>
				<illustGroup>
					<illustration begin="ma_079_0050_0067" end="ma_079_0050_0068"/>
				</illustGroup>
			</front>
			<text>
				<content>
					<paragraph>
						<pTitle type="기사명">海外文化動向-大英帝國의 經濟的 破滅</pTitle>
						<name role="필자">SH</name>
					</paragraph>
				</content>
			</text>
		</level3>
		<level3 id="ma_079_0050_0080">
			<front>
				<biblioData>
					<title>
						<mainTitle>朝鮮의 白衣俗 考</mainTitle>
					</title>
					<creator>
						<author>
							<name>李在郁</name>
						</author>
					</creator>
					<subjectClass code="ma00"/>
				</biblioData>
				<illustGroup>
					<illustration begin="ma_079_0050_0069" end="ma_079_0050_0075"/>
				</illustGroup>
			</front>
			<text>
				<content>
					<paragraph>
						<pTitle type="기사명">朝鮮의 白衣俗 考</pTitle>
						<name role="필자">李在郁</name>
					</paragraph>
				</content>
			</text>
		</level3>
		<level3 id="ma_079_0050_0090">
			<front>
				<biblioData>
					<title>
						<mainTitle>李朝의 漢文學源流</mainTitle>
					</title>
					<creator>
						<author>
							<name>金俊</name>
						</author>
					</creator>
					<subjectClass code="ma00"/>
				</biblioData>
				<illustGroup>
					<illustration begin="ma_079_0050_0076" end="ma_079_0050_0080"/>
				</illustGroup>
			</front>
			<text>
				<content>
					<paragraph>
						<pTitle type="기사명">李朝의 漢文學源流</pTitle>
						<name role="필자">金俊</name>
					</paragraph>
				</content>
			</text>
		</level3>
		<level3 id="ma_079_0050_0100">
			<front>
				<biblioData>
					<title>
						<mainTitle>朝鮮語 때의 助動詞에 對한 管見(二)</mainTitle>
					</title>
					<creator>
						<author>
							<name>李熙昇</name>
						</author>
					</creator>
					<subjectClass code="ma00"/>
				</biblioData>
				<illustGroup>
					<illustration begin="ma_079_0050_0081" end="ma_079_0050_0084"/>
				</illustGroup>
			</front>
			<text>
				<content>
					<paragraph>
						<pTitle type="기사명">朝鮮語 때의 助動詞에 對한 管見</pTitle>
						<name role="필자">李熙昇</name>
					</paragraph>
				</content>
			</text>
		</level3>
		<level3 id="ma_079_0050_0110">
			<front>
				<biblioData>
					<title>
						<mainTitle>擬似金剛遊記</mainTitle>
					</title>
					<creator>
						<author>
							<name>高裕燮</name>
						</author>
					</creator>
					<subjectClass code="ma00"/>
				</biblioData>
				<illustGroup>
					<illustration begin="ma_079_0050_0085" end="ma_079_0050_0090"/>
				</illustGroup>
			</front>
			<text>
				<content>
					<paragraph>
						<pTitle type="기사명">擬似金剛遊記</pTitle>
						<name role="필자">高裕燮</name>
					</paragraph>
				</content>
			</text>
		</level3>
		<level3 id="ma_079_0050_0120">
			<front>
				<biblioData>
					<title>
						<mainTitle>讀史餘墨</mainTitle>
					</title>
					<creator>
						<author>
							<name>嚴武鉉</name>
						</author>
					</creator>
					<subjectClass code="ma00"/>
				</biblioData>
				<illustGroup>
					<illustration begin="ma_079_0050_0091" end="ma_079_0050_0094"/>
				</illustGroup>
			</front>
			<text>
				<content>
					<paragraph>
						<pTitle type="기사명">讀史餘墨</pTitle>
						<name role="필자">嚴武鉉</name>
					</paragraph>
				</content>
			</text>
		</level3>
		<level3 id="ma_079_0050_0130">
			<front>
				<biblioData>
					<title>
						<mainTitle>朝鮮民謠漫談</mainTitle>
					</title>
					<creator>
						<author>
							<name>金在喆</name>
						</author>
					</creator>
					<subjectClass code="ma00"/>
				</biblioData>
				<illustGroup>
					<illustration begin="ma_079_0050_0095" end="ma_079_0050_0097"/>
				</illustGroup>
			</front>
			<text>
				<content>
					<paragraph>
						<pTitle type="기사명">朝鮮民謠漫談</pTitle>
						<name role="필자">金在喆</name>
					</paragraph>
				</content>
			</text>
		</level3>
		<level3 id="ma_079_0050_0140">
			<front>
				<biblioData>
					<title>
						<mainTitle>談談中國映畵</mainTitle>
					</title>
					<creator>
						<author>
							<name>天台山人</name>
						</author>
					</creator>
					<subjectClass code="ma00"/>
				</biblioData>
				<illustGroup>
					<illustration begin="ma_079_0050_0098" end="ma_079_0050_0101"/>
				</illustGroup>
			</front>
			<text>
				<content>
					<paragraph>
						<pTitle type="기사명">談談中國映畵</pTitle>
						<name role="필자">天台山人</name>
					</paragraph>
				</content>
			</text>
		</level3>
		<level3 id="ma_079_0050_0150">
			<front>
				<biblioData>
					<title>
						<mainTitle>未熟한 文學</mainTitle>
					</title>
					<creator>
						<author>
							<name>崔載瑞</name>
						</author>
					</creator>
					<subjectClass code="ma00"/>
				</biblioData>
				<illustGroup>
					<illustration begin="ma_079_0050_0102" end="ma_079_0050_0109"/>
				</illustGroup>
			</front>
			<text>
				<content>
					<paragraph>
						<pTitle type="기사명">未熟한 文學</pTitle>
						<name role="필자">崔載瑞</name>
					</paragraph>
				</content>
			</text>
		</level3>
		<level3 id="ma_079_0050_0160">
			<front>
				<biblioData>
					<title>
						<mainTitle>他山錄</mainTitle>
					</title>
					<creator>
						<author>
							<name>杜潄</name>
						</author>
					</creator>
					<subjectClass code="ma00"/>
				</biblioData>
				<illustGroup>
					<illustration begin="ma_079_0050_0110" end="ma_079_0050_0113"/>
				</illustGroup>
			</front>
			<text>
				<content>
					<paragraph>
						<pTitle type="기사명">他山錄</pTitle>
						<name role="필자">杜潄</name>
					</paragraph>
				</content>
			</text>
		</level3>
		<level3 id="ma_079_0050_0170">
			<front>
				<biblioData>
					<title>
						<mainTitle>설어운 흙을 파면은</mainTitle>
					</title>
					<creator>
						<author>
							<name>盧泳昌</name>
						</author>
					</creator>
					<subjectClass code="ma00"/>
				</biblioData>
				<illustGroup>
					<illustration begin="ma_079_0050_0114" end="ma_079_0050_0117"/>
				</illustGroup>
			</front>
			<text>
				<content>
					<paragraph>
						<pTitle type="기사명">설어운 흙을 파면은</pTitle>
						<name role="필자">盧泳昌</name>
					</paragraph>
				</content>
			</text>
		</level3>
		<level3 id="ma_079_0050_0180">
			<front>
				<biblioData>
					<title>
						<mainTitle>永日漫吟</mainTitle>
					</title>
					<creator>
						<author>
							<name>돌샘</name>
						</author>
					</creator>
					<subjectClass code="ma00"/>
				</biblioData>
				<illustGroup>
					<illustration begin="ma_079_0050_0118" end="ma_079_0050_0119"/>
				</illustGroup>
			</front>
			<text>
				<content>
					<paragraph>
						<pTitle type="기사명">永日漫吟</pTitle>
						<name role="필자">돌샘</name>
					</paragraph>
				</content>
			</text>
		</level3>
		<level3 id="ma_079_0050_0190">
			<front>
				<biblioData>
					<title>
						<mainTitle>午後의 諧調</mainTitle>
					</title>
					<creator>
						<author>
							<name>亞細兒</name>
						</author>
					</creator>
					<subjectClass code="ma00"/>
				</biblioData>
				<illustGroup>
					<illustration begin="ma_079_0050_0120" end="ma_079_0050_0124"/>
				</illustGroup>
			</front>
			<text>
				<content>
					<paragraph>
						<pTitle type="기사명">午後의 諧調</pTitle>
						<name role="필자">亞細兒</name>
					</paragraph>
				</content>
			</text>
		</level3>
		<level3 id="ma_079_0050_0200">
			<front>
				<biblioData>
					<title>
						<mainTitle>일자리 잇소</mainTitle>
					</title>
					<creator>
						<author>
							<name>李鍾洙</name>
						</author>
					</creator>
					<subjectClass code="ma00"/>
				</biblioData>
				<illustGroup>
					<illustration begin="ma_079_0050_0125" end="ma_079_0050_0134"/>
				</illustGroup>
			</front>
			<text>
				<content>
					<paragraph>
						<pTitle type="기사명">일자리 잇소</pTitle>
						<name role="필자">李鍾洙</name>
					</paragraph>
				</content>
			</text>
		</level3>
	</level2>
	<level2 id="ma_079_0060">
		<front>
			<biblioData>
				<title>
					<mainTitle volume="제6호">신흥 제6호</mainTitle>
				</title>
				<publication>
					<publisher/>
					<dateIssued date="1931-12-20">1931년 12월 20일</dateIssued>
				</publication>
			</biblioData>
		</front>
		<level3 id="ma_079_0060_0010">
			<front>
				<biblioData>
					<title>
						<mainTitle>經濟的 同盟罷業과 政治的 鬪爭</mainTitle>
					</title>
					<creator>
						<author>
							<name>李聖用</name>
						</author>
					</creator>
					<subjectClass code="ma00"/>
				</biblioData>
			</front>
			<text>
				<content>
					<paragraph>
						<pTitle type="기사명">經濟的 同盟罷業과 政治的 鬪爭</pTitle>
						<name role="필자">李聖用</name>
					</paragraph>
				</content>
			</text>
		</level3>
		<level3 id="ma_079_0060_0020">
			<front>
				<biblioData>
					<title>
						<mainTitle>地代論戰所見</mainTitle>
					</title>
					<creator>
						<author>
							<name>朴仁洙</name>
						</author>
					</creator>
					<subjectClass code="ma00"/>
				</biblioData>
			</front>
			<text>
				<content>
					<paragraph>
						<pTitle type="기사명">地代論戰所見</pTitle>
						<name role="필자">朴仁洙</name>
					</paragraph>
				</content>
			</text>
		</level3>
		<level3 id="ma_079_0060_0030">
			<front>
				<biblioData>
					<title>
						<mainTitle>抽象과 唯物辨證法</mainTitle>
					</title>
					<creator>
						<author>
							<name>陳伍</name>
						</author>
					</creator>
					<subjectClass code="ma00"/>
				</biblioData>
			</front>
			<text>
				<content>
					<paragraph>
						<pTitle type="기사명">抽象과 唯物辨證法</pTitle>
						<name role="필자">陳伍</name>
					</paragraph>
				</content>
			</text>
		</level3>
		<level3 id="ma_079_0060_0040">
			<front>
				<biblioData>
					<title>
						<mainTitle>포이엘빠흐哲學</mainTitle>
					</title>
					<creator>
						<author>
							<name>蘇哲仁</name>
						</author>
					</creator>
					<subjectClass code="ma00"/>
				</biblioData>
			</front>
			<text>
				<content>
					<paragraph>
						<pTitle type="기사명">포이엘빠흐哲學</pTitle>
						<name role="필자">蘇哲仁</name>
					</paragraph>
				</content>
			</text>
		</level3>
		<level3 id="ma_079_0060_0050">
			<front>
				<biblioData>
					<title>
						<mainTitle>新헤겔主義와 其批判</mainTitle>
					</title>
					<creator>
						<author>
							<name>申南澈</name>
						</author>
					</creator>
					<subjectClass code="ma00"/>
				</biblioData>
			</front>
			<text>
				<content>
					<paragraph>
						<pTitle type="기사명">新헤겔主義와 其批判</pTitle>
						<name role="필자">申南澈</name>
					</paragraph>
				</content>
			</text>
		</level3>
		<level3 id="ma_079_0060_0060">
			<front>
				<biblioData>
					<title>
						<mainTitle>海外文化動向-國際勞動者救援會 第八回 世界大會</mainTitle>
					</title>
					<creator>
						<author>
							<name>編輯局</name>
						</author>
					</creator>
					<subjectClass code="ma00"/>
				</biblioData>
			</front>
			<text>
				<content>
					<paragraph>
						<pTitle type="기사명">海外文化動向-國際勞動者救援會 第八回 世界大會</pTitle>
						<name role="필자">編輯局</name>
					</paragraph>
				</content>
			</text>
		</level3>
		<level3 id="ma_079_0060_0070">
			<front>
				<biblioData>
					<title>
						<mainTitle>海外文化動向-西班牙의 動向</mainTitle>
					</title>
					<creator>
						<author>
							<name>編輯局</name>
						</author>
					</creator>
					<subjectClass code="ma00"/>
				</biblioData>
			</front>
			<text>
				<content>
					<paragraph>
						<pTitle type="기사명">海外文化動向-西班牙의 動向</pTitle>
						<name role="필자">編輯局</name>
					</paragraph>
				</content>
			</text>
		</level3>
		<level3 id="ma_079_0060_0080">
			<front>
				<biblioData>
					<title>
						<mainTitle>海外文化動向-헤겔聯盟 第二回 大會</mainTitle>
					</title>
					<creator>
						<author>
							<name>編輯局</name>
						</author>
					</creator>
					<subjectClass code="ma00"/>
				</biblioData>
			</front>
			<text>
				<content>
					<paragraph>
						<pTitle type="기사명">海外文化動向-헤겔聯盟 第二回 大會</pTitle>
						<name role="필자">編輯局</name>
					</paragraph>
				</content>
			</text>
		</level3>
		<level3 id="ma_079_0060_0090">
			<front>
				<biblioData>
					<title>
						<mainTitle>海外文化動向-헤겔이냐 맑스냐?</mainTitle>
					</title>
					<creator>
						<author>
							<name>編輯局</name>
						</author>
					</creator>
					<subjectClass code="ma00"/>
				</biblioData>
			</front>
			<text>
				<content>
					<paragraph>
						<pTitle type="기사명">海外文化動向-헤겔이냐 맑스냐?</pTitle>
						<name role="필자">編輯局</name>
					</paragraph>
				</content>
			</text>
		</level3>
		<level3 id="ma_079_0060_0100">
			<front>
				<biblioData>
					<title>
						<mainTitle>朝鮮塔婆槪說</mainTitle>
					</title>
					<creator>
						<author>
							<name>高裕燮</name>
						</author>
					</creator>
					<subjectClass code="ma00"/>
				</biblioData>
			</front>
			<text>
				<content>
					<paragraph>
						<pTitle type="기사명">朝鮮塔婆槪說</pTitle>
						<name role="필자">高裕燮</name>
					</paragraph>
				</content>
			</text>
		</level3>
		<level3 id="ma_079_0060_0110">
			<front>
				<biblioData>
					<title>
						<mainTitle>北平紀行</mainTitle>
					</title>
					<creator>
						<author>
							<name>短舌</name>
						</author>
					</creator>
					<subjectClass code="ma00"/>
				</biblioData>
			</front>
			<text>
				<content>
					<paragraph>
						<pTitle type="기사명">北平紀行</pTitle>
						<name role="필자">短舌</name>
					</paragraph>
				</content>
			</text>
		</level3>
		<level3 id="ma_079_0060_0120">
			<front>
				<biblioData>
					<title>
						<mainTitle>故尹瑢均君이 생각혀서</mainTitle>
					</title>
					<creator>
						<author>
							<name>徐斗銖</name>
						</author>
					</creator>
					<subjectClass code="ma00"/>
				</biblioData>
			</front>
			<text>
				<content>
					<paragraph>
						<pTitle type="기사명">故尹瑢均君이 생각혀서</pTitle>
						<name role="필자">徐斗銖</name>
					</paragraph>
				</content>
			</text>
		</level3>
		<level3 id="ma_079_0060_0130">
			<front>
				<biblioData>
					<title>
						<mainTitle>嶺南女性과 그 文學</mainTitle>
					</title>
					<creator>
						<author>
							<name>趙潤濟</name>
						</author>
					</creator>
					<subjectClass code="ma00"/>
				</biblioData>
			</front>
			<text>
				<content>
					<paragraph>
						<pTitle type="기사명">嶺南女性과 그 文學</pTitle>
						<name role="필자">趙潤濟</name>
					</paragraph>
				</content>
			</text>
		</level3>
		<level3 id="ma_079_0060_0140">
			<front>
				<biblioData>
					<title>
						<mainTitle>所謂 山有花歌와 산유해 미나리의 交涉</mainTitle>
					</title>
					<creator>
						<author>
							<name>李在郁</name>
						</author>
					</creator>
					<subjectClass code="ma00"/>
				</biblioData>
			</front>
			<text>
				<content>
					<paragraph>
						<pTitle type="기사명">所謂 山有花歌와 산유해 미나리의 交涉</pTitle>
						<name role="필자">李在郁</name>
					</paragraph>
				</content>
			</text>
		</level3>
		<level3 id="ma_079_0060_0150">
			<front>
				<biblioData>
					<title>
						<mainTitle>朝鮮푸로레타리아演劇運動의 前兆</mainTitle>
					</title>
					<creator>
						<author>
							<name>旋風兒</name>
						</author>
					</creator>
					<subjectClass code="ma00"/>
				</biblioData>
			</front>
			<text>
				<content>
					<paragraph>
						<pTitle type="기사명">朝鮮푸로레타리아演劇運動의 前兆</pTitle>
						<name role="필자">旋風兒</name>
					</paragraph>
				</content>
			</text>
		</level3>
		<level3 id="ma_079_0060_0160">
			<front>
				<biblioData>
					<title>
						<mainTitle>새벽(詩)</mainTitle>
					</title>
					<creator>
						<author>
							<name>南澈</name>
						</author>
					</creator>
					<subjectClass code="ma00"/>
				</biblioData>
			</front>
			<text>
				<content>
					<paragraph>
						<pTitle type="기사명">새벽</pTitle>
						<name role="필자">南澈</name>
					</paragraph>
				</content>
			</text>
		</level3>
		<level3 id="ma_079_0060_0170">
			<front>
				<biblioData>
					<title>
						<mainTitle>柳京雜詠(詩)</mainTitle>
					</title>
					<creator>
						<author>
							<name>돌샘</name>
						</author>
					</creator>
					<subjectClass code="ma00"/>
				</biblioData>
			</front>
			<text>
				<content>
					<paragraph>
						<pTitle type="기사명">柳京雜詠</pTitle>
						<name role="필자">돌샘</name>
					</paragraph>
				</content>
			</text>
		</level3>
		<level3 id="ma_079_0060_0180">
			<front>
				<biblioData>
					<title>
						<mainTitle>小說 실업자의 안해</mainTitle>
					</title>
					<creator>
						<author>
							<name>李鍾洙</name>
						</author>
					</creator>
					<subjectClass code="ma00"/>
				</biblioData>
			</front>
			<text>
				<content>
					<paragraph>
						<pTitle type="기사명">小說 실업자의 안해</pTitle>
						<name role="필자">李鍾洙</name>
					</paragraph>
				</content>
			</text>
		</level3>
		<level3 id="ma_079_0060_0190">
			<front>
				<biblioData>
					<title>
						<mainTitle>戱曲 江村小景</mainTitle>
					</title>
					<creator>
						<author>
							<name>崔昌圭</name>
						</author>
					</creator>
					<subjectClass code="ma00"/>
				</biblioData>
			</front>
			<text>
				<content>
					<paragraph>
						<pTitle type="기사명">戱曲 江村小景</pTitle>
						<name role="필자">崔昌圭</name>
					</paragraph>
				</content>
			</text>
		</level3>
	</level2>
	<level2 id="ma_079_0070">
		<front>
			<biblioData>
				<title>
					<mainTitle volume="제7호">신흥 제7호</mainTitle>
				</title>
				<publication>
					<publisher/>
					<dateIssued date="1932-12-14">1932년 12월 14일</dateIssued>
				</publication>
			</biblioData>
			<illustGroup>
				<illustration begin="ma_079_0070_0001" end="ma_079_0070_0098"/>
			</illustGroup>
		</front>
		<level3 id="ma_079_0070_0010">
			<front>
				<biblioData>
					<title>
						<mainTitle>民族理論의 三形態</mainTitle>
					</title>
					<creator>
						<author>
							<name>申南澈</name>
						</author>
					</creator>
					<subjectClass code="ma00"/>
				</biblioData>
				<illustGroup>
					<illustration begin="ma_079_0070_0004" end="ma_079_0070_0016"/>
				</illustGroup>
			</front>
			<text>
				<content>
					<paragraph>
						<pTitle type="기사명">民族理論의 三形態</pTitle>
						<name role="필자">申南澈</name>
					</paragraph>
				</content>
			</text>
		</level3>
		<level3 id="ma_079_0070_0020">
			<front>
				<biblioData>
					<title>
						<mainTitle>法律의 資本主義的 基礎</mainTitle>
					</title>
					<creator>
						<author>
							<name>崔中峰</name>
						</author>
					</creator>
					<subjectClass code="ma00"/>
				</biblioData>
				<illustGroup>
					<illustration begin="ma_079_0070_0017" end="ma_079_0070_0022"/>
				</illustGroup>
			</front>
			<text>
				<content>
					<paragraph>
						<pTitle type="기사명">法律의 資本主義的 基礎</pTitle>
						<name role="필자">崔中峰</name>
					</paragraph>
				</content>
			</text>
		</level3>
		<level3 id="ma_079_0070_0030">
			<front>
				<biblioData>
					<title>
						<mainTitle>獨逸의 總選擧의 意義</mainTitle>
					</title>
					<creator>
						<author>
							<name>白東和</name>
						</author>
					</creator>
					<subjectClass code="ma00"/>
				</biblioData>
				<illustGroup>
					<illustration begin="ma_079_0070_0023" end="ma_079_0070_0040"/>
				</illustGroup>
			</front>
			<text>
				<content>
					<paragraph>
						<pTitle type="기사명">獨逸의 總選擧의 意義</pTitle>
						<name role="필자">白東和</name>
					</paragraph>
				</content>
			</text>
		</level3>
		<level3 id="ma_079_0070_0040">
			<front>
				<biblioData>
					<title>
						<mainTitle>資本主義諸國의 勞動者狀態</mainTitle>
					</title>
					<creator>
						<author>
							<name>朴仁洙</name>
						</author>
					</creator>
					<subjectClass code="ma00"/>
				</biblioData>
				<illustGroup>
					<illustration begin="ma_079_0070_0041" end="ma_079_0070_0045"/>
				</illustGroup>
			</front>
			<text>
				<content>
					<paragraph>
						<pTitle type="기사명">資本主義諸國의 勞動者狀態</pTitle>
						<name role="필자">朴仁洙</name>
					</paragraph>
				</content>
			</text>
		</level3>
		<level3 id="ma_079_0070_0050">
			<front>
				<biblioData>
					<title>
						<mainTitle>中國의 漢字廢止運動</mainTitle>
					</title>
					<creator>
						<author>
							<name>天台山人</name>
						</author>
					</creator>
					<subjectClass code="ma00"/>
				</biblioData>
				<illustGroup>
					<illustration begin="ma_079_0070_0046" end="ma_079_0070_0056"/>
				</illustGroup>
			</front>
			<text>
				<content>
					<paragraph>
						<pTitle type="기사명">中國의 漢字廢止運動</pTitle>
						<name role="필자">天台山人</name>
					</paragraph>
				</content>
			</text>
		</level3>
		<level3 id="ma_079_0070_0060">
			<front>
				<biblioData>
					<title>
						<mainTitle>쏘聯邦計劃經濟史論</mainTitle>
					</title>
					<creator>
						<author>
							<name>金洸鎭</name>
						</author>
					</creator>
					<subjectClass code="ma00"/>
				</biblioData>
				<illustGroup>
					<illustration begin="ma_079_0070_0057" end="ma_079_0070_0058"/>
				</illustGroup>
			</front>
			<text>
				<content>
					<paragraph>
						<pTitle type="기사명">쏘聯邦計劃經濟史論</pTitle>
						<name role="필자">金洸鎭</name>
					</paragraph>
				</content>
			</text>
		</level3>
		<level3 id="ma_079_0070_0070">
			<front>
				<biblioData>
					<title>
						<mainTitle>露西亞의 建築</mainTitle>
					</title>
					<creator>
						<author>
							<name>高裕燮</name>
						</author>
					</creator>
					<subjectClass code="ma00"/>
				</biblioData>
				<illustGroup>
					<illustration begin="ma_079_0070_0059" end="ma_079_0070_0059"/>
				</illustGroup>
			</front>
			<text>
				<content>
					<paragraph>
						<pTitle type="기사명">露西亞의 建築</pTitle>
						<name role="필자">高裕燮</name>
					</paragraph>
				</content>
			</text>
		</level3>
		<level3 id="ma_079_0070_0080">
			<front>
				<biblioData>
					<title>
						<mainTitle>歷史的 社會的 現實과 理解作用</mainTitle>
					</title>
					<creator>
						<author>
							<name>權稷周</name>
						</author>
					</creator>
					<subjectClass code="ma00"/>
				</biblioData>
				<illustGroup>
					<illustration begin="ma_079_0070_0060" end="ma_079_0070_0067"/>
				</illustGroup>
			</front>
			<text>
				<content>
					<paragraph>
						<pTitle type="기사명">歷史的 社會的 現實과 理解作用</pTitle>
						<name role="필자">權稷周</name>
					</paragraph>
				</content>
			</text>
		</level3>
		<level3 id="ma_079_0070_0090">
			<front>
				<biblioData>
					<title>
						<mainTitle>唯物論的 見解와 觀念論的 見解</mainTitle>
					</title>
					<creator>
						<author>
							<name>蘇哲仁</name>
						</author>
					</creator>
					<subjectClass code="ma00"/>
				</biblioData>
				<illustGroup>
					<illustration begin="ma_079_0070_0068" end="ma_079_0070_0072"/>
				</illustGroup>
			</front>
			<text>
				<content>
					<paragraph>
						<pTitle type="기사명">唯物論的 見解와 觀念論的 見解</pTitle>
						<name role="필자">蘇哲仁</name>
					</paragraph>
				</content>
			</text>
		</level3>
		<level3 id="ma_079_0070_0100">
			<front>
				<biblioData>
					<title>
						<mainTitle>易傳中의 辨證法的 觀念의 展開</mainTitle>
					</title>
					<creator>
						<author>
							<name>崔昌圭</name>
						</author>
					</creator>
					<subjectClass code="ma00"/>
				</biblioData>
				<illustGroup>
					<illustration begin="ma_079_0070_0073" end="ma_079_0070_0087"/>
				</illustGroup>
			</front>
			<text>
				<content>
					<paragraph>
						<pTitle type="기사명">易傳中의 辨證法的 觀念의 展開</pTitle>
						<name role="필자">崔昌圭</name>
					</paragraph>
				</content>
			</text>
		</level3>
		<level3 id="ma_079_0070_0110">
			<front>
				<biblioData>
					<title>
						<mainTitle>社會主義에 對한 人間精神</mainTitle>
					</title>
					<creator>
						<author>
							<name>玄水燮</name>
						</author>
					</creator>
					<subjectClass code="ma00"/>
				</biblioData>
				<illustGroup>
					<illustration begin="ma_079_0070_0088" end="ma_079_0070_0098"/>
				</illustGroup>
			</front>
			<text>
				<content>
					<paragraph>
						<pTitle type="기사명">社會主義에 對한 人間精神</pTitle>
						<name role="필자">玄水燮</name>
					</paragraph>
				</content>
			</text>
		</level3>
	</level2>
	<level2 id="ma_079_0080">
		<front>
			<biblioData>
				<title>
					<mainTitle volume="제8호">신흥 제8호</mainTitle>
				</title>
				<publication>
					<publisher/>
					<dateIssued date="1935-05-18">1935년 5월 18일</dateIssued>
				</publication>
			</biblioData>
			<illustGroup>
				<illustration begin="ma_079_0080_0001" end="ma_079_0080_0154"/>
			</illustGroup>
		</front>
		<level3 id="ma_079_0080_0010">
			<front>
				<biblioData>
					<title>
						<mainTitle>朝鮮通商交涉史의 一節</mainTitle>
					</title>
					<creator>
						<author>
							<name>申基碩</name>
						</author>
					</creator>
					<subjectClass code="ma00"/>
				</biblioData>
				<illustGroup>
					<illustration begin="ma_079_0080_0004" end="ma_079_0080_0024"/>
				</illustGroup>
			</front>
			<text>
				<content>
					<paragraph>
						<pTitle type="기사명">朝鮮通商交涉史의 一節</pTitle>
						<name role="필자">申基碩</name>
					</paragraph>
				</content>
			</text>
		</level3>
		<level3 id="ma_079_0080_0020">
			<front>
				<biblioData>
					<title>
						<mainTitle>朝鮮農村機構의 統計的 解說</mainTitle>
					</title>
					<creator>
						<author>
							<name>朴文圭</name>
						</author>
					</creator>
					<subjectClass code="ma00"/>
				</biblioData>
				<illustGroup>
					<illustration begin="ma_079_0080_0025" end="ma_079_0080_0039"/>
				</illustGroup>
			</front>
			<text>
				<content>
					<paragraph>
						<pTitle type="기사명">朝鮮農村機構의 統計的 解說</pTitle>
						<name role="필자">朴文圭</name>
					</paragraph>
				</content>
			</text>
		</level3>
		<level3 id="ma_079_0080_0030">
			<front>
				<biblioData>
					<title>
						<mainTitle>大院君의 書院毁撤令의 意義</mainTitle>
					</title>
					<creator>
						<author>
							<name>金台俊</name>
						</author>
					</creator>
					<subjectClass code="ma00"/>
				</biblioData>
				<illustGroup>
					<illustration begin="ma_079_0080_0040" end="ma_079_0080_0050"/>
				</illustGroup>
			</front>
			<text>
				<content>
					<paragraph>
						<pTitle type="기사명">大院君의 書院毁撤令의 意義</pTitle>
						<name role="필자">金台俊</name>
					</paragraph>
				</content>
			</text>
		</level3>
		<level3 id="ma_079_0080_0040">
			<front>
				<biblioData>
					<title>
						<mainTitle>最近 獨逸의 心理學</mainTitle>
					</title>
					<creator>
						<author>
							<name>李鎭淑</name>
						</author>
					</creator>
					<subjectClass code="ma00"/>
				</biblioData>
				<illustGroup>
					<illustration begin="ma_079_0080_0051" end="ma_079_0080_0057"/>
				</illustGroup>
			</front>
			<text>
				<content>
					<paragraph>
						<pTitle type="기사명">最近 獨逸의 心理學</pTitle>
						<name role="필자">李鎭淑</name>
					</paragraph>
				</content>
			</text>
		</level3>
		<level3 id="ma_079_0080_0050">
			<front>
				<biblioData>
					<title>
						<mainTitle>마하主義에 對한 片想</mainTitle>
					</title>
					<creator>
						<author>
							<name>蘇哲仁</name>
						</author>
					</creator>
					<subjectClass code="ma00"/>
				</biblioData>
				<illustGroup>
					<illustration begin="ma_079_0080_0058" end="ma_079_0080_0062"/>
				</illustGroup>
			</front>
			<text>
				<content>
					<paragraph>
						<pTitle type="기사명">마하主義에 對한 片想</pTitle>
						<name role="필자">蘇哲仁</name>
					</paragraph>
				</content>
			</text>
		</level3>
		<level3 id="ma_079_0080_0060">
			<front>
				<biblioData>
					<title>
						<mainTitle>高麗의 佛寺建築</mainTitle>
					</title>
					<creator>
						<author>
							<name>高裕燮</name>
						</author>
					</creator>
					<subjectClass code="ma00"/>
				</biblioData>
				<illustGroup>
					<illustration begin="ma_079_0080_0063" end="ma_079_0080_0070"/>
				</illustGroup>
			</front>
			<text>
				<content>
					<paragraph>
						<pTitle type="기사명">高麗의 佛寺建築</pTitle>
						<name role="필자">高裕燮</name>
					</paragraph>
				</content>
			</text>
		</level3>
		<level3 id="ma_079_0080_0070">
			<front>
				<biblioData>
					<title>
						<mainTitle>胡適의 孔子論批判</mainTitle>
					</title>
					<creator>
						<author>
							<name>金剛秀 譯</name>
						</author>
					</creator>
					<subjectClass code="ma00"/>
				</biblioData>
				<illustGroup>
					<illustration begin="ma_079_0080_0071" end="ma_079_0080_0086"/>
				</illustGroup>
			</front>
			<text>
				<content>
					<paragraph>
						<pTitle type="기사명">胡適의 孔子論批判</pTitle>
						<name role="필자">金剛秀 譯</name>
					</paragraph>
				</content>
			</text>
		</level3>
		<level3 id="ma_079_0080_0080">
			<front>
				<biblioData>
					<title>
						<mainTitle>워드워스와 안넷트바롱의 戀愛</mainTitle>
					</title>
					<creator>
						<author>
							<name>金海均</name>
						</author>
					</creator>
					<subjectClass code="ma00"/>
				</biblioData>
				<illustGroup>
					<illustration begin="ma_079_0080_0087" end="ma_079_0080_0097"/>
				</illustGroup>
			</front>
			<text>
				<content>
					<paragraph>
						<pTitle type="기사명">워드워스와 안넷트바롱의 戀愛</pTitle>
						<name role="필자">金海均</name>
					</paragraph>
				</content>
			</text>
		</level3>
		<level3 id="ma_079_0080_0090">
			<front>
				<biblioData>
					<title>
						<mainTitle>母音 의 音價致</mainTitle>
					</title>
					<creator>
						<author>
							<name>李崇寧</name>
						</author>
					</creator>
					<subjectClass code="ma00"/>
				</biblioData>
				<illustGroup>
					<illustration begin="ma_079_0080_0098" end="ma_079_0080_0115"/>
				</illustGroup>
			</front>
			<text>
				<content>
					<paragraph>
						<pTitle type="기사명">母音 의 音價致</pTitle>
						<name role="필자">李崇寧</name>
					</paragraph>
				</content>
			</text>
		</level3>
		<level3 id="ma_079_0080_0100">
			<front>
				<biblioData>
					<title>
						<mainTitle>方言에 나타난 △音의 變遷</mainTitle>
					</title>
					<creator>
						<author>
							<name>一何</name>
						</author>
					</creator>
					<subjectClass code="ma00"/>
				</biblioData>
				<illustGroup>
					<illustration begin="ma_079_0080_0116" end="ma_079_0080_0126"/>
				</illustGroup>
			</front>
			<text>
				<content>
					<paragraph>
						<pTitle type="기사명">方言에 나타난 △音의 變遷</pTitle>
						<name role="필자">一何</name>
					</paragraph>
				</content>
			</text>
		</level3>
		<level3 id="ma_079_0080_0110">
			<front>
				<biblioData>
					<title>
						<mainTitle>小說 빠나나</mainTitle>
					</title>
					<creator>
						<author>
							<name>李靑</name>
						</author>
					</creator>
					<subjectClass code="ma00"/>
				</biblioData>
				<illustGroup>
					<illustration begin="ma_079_0080_0127" end="ma_079_0080_0132"/>
				</illustGroup>
			</front>
			<text>
				<content>
					<paragraph>
						<pTitle type="기사명">小說 빠나나</pTitle>
						<name role="필자">李靑</name>
					</paragraph>
				</content>
			</text>
		</level3>
		<level3 id="ma_079_0080_0120">
			<front>
				<biblioData>
					<title>
						<mainTitle>小說 船中</mainTitle>
					</title>
					<creator>
						<author>
							<name>李三靑</name>
						</author>
					</creator>
					<subjectClass code="ma00"/>
				</biblioData>
				<illustGroup>
					<illustration begin="ma_079_0080_0133" end="ma_079_0080_0142"/>
				</illustGroup>
			</front>
			<text>
				<content>
					<paragraph>
						<pTitle type="기사명">小說 船中</pTitle>
						<name role="필자">李三靑</name>
					</paragraph>
				</content>
			</text>
		</level3>
		<level3 id="ma_079_0080_0130">
			<front>
				<biblioData>
					<title>
						<mainTitle>小說 어머니와 아들</mainTitle>
					</title>
					<creator>
						<author>
							<name>李鍾洙 譯</name>
						</author>
					</creator>
					<subjectClass code="ma00"/>
				</biblioData>
				<illustGroup>
					<illustration begin="ma_079_0080_0143" end="ma_079_0080_0154"/>
				</illustGroup>
			</front>
			<text>
				<content>
					<paragraph>
						<pTitle type="기사명">小說 어머니와 아들</pTitle>
						<name role="필자">李鍾洙 譯</name>
					</paragraph>
				</content>
			</text>
		</level3>
	</level2>
	<level2 id="ma_079_0090">
		<front>
			<biblioData>
				<title>
					<mainTitle volume="제9호">신흥 제9호</mainTitle>
				</title>
				<publication>
					<publisher/>
					<dateIssued date="1937-01-18">1937년 1월 18일</dateIssued>
				</publication>
			</biblioData>
			<illustGroup>
				<illustration begin="ma_079_0090_0001" end="ma_079_0090_0142"/>
			</illustGroup>
		</front>
		<level3 id="ma_079_0090_0010">
			<front>
				<biblioData>
					<title>
						<mainTitle>認識 身體及歷史</mainTitle>
					</title>
					<creator>
						<author>
							<name>申南澈</name>
						</author>
					</creator>
					<subjectClass code="ma00"/>
				</biblioData>
				<illustGroup>
					<illustration begin="ma_079_0090_0006" end="ma_079_0090_0030"/>
				</illustGroup>
			</front>
			<text>
				<content>
					<paragraph>
						<pTitle type="기사명">認識 身體及歷史</pTitle>
						<name role="필자">申南澈</name>
					</paragraph>
				</content>
			</text>
		</level3>
		<level3 id="ma_079_0090_0020">
			<front>
				<biblioData>
					<title>
						<mainTitle>世代史觀批判</mainTitle>
					</title>
					<creator>
						<author>
							<name>朴祐</name>
						</author>
					</creator>
					<subjectClass code="ma00"/>
				</biblioData>
				<illustGroup>
					<illustration begin="ma_079_0090_0031" end="ma_079_0090_0043"/>
				</illustGroup>
			</front>
			<text>
				<content>
					<paragraph>
						<pTitle type="기사명">世代史觀批判</pTitle>
						<name role="필자">朴祐</name>
					</paragraph>
				</content>
			</text>
		</level3>
		<level3 id="ma_079_0090_0030">
			<front>
				<biblioData>
					<title>
						<mainTitle>韓露外交史</mainTitle>
					</title>
					<creator>
						<author>
							<name>申基碩</name>
						</author>
					</creator>
					<subjectClass code="ma00"/>
				</biblioData>
				<illustGroup>
					<illustration begin="ma_079_0090_0044" end="ma_079_0090_0062"/>
				</illustGroup>
			</front>
			<text>
				<content>
					<paragraph>
						<pTitle type="기사명">韓露外交史</pTitle>
						<name role="필자">申基碩</name>
					</paragraph>
				</content>
			</text>
		</level3>
		<level3 id="ma_079_0090_0040">
			<front>
				<biblioData>
					<title>
						<mainTitle>新羅花郞制度의 意義</mainTitle>
					</title>
					<creator>
						<author>
							<name>金台俊</name>
						</author>
					</creator>
					<subjectClass code="ma00"/>
				</biblioData>
				<illustGroup>
					<illustration begin="ma_079_0090_0063" end="ma_079_0090_0071"/>
				</illustGroup>
			</front>
			<text>
				<content>
					<paragraph>
						<pTitle type="기사명">新羅花郞制度의 意義</pTitle>
						<name role="필자">金台俊</name>
					</paragraph>
				</content>
			</text>
		</level3>
		<level3 id="ma_079_0090_0050">
			<front>
				<biblioData>
					<title>
						<mainTitle>앙드레 지드의 社會批判</mainTitle>
					</title>
					<creator>
						<author>
							<name>李泰漢</name>
						</author>
					</creator>
					<subjectClass code="ma00"/>
				</biblioData>
				<illustGroup>
					<illustration begin="ma_079_0090_0072" end="ma_079_0090_0077"/>
				</illustGroup>
			</front>
			<text>
				<content>
					<paragraph>
						<pTitle type="기사명">앙드레 지드의 社會批判</pTitle>
						<name role="필자">李泰漢</name>
					</paragraph>
				</content>
			</text>
		</level3>
		<level3 id="ma_079_0090_0060">
			<front>
				<biblioData>
					<title>
						<mainTitle>所謂 法의 欠缺에 對하야</mainTitle>
					</title>
					<creator>
						<author>
							<name>徐載元</name>
						</author>
					</creator>
					<subjectClass code="ma00"/>
				</biblioData>
				<illustGroup>
					<illustration begin="ma_079_0090_0078" end="ma_079_0090_0088"/>
				</illustGroup>
			</front>
			<text>
				<content>
					<paragraph>
						<pTitle type="기사명">所謂 法의 欠缺에 對하야</pTitle>
						<name role="필자">徐載元</name>
					</paragraph>
				</content>
			</text>
		</level3>
		<level3 id="ma_079_0090_0070">
			<front>
				<biblioData>
					<title>
						<mainTitle>第三國家와 食糧恐慌</mainTitle>
					</title>
					<creator>
						<author>
							<name>白東和</name>
						</author>
					</creator>
					<subjectClass code="ma00"/>
				</biblioData>
				<illustGroup>
					<illustration begin="ma_079_0090_0089" end="ma_079_0090_0094"/>
				</illustGroup>
			</front>
			<text>
				<content>
					<paragraph>
						<pTitle type="기사명">第三國家와 食糧恐慌</pTitle>
						<name role="필자">白東和</name>
					</paragraph>
				</content>
			</text>
		</level3>
		<level3 id="ma_079_0090_0080">
			<front>
				<biblioData>
					<title>
						<mainTitle>朝鮮의 産土神崇拜에 對한 小考</mainTitle>
					</title>
					<creator>
						<author>
							<name>柳洪烈</name>
						</author>
					</creator>
					<subjectClass code="ma00"/>
				</biblioData>
				<illustGroup>
					<illustration begin="ma_079_0090_0095" end="ma_079_0090_0109"/>
				</illustGroup>
			</front>
			<text>
				<content>
					<paragraph>
						<pTitle type="기사명">朝鮮의 産土神崇拜에 對한 小考</pTitle>
						<name role="필자">柳洪烈</name>
					</paragraph>
				</content>
			</text>
		</level3>
		<level3 id="ma_079_0090_0090">
			<front>
				<biblioData>
					<title>
						<mainTitle>高麗詩歌 眞勺의 詩歌名稱性</mainTitle>
					</title>
					<creator>
						<author>
							<name>趙潤濟</name>
						</author>
					</creator>
					<subjectClass code="ma00"/>
				</biblioData>
				<illustGroup>
					<illustration begin="ma_079_0090_0110" end="ma_079_0090_0116"/>
				</illustGroup>
			</front>
			<text>
				<content>
					<paragraph>
						<pTitle type="기사명">高麗詩歌 眞勺의 詩歌名稱性</pTitle>
						<name role="필자">趙潤濟</name>
					</paragraph>
				</content>
			</text>
		</level3>
		<level3 id="ma_079_0090_0100">
			<front>
				<biblioData>
					<title>
						<mainTitle>故曺圭善君追憶</mainTitle>
					</title>
					<creator>
						<author>
							<name>玄永燮</name>
						</author>
					</creator>
					<subjectClass code="ma00"/>
				</biblioData>
				<illustGroup>
					<illustration begin="ma_079_0090_0117" end="ma_079_0090_0118"/>
				</illustGroup>
			</front>
			<text>
				<content>
					<paragraph>
						<pTitle type="기사명">故曺圭善君追憶</pTitle>
						<name role="필자">玄永燮</name>
					</paragraph>
				</content>
			</text>
		</level3>
		<level3 id="ma_079_0090_0110">
			<front>
				<biblioData>
					<title>
						<mainTitle>解縳된 프로미슈스의 一硏究</mainTitle>
					</title>
					<creator>
						<author>
							<name>故曺圭善</name>
						</author>
					</creator>
					<subjectClass code="ma00"/>
				</biblioData>
				<illustGroup>
					<illustration begin="ma_079_0090_0119" end="ma_079_0090_0122"/>
				</illustGroup>
			</front>
			<text>
				<content>
					<paragraph>
						<pTitle type="기사명">解縳된 프로미슈스의 一硏究</pTitle>
						<name role="필자">故曺圭善</name>
					</paragraph>
				</content>
			</text>
		</level3>
		<level3 id="ma_079_0090_0120">
			<front>
				<biblioData>
					<title>
						<mainTitle>産우에선 드라얀(詩)</mainTitle>
					</title>
					<creator>
						<author>
							<name>林洙</name>
						</author>
					</creator>
					<subjectClass code="ma00"/>
				</biblioData>
				<illustGroup>
					<illustration begin="ma_079_0090_0123" end="ma_079_0090_0124"/>
				</illustGroup>
			</front>
			<text>
				<content>
					<paragraph>
						<pTitle type="기사명">産우에선 드라얀</pTitle>
						<name role="필자">林洙</name>
					</paragraph>
				</content>
			</text>
		</level3>
		<level3 id="ma_079_0090_0130">
			<front>
				<biblioData>
					<title>
						<mainTitle>人間精神</mainTitle>
					</title>
					<creator>
						<author>
							<name>玄永燮</name>
						</author>
					</creator>
					<subjectClass code="ma00"/>
				</biblioData>
				<illustGroup>
					<illustration begin="ma_079_0090_0125" end="ma_079_0090_0130"/>
				</illustGroup>
			</front>
			<text>
				<content>
					<paragraph>
						<pTitle type="기사명">人間精神</pTitle>
						<name role="필자">玄永燮</name>
					</paragraph>
				</content>
			</text>
		</level3>
		<level3 id="ma_079_0090_0140">
			<front>
				<biblioData>
					<title>
						<mainTitle>한글如是觀</mainTitle>
					</title>
					<creator>
						<author>
							<name>金古佛</name>
						</author>
					</creator>
					<subjectClass code="ma00"/>
				</biblioData>
				<illustGroup>
					<illustration begin="ma_079_0090_0131" end="ma_079_0090_0134"/>
				</illustGroup>
			</front>
			<text>
				<content>
					<paragraph>
						<pTitle type="기사명">한글如是觀</pTitle>
						<name role="필자">金古佛</name>
					</paragraph>
				</content>
			</text>
		</level3>
		<level3 id="ma_079_0090_0150">
			<front>
				<biblioData>
					<title>
						<mainTitle>雪 寒 風</mainTitle>
					</title>
					<creator>
						<author>
							<name>七亭生</name>
						</author>
					</creator>
					<subjectClass code="ma00"/>
				</biblioData>
				<illustGroup>
					<illustration begin="ma_079_0090_0135" end="ma_079_0090_0142"/>
				</illustGroup>
			</front>
			<text>
				<content>
					<paragraph>
						<pTitle type="기사명">雪 寒 風</pTitle>
						<name role="필자">七亭生</name>
					</paragraph>
				</content>
			</text>
		</level3>
	</level2>
</level1>
