<?xml version="1.0" encoding="UTF-8"?>
<!DOCTYPE level1 SYSTEM "history.dtd">
<level1 id="ma_061">
	<front>
		<biblioData type="목차제공잡지">
			<title>
				<mainTitle>공제</mainTitle>
			</title>
			<binderPeriod begin="1920-09-00" end="1921-06-00"/>
		</biblioData>
		<description>
			<biblioExplanation groupID="02" groupName="일제시기 잡지 해제" id="ma_061_exp" name="공제 共濟">
				<content>
					<paragraph>조선노동공제회(朝鮮勞動共濟會)의 기관지. 월간지로서 편집 겸 발행인은 조성돈(趙誠惇) 발행소는 조선노동공제회였다. 1920년 9월 10일에 창간하여 1921년 6월 10일(통권 8호)로 종간하였다. 제8호에는 제9호의 주요 내용을 예고하였는데 주로 논문란과 문예란으로 나누고자 하였다. 제3호(1920년 11월)부터 제6호(1921년 3월)는 조선총독부의 간행 불허로 발행이 금지되었으며 그 목차를 제7호(1921년 4월)에 게재하려 하였으나 그마저 삭제당했다. 더욱이 당시 국내의 신문잡지에서도 {공제} 3호부터 6호까지의 광고는 불허되어 현재 그 목차마저 알 수 없다. 조선노동공제회는 1920년 2월 7일 조직된 조선노동문제연구회(朝鮮勞動問題硏究會)를 모태로 하여, 그 해 4월 11일 박중화(朴重華), 박이규(朴珥圭)를 회장 총간사로 하고 고순흠(高順欽), 윤덕병(尹德炳)·신백우(申伯雨), 김두희(金枓熙: 金若水), 정태신(鄭泰信: 鄭又影), 차금봉(車今奉)·김명식(金明植)·장덕수(張德秀)·정운해(鄭雲海) 등을 중심으로 창립되었다. 조선노동공제회의 창립과 동시에 7개의 부서가 마련되었는데 이때 편집부도 설치되어 기관지로서 {공제}를 출판하였다. "우리는 자력(自力)으로써 의식(衣食)하는 동시에 애정(愛情)으로서 상호부조(相互扶助)하여 생활의 안정을 도하며 공동(共同)의 존영(尊榮)을 기(期)함"이라는 [주지(主旨)]정신에 따른 것이었다.   제1호(1920년 9월)와 제2호(1920년 10월) 발행시 편집부 구성은 조성돈(趙誠惇), 김두희, 정태신, 남상협(南相協) 등이었다. 그런데 이들은 1920년 5월 조선노동공제회 내에 조직된 '마르크스주의 크루조크'의 핵심구성원 들이다. 즉 이들은 공제의 편집부를 장악하여 그를 통해 노동문제, 계급투쟁, 구미노동운동사, 노동운동과 사회주의와의 결합 등을 연구 선전하고 세계정세의 변화와 조선노동문제의 관계 조선 노동문제의 성격 등에 주목하였다. 또한 필진들 가운데 김명식, 유진희(兪鎭熙), 장덕수(張德秀), 변희용(卞熙瑢), 나경석(羅景錫)등은 1920년 6월 서울에서 '사회혁명당(상해파)'를 조직한 인물들이며 1921년에서 1923년 시기동안 소위 '상해파 조선공산당'의 국내간부로 활동한 인물들이다. 필자 중 김한(金翰)과 신백우는 1920년 3월 서울에서 결성된 '조선공산당'(후에 '중립당'이라 불림)의 주요 지도자들이었다. 공제는 결국 1920년대 초반의 초기 사회주의운동의 주요 선전지였다고 할 수 있다.</paragraph>
				</content>
			</biblioExplanation>
		</description>
	</front>
	<level2 id="ma_061_0010">
		<front>
			<biblioData>
				<title>
					<mainTitle volume="제1호">공제 제1호</mainTitle>
				</title>
				<publication>
					<publisher/>
					<dateIssued date="1920-09-10">1920년 9월 10일</dateIssued>
				</publication>
			</biblioData>
			<illustGroup>
				<illustration begin="ma_061_0010_0001" end="ma_061_0010_0192"/>
			</illustGroup>
		</front>
		<level3 id="ma_061_0010_0010">
			<front>
				<biblioData>
					<title>
						<mainTitle>卷頭一聲</mainTitle>
					</title>
					<creator>
						<author>
							<name>又影生</name>
						</author>
					</creator>
					<subjectClass code="ma00"/>
				</biblioData>
				<illustGroup>
					<illustration begin="ma_061_0010_0012" end="ma_061_0010_0013"/>
				</illustGroup>
			</front>
			<text>
				<content>
					<paragraph>
						<pTitle type="기사명">卷頭一聲</pTitle>
						<name role="필자">又影生</name>
					</paragraph>
				</content>
			</text>
		</level3>
		<level3 id="ma_061_0010_0020">
			<front>
				<biblioData>
					<title>
						<mainTitle>創刊辭</mainTitle>
					</title>
					<subjectClass code="ma00"/>
				</biblioData>
				<illustGroup>
					<illustration begin="ma_061_0010_0014" end="ma_061_0010_0014"/>
				</illustGroup>
			</front>
			<text>
				<content>
					<paragraph>
						<pTitle type="기사명">創刊辭</pTitle>
					</paragraph>
				</content>
			</text>
		</level3>
		<level3 id="ma_061_0010_0030">
			<front>
				<biblioData>
					<title>
						<mainTitle>勞働萬能論</mainTitle>
					</title>
					<creator>
						<author>
							<name>趙誠惇</name>
						</author>
					</creator>
					<subjectClass code="ma00"/>
				</biblioData>
				<illustGroup>
					<illustration begin="ma_061_0010_0015" end="ma_061_0010_0020"/>
				</illustGroup>
			</front>
			<text>
				<content>
					<paragraph>
						<pTitle type="기사명">勞働萬能論</pTitle>
						<name role="필자">趙誠惇</name>
					</paragraph>
				</content>
			</text>
		</level3>
		<level3 id="ma_061_0010_0040">
			<front>
				<biblioData>
					<title>
						<mainTitle>勞働化하라</mainTitle>
					</title>
					<creator>
						<author>
							<name>南相協</name>
						</author>
					</creator>
					<subjectClass code="ma00"/>
				</biblioData>
				<illustGroup>
					<illustration begin="ma_061_0010_0021" end="ma_061_0010_0025"/>
				</illustGroup>
			</front>
			<text>
				<content>
					<paragraph>
						<pTitle type="기사명">勞働化하라</pTitle>
						<name role="필자">南相協</name>
					</paragraph>
				</content>
			</text>
		</level3>
		<level3 id="ma_061_0010_0050">
			<front>
				<biblioData>
					<title>
						<mainTitle>勞働問題는 社會의 根本問題이라</mainTitle>
					</title>
					<creator>
						<author>
							<name>金明植</name>
						</author>
					</creator>
					<subjectClass code="ma00"/>
				</biblioData>
				<illustGroup>
					<illustration begin="ma_061_0010_0026" end="ma_061_0010_0031"/>
				</illustGroup>
			</front>
			<text>
				<content>
					<paragraph>
						<pTitle type="기사명">勞働問題는 社會의 根本問題이라</pTitle>
						<name role="필자">金明植</name>
					</paragraph>
				</content>
			</text>
		</level3>
		<level3 id="ma_061_0010_0060">
			<front>
				<biblioData>
					<title>
						<mainTitle>創刊을 祝함</mainTitle>
					</title>
					<creator>
						<author>
							<name>朝鮮勞働共濟會 平壤支會長 鄭世胤</name>
						</author>
					</creator>
					<subjectClass code="ma00"/>
				</biblioData>
				<illustGroup>
					<illustration begin="ma_061_0010_0032" end="ma_061_0010_0033"/>
				</illustGroup>
			</front>
			<text>
				<content>
					<paragraph>
						<pTitle type="기사명">創刊을 祝함</pTitle>
						<name role="필자">朝鮮勞働共濟會 平壤支會長 鄭世胤</name>
					</paragraph>
				</content>
			</text>
		</level3>
		<level3 id="ma_061_0010_0070">
			<front>
				<biblioData>
					<title>
						<mainTitle>歐米勞働運動史</mainTitle>
					</title>
					<creator>
						<author>
							<name>鄭泰信 抄</name>
						</author>
					</creator>
					<subjectClass code="ma00"/>
				</biblioData>
				<illustGroup>
					<illustration begin="ma_061_0010_0034" end="ma_061_0010_0043"/>
				</illustGroup>
			</front>
			<text>
				<content>
					<paragraph>
						<pTitle type="기사명">歐米勞働運動史</pTitle>
						<name role="필자">鄭泰信 抄</name>
					</paragraph>
				</content>
			</text>
		</level3>
		<level3 id="ma_061_0010_0080">
			<front>
				<biblioData>
					<title>
						<mainTitle>勞働者의 文明은 如斯하다</mainTitle>
					</title>
					<creator>
						<author>
							<name>無我生</name>
						</author>
					</creator>
					<subjectClass code="ma00"/>
				</biblioData>
				<illustGroup>
					<illustration begin="ma_061_0010_0044" end="ma_061_0010_0048"/>
				</illustGroup>
			</front>
			<text>
				<content>
					<paragraph>
						<pTitle type="기사명">勞働者의 文明은 如斯하다</pTitle>
						<name role="필자">無我生</name>
					</paragraph>
				</content>
			</text>
		</level3>
		<level3 id="ma_061_0010_0090">
			<front>
				<biblioData>
					<title>
						<mainTitle>檢閱官의 許可를 得하야 朝鮮勞働者諸君에게 檄을 送하노라</mainTitle>
					</title>
					<creator>
						<author>
							<name>霽觀</name>
						</author>
					</creator>
					<subjectClass code="ma00"/>
				</biblioData>
				<illustGroup>
					<illustration begin="ma_061_0010_0049" end="ma_061_0010_0062"/>
				</illustGroup>
			</front>
			<text>
				<content>
					<paragraph>
						<pTitle type="기사명">檢閱官의 許可를 得하야 朝鮮勞働者諸君에게 檄을 送하노라</pTitle>
						<name role="필자">霽觀</name>
					</paragraph>
				</content>
			</text>
		</level3>
		<level3 id="ma_061_0010_0100">
			<front>
				<biblioData>
					<title>
						<mainTitle>世界思潮와 朝鮮農村</mainTitle>
					</title>
					<creator>
						<author>
							<name>羅景錫</name>
						</author>
					</creator>
					<subjectClass code="ma00"/>
				</biblioData>
				<illustGroup>
					<illustration begin="ma_061_0010_0063" end="ma_061_0010_0066"/>
				</illustGroup>
			</front>
			<text>
				<content>
					<paragraph>
						<pTitle type="기사명">世界思潮와 朝鮮農村</pTitle>
						<name role="필자">羅景錫</name>
					</paragraph>
				</content>
			</text>
		</level3>
		<level3 id="ma_061_0010_0110">
			<front>
				<biblioData>
					<title>
						<mainTitle>西洋格言</mainTitle>
					</title>
					<subjectClass code="ma00"/>
				</biblioData>
				<illustGroup>
					<illustration begin="ma_061_0010_0066" end="ma_061_0010_0066"/>
				</illustGroup>
			</front>
			<text>
				<content>
					<paragraph>
						<pTitle type="기사명">西洋格言</pTitle>
					</paragraph>
				</content>
			</text>
		</level3>
		<level3 id="ma_061_0010_0120">
			<front>
				<biblioData>
					<title>
						<mainTitle>人民의 三種類</mainTitle>
					</title>
					<creator>
						<author>
							<name>安廓</name>
						</author>
					</creator>
					<subjectClass code="ma00"/>
				</biblioData>
				<illustGroup>
					<illustration begin="ma_061_0010_0067" end="ma_061_0010_0070"/>
				</illustGroup>
			</front>
			<text>
				<content>
					<paragraph>
						<pTitle type="기사명">人民의 三種類</pTitle>
						<name role="필자">安廓</name>
					</paragraph>
				</content>
			</text>
		</level3>
		<level3 id="ma_061_0010_0130">
			<front>
				<biblioData>
					<title>
						<mainTitle>我半島 有産階級의 猛省을 促하노라</mainTitle>
					</title>
					<creator>
						<author>
							<name>李仁鐸</name>
						</author>
					</creator>
					<subjectClass code="ma00"/>
				</biblioData>
				<illustGroup>
					<illustration begin="ma_061_0010_0071" end="ma_061_0010_0078"/>
				</illustGroup>
			</front>
			<text>
				<content>
					<paragraph>
						<pTitle type="기사명">我半島 有産階級의 猛省을 促하노라</pTitle>
						<name role="필자">李仁鐸</name>
					</paragraph>
				</content>
			</text>
		</level3>
		<level3 id="ma_061_0010_0140">
			<front>
				<biblioData>
					<title>
						<mainTitle>平等의 光明과 勞働의 神聖</mainTitle>
					</title>
					<creator>
						<author>
							<name>石如</name>
						</author>
					</creator>
					<subjectClass code="ma00"/>
				</biblioData>
				<illustGroup>
					<illustration begin="ma_061_0010_0079" end="ma_061_0010_0081"/>
				</illustGroup>
			</front>
			<text>
				<content>
					<paragraph>
						<pTitle type="기사명">平等의 光明과 勞働의 神聖</pTitle>
						<name role="필자">石如</name>
					</paragraph>
				</content>
			</text>
		</level3>
		<level3 id="ma_061_0010_0150">
			<front>
				<biblioData>
					<title>
						<mainTitle>西洋格言</mainTitle>
					</title>
					<subjectClass code="ma00"/>
				</biblioData>
				<illustGroup>
					<illustration begin="ma_061_0010_0081" end="ma_061_0010_0081"/>
				</illustGroup>
			</front>
			<text>
				<content>
					<paragraph>
						<pTitle type="기사명">西洋格言</pTitle>
					</paragraph>
				</content>
			</text>
		</level3>
		<level3 id="ma_061_0010_0160">
			<front>
				<biblioData>
					<title>
						<mainTitle>勞働者問題의 精神的 方面</mainTitle>
					</title>
					<creator>
						<author>
							<name>卞熙瑢</name>
						</author>
					</creator>
					<subjectClass code="ma00"/>
				</biblioData>
				<illustGroup>
					<illustration begin="ma_061_0010_0082" end="ma_061_0010_0088"/>
				</illustGroup>
			</front>
			<text>
				<content>
					<paragraph>
						<pTitle type="기사명">勞働者問題의 精神的 方面</pTitle>
						<name role="필자">卞熙瑢</name>
					</paragraph>
				</content>
			</text>
		</level3>
		<level3 id="ma_061_0010_0170">
			<front>
				<biblioData>
					<title>
						<mainTitle>새 生命(詩)</mainTitle>
					</title>
					<creator>
						<author>
							<name>羊鳴</name>
						</author>
					</creator>
					<subjectClass code="ma00"/>
				</biblioData>
				<illustGroup>
					<illustration begin="ma_061_0010_0089" end="ma_061_0010_0089"/>
				</illustGroup>
			</front>
			<text>
				<content>
					<paragraph>
						<pTitle type="기사명">새 生命</pTitle>
						<name role="필자">羊鳴</name>
					</paragraph>
				</content>
			</text>
		</level3>
		<level3 id="ma_061_0010_0180">
			<front>
				<biblioData>
					<title>
						<mainTitle>階級을 打破하라</mainTitle>
					</title>
					<creator>
						<author>
							<name>金廣植</name>
						</author>
					</creator>
					<subjectClass code="ma00"/>
				</biblioData>
				<illustGroup>
					<illustration begin="ma_061_0010_0090" end="ma_061_0010_0091"/>
				</illustGroup>
			</front>
			<text>
				<content>
					<paragraph>
						<pTitle type="기사명">階級을 打破하라</pTitle>
						<name role="필자">金廣植</name>
					</paragraph>
				</content>
			</text>
		</level3>
		<level3 id="ma_061_0010_0190">
			<front>
				<biblioData>
					<title>
						<mainTitle>擺脫된 우리</mainTitle>
					</title>
					<creator>
						<author>
							<name>崖溜</name>
						</author>
					</creator>
					<subjectClass code="ma00"/>
				</biblioData>
				<illustGroup>
					<illustration begin="ma_061_0010_0092" end="ma_061_0010_0096"/>
				</illustGroup>
			</front>
			<text>
				<content>
					<paragraph>
						<pTitle type="기사명">擺脫된 우리</pTitle>
						<name role="필자">崖溜</name>
					</paragraph>
				</content>
			</text>
		</level3>
		<level3 id="ma_061_0010_0200">
			<front>
				<biblioData>
					<title>
						<mainTitle>婦人解放論</mainTitle>
					</title>
					<creator>
						<author>
							<name>張德秀</name>
						</author>
					</creator>
					<subjectClass code="ma00"/>
				</biblioData>
				<illustGroup>
					<illustration begin="ma_061_0010_0097" end="ma_061_0010_0103"/>
				</illustGroup>
			</front>
			<text>
				<content>
					<paragraph>
						<pTitle type="기사명">婦人解放論</pTitle>
						<name role="필자">張德秀</name>
					</paragraph>
				</content>
			</text>
		</level3>
		<level3 id="ma_061_0010_0210">
			<front>
				<biblioData>
					<title>
						<mainTitle>露西亞의 敎育과 列國</mainTitle>
					</title>
					<creator>
						<author>
							<name>公民</name>
						</author>
					</creator>
					<subjectClass code="ma00"/>
				</biblioData>
				<illustGroup>
					<illustration begin="ma_061_0010_0104" end="ma_061_0010_0106"/>
				</illustGroup>
			</front>
			<text>
				<content>
					<paragraph>
						<pTitle type="기사명">露西亞의 敎育과 列國</pTitle>
						<name role="필자">公民</name>
					</paragraph>
				</content>
			</text>
		</level3>
		<level3 id="ma_061_0010_0220">
			<front>
				<biblioData>
					<title>
						<mainTitle>修養의 노래</mainTitle>
					</title>
					<creator>
						<author>
							<name>徐椿</name>
						</author>
					</creator>
					<subjectClass code="ma00"/>
				</biblioData>
				<illustGroup>
					<illustration begin="ma_061_0010_0107" end="ma_061_0010_0107"/>
				</illustGroup>
			</front>
			<text>
				<content>
					<paragraph>
						<pTitle type="기사명">修養의 노래</pTitle>
						<name role="필자">徐椿</name>
					</paragraph>
				</content>
			</text>
		</level3>
		<level3 id="ma_061_0010_0230">
			<front>
				<biblioData>
					<title>
						<mainTitle>群衆心理論</mainTitle>
					</title>
					<creator>
						<author>
							<name>金枓熙</name>
						</author>
					</creator>
					<subjectClass code="ma00"/>
				</biblioData>
				<illustGroup>
					<illustration begin="ma_061_0010_0108" end="ma_061_0010_0111"/>
				</illustGroup>
			</front>
			<text>
				<content>
					<paragraph>
						<pTitle type="기사명">群衆心理論</pTitle>
						<name role="필자">金枓熙</name>
					</paragraph>
				</content>
			</text>
		</level3>
		<level3 id="ma_061_0010_0240">
			<front>
				<biblioData>
					<title>
						<mainTitle>共濟를 創刊함에 對하야</mainTitle>
					</title>
					<creator>
						<author>
							<name>李萬珪</name>
						</author>
					</creator>
					<subjectClass code="ma00"/>
				</biblioData>
				<illustGroup>
					<illustration begin="ma_061_0010_0112" end="ma_061_0010_0113"/>
				</illustGroup>
			</front>
			<text>
				<content>
					<paragraph>
						<pTitle type="기사명">共濟를 創刊함에 對하야</pTitle>
						<name role="필자">李萬珪</name>
					</paragraph>
				</content>
			</text>
		</level3>
		<level3 id="ma_061_0010_0250">
			<front>
				<biblioData>
					<title>
						<mainTitle>世界와 時代</mainTitle>
					</title>
					<creator>
						<author>
							<name>李泰龍</name>
						</author>
					</creator>
					<subjectClass code="ma00"/>
				</biblioData>
				<illustGroup>
					<illustration begin="ma_061_0010_0114" end="ma_061_0010_0115"/>
				</illustGroup>
			</front>
			<text>
				<content>
					<paragraph>
						<pTitle type="기사명">世界와 時代</pTitle>
						<name role="필자">李泰龍</name>
					</paragraph>
				</content>
			</text>
		</level3>
		<level3 id="ma_061_0010_0260">
			<front>
				<biblioData>
					<title>
						<mainTitle>勞働者의 絶叫</mainTitle>
					</title>
					<creator>
						<author>
							<name>某工場의 一職工</name>
						</author>
					</creator>
					<subjectClass code="ma00"/>
				</biblioData>
				<illustGroup>
					<illustration begin="ma_061_0010_0116" end="ma_061_0010_0117"/>
				</illustGroup>
			</front>
			<text>
				<content>
					<paragraph>
						<pTitle type="기사명">勞働者의 絶叫</pTitle>
						<name role="필자">某工場의 一職工</name>
					</paragraph>
				</content>
			</text>
		</level3>
		<level3 id="ma_061_0010_0270">
			<front>
				<biblioData>
					<title>
						<mainTitle>勞働을 咀呪하는 國民에게</mainTitle>
					</title>
					<creator>
						<author>
							<name>東園</name>
						</author>
					</creator>
					<subjectClass code="ma00"/>
				</biblioData>
				<illustGroup>
					<illustration begin="ma_061_0010_0118" end="ma_061_0010_0120"/>
				</illustGroup>
			</front>
			<text>
				<content>
					<paragraph>
						<pTitle type="기사명">勞働을 咀呪하는 國民에게</pTitle>
						<name role="필자">東園</name>
					</paragraph>
				</content>
			</text>
		</level3>
		<level3 id="ma_061_0010_0280">
			<front>
				<biblioData>
					<title>
						<mainTitle>祝辭</mainTitle>
					</title>
					<creator>
						<author>
							<name>H. T. Owens</name>
						</author>
					</creator>
					<subjectClass code="ma00"/>
				</biblioData>
				<illustGroup>
					<illustration begin="ma_061_0010_0121" end="ma_061_0010_0121"/>
				</illustGroup>
			</front>
			<text>
				<content>
					<paragraph>
						<pTitle type="기사명">祝辭</pTitle>
						<name role="필자">H. T. Owens</name>
					</paragraph>
				</content>
			</text>
		</level3>
		<level3 id="ma_061_0010_0290">
			<front>
				<biblioData>
					<title>
						<mainTitle>祝辭</mainTitle>
					</title>
					<creator>
						<author>
							<name>세브란스醫學專門學校 敎授 吳彦瑞</name>
						</author>
					</creator>
					<subjectClass code="ma00"/>
				</biblioData>
				<illustGroup>
					<illustration begin="ma_061_0010_0122" end="ma_061_0010_0122"/>
				</illustGroup>
			</front>
			<text>
				<content>
					<paragraph>
						<pTitle type="기사명">祝辭</pTitle>
						<name role="필자">세브란스醫學專門學校 敎授 吳彦瑞</name>
					</paragraph>
				</content>
			</text>
		</level3>
		<level3 id="ma_061_0010_0300">
			<front>
				<biblioData>
					<title>
						<mainTitle>祝共濟創刊</mainTitle>
					</title>
					<creator>
						<author>
							<name>鄭煜</name>
						</author>
					</creator>
					<subjectClass code="ma00"/>
				</biblioData>
				<illustGroup>
					<illustration begin="ma_061_0010_0122" end="ma_061_0010_0122"/>
				</illustGroup>
			</front>
			<text>
				<content>
					<paragraph>
						<pTitle type="기사명">祝共濟創刊</pTitle>
						<name role="필자">鄭煜</name>
					</paragraph>
				</content>
			</text>
		</level3>
		<level3 id="ma_061_0010_0310">
			<front>
				<biblioData>
					<title>
						<mainTitle>祝共濟雜誌創刊</mainTitle>
					</title>
					<creator>
						<author>
							<name>華山樵夫</name>
						</author>
					</creator>
					<subjectClass code="ma00"/>
				</biblioData>
				<illustGroup>
					<illustration begin="ma_061_0010_0122" end="ma_061_0010_0122"/>
				</illustGroup>
			</front>
			<text>
				<content>
					<paragraph>
						<pTitle type="기사명">祝共濟雜誌創刊</pTitle>
						<name role="필자">華山樵夫</name>
					</paragraph>
				</content>
			</text>
		</level3>
		<level3 id="ma_061_0010_0320">
			<front>
				<biblioData>
					<title>
						<mainTitle>共濟(漢詩)</mainTitle>
					</title>
					<creator>
						<author>
							<name>壤山</name>
						</author>
					</creator>
					<subjectClass code="ma00"/>
				</biblioData>
				<illustGroup>
					<illustration begin="ma_061_0010_0123" end="ma_061_0010_0123"/>
				</illustGroup>
			</front>
			<text>
				<content>
					<paragraph>
						<pTitle type="기사명">共濟</pTitle>
						<name role="필자">壤山</name>
					</paragraph>
				</content>
			</text>
		</level3>
		<level3 id="ma_061_0010_0330">
			<front>
				<biblioData>
					<title>
						<mainTitle>勞働과 吾人</mainTitle>
					</title>
					<creator>
						<author>
							<name>敬庵 李瓘</name>
						</author>
					</creator>
					<subjectClass code="ma00"/>
				</biblioData>
				<illustGroup>
					<illustration begin="ma_061_0010_0124" end="ma_061_0010_0125"/>
				</illustGroup>
			</front>
			<text>
				<content>
					<paragraph>
						<pTitle type="기사명">勞働과 吾人</pTitle>
						<name role="필자">敬庵 李瓘</name>
					</paragraph>
				</content>
			</text>
		</level3>
		<level3 id="ma_061_0010_0340">
			<front>
				<biblioData>
					<title>
						<mainTitle>醫學上으로 觀察하는 吾人의 衣食住三者</mainTitle>
					</title>
					<creator>
						<author>
							<name>世富蘭偲病院 醫師 申弼浩</name>
						</author>
					</creator>
					<subjectClass code="ma00"/>
				</biblioData>
				<illustGroup>
					<illustration begin="ma_061_0010_0126" end="ma_061_0010_0131"/>
				</illustGroup>
			</front>
			<text>
				<content>
					<paragraph>
						<pTitle type="기사명">醫學上으로 觀察하는 吾人의 衣食住三者</pTitle>
						<name role="필자">世富蘭偲病院 醫師 申弼浩</name>
					</paragraph>
				</content>
			</text>
		</level3>
		<level3 id="ma_061_0010_0350">
			<front>
				<biblioData>
					<title>
						<mainTitle>勞働王 사무엘 컴퍼스</mainTitle>
					</title>
					<creator>
						<author>
							<name>一記者</name>
						</author>
					</creator>
					<subjectClass code="ma00"/>
				</biblioData>
				<illustGroup>
					<illustration begin="ma_061_0010_0132" end="ma_061_0010_0133"/>
				</illustGroup>
			</front>
			<text>
				<content>
					<paragraph>
						<pTitle type="기사명">勞働王 사무엘 컴퍼스</pTitle>
						<name role="필자">一記者</name>
					</paragraph>
				</content>
			</text>
		</level3>
		<level3 id="ma_061_0010_0360">
			<front>
				<biblioData>
					<title>
						<mainTitle>그가 뉘냐</mainTitle>
					</title>
					<creator>
						<author>
							<name>步星</name>
						</author>
					</creator>
					<subjectClass code="ma00"/>
				</biblioData>
				<illustGroup>
					<illustration begin="ma_061_0010_0134" end="ma_061_0010_0134"/>
				</illustGroup>
			</front>
			<text>
				<content>
					<paragraph>
						<pTitle type="기사명">그가 뉘냐</pTitle>
						<name role="필자">步星</name>
					</paragraph>
				</content>
			</text>
		</level3>
		<level3 id="ma_061_0010_0370">
			<front>
				<biblioData>
					<title>
						<mainTitle>스스로 하려는 勞働者 노릇하라</mainTitle>
					</title>
					<creator>
						<author>
							<name>南田農夫</name>
						</author>
					</creator>
					<subjectClass code="ma00"/>
				</biblioData>
				<illustGroup>
					<illustration begin="ma_061_0010_0135" end="ma_061_0010_0136"/>
				</illustGroup>
			</front>
			<text>
				<content>
					<paragraph>
						<pTitle type="기사명">스스로 하려는 勞働者 노릇하라</pTitle>
						<name role="필자">南田農夫</name>
					</paragraph>
				</content>
			</text>
		</level3>
		<level3 id="ma_061_0010_0380">
			<front>
				<biblioData>
					<title>
						<mainTitle>사랑의 노래</mainTitle>
					</title>
					<creator>
						<author>
							<name>용석</name>
						</author>
					</creator>
					<subjectClass code="ma00"/>
				</biblioData>
				<illustGroup>
					<illustration begin="ma_061_0010_0136" end="ma_061_0010_0136"/>
				</illustGroup>
			</front>
			<text>
				<content>
					<paragraph>
						<pTitle type="기사명">사랑의 노래</pTitle>
						<name role="필자">용석</name>
					</paragraph>
				</content>
			</text>
		</level3>
		<level3 id="ma_061_0010_0390">
			<front>
				<biblioData>
					<title>
						<mainTitle>勞働者와 손흰사람</mainTitle>
					</title>
					<creator>
						<author>
							<name>瞬星</name>
						</author>
					</creator>
					<subjectClass code="ma00"/>
				</biblioData>
				<illustGroup>
					<illustration begin="ma_061_0010_0137" end="ma_061_0010_0137"/>
				</illustGroup>
			</front>
			<text>
				<content>
					<paragraph>
						<pTitle type="기사명">勞働者와 손흰사람</pTitle>
						<name role="필자">瞬星</name>
					</paragraph>
				</content>
			</text>
		</level3>
		<level3 id="ma_061_0010_0400">
			<front>
				<biblioData>
					<title>
						<mainTitle>寸感-이 貧弱한 收穫을 李鄭兩君께 드리오</mainTitle>
					</title>
					<creator>
						<author>
							<name>兪鎭熙</name>
						</author>
					</creator>
					<subjectClass code="ma00"/>
				</biblioData>
				<illustGroup>
					<illustration begin="ma_061_0010_0138" end="ma_061_0010_0143"/>
				</illustGroup>
			</front>
			<text>
				<content>
					<paragraph>
						<pTitle type="기사명">寸感-이 貧弱한 收穫을 李鄭兩君께 드리오</pTitle>
						<name role="필자">兪鎭熙</name>
					</paragraph>
				</content>
			</text>
		</level3>
		<level3 id="ma_061_0010_0410">
			<front>
				<biblioData>
					<title>
						<mainTitle>톨스토이의 思想(小話)</mainTitle>
					</title>
					<creator>
						<author>
							<name>又影生</name>
						</author>
					</creator>
					<subjectClass code="ma00"/>
				</biblioData>
				<illustGroup>
					<illustration begin="ma_061_0010_0144" end="ma_061_0010_0144"/>
				</illustGroup>
			</front>
			<text>
				<content>
					<paragraph>
						<pTitle type="기사명">톨스토이의 思想</pTitle>
						<name role="필자">又影生</name>
					</paragraph>
				</content>
			</text>
		</level3>
		<level3 id="ma_061_0010_0420">
			<front>
				<biblioData>
					<title>
						<mainTitle>漢江에서 觀漲하다가 聯想된 것</mainTitle>
					</title>
					<creator>
						<author>
							<name>一農夫</name>
						</author>
					</creator>
					<subjectClass code="ma00"/>
				</biblioData>
				<illustGroup>
					<illustration begin="ma_061_0010_0145" end="ma_061_0010_0149"/>
				</illustGroup>
			</front>
			<text>
				<content>
					<paragraph>
						<pTitle type="기사명">漢江에서 觀漲하다가 聯想된 것</pTitle>
						<name role="필자">一農夫</name>
					</paragraph>
				</content>
			</text>
		</level3>
		<level3 id="ma_061_0010_0430">
			<front>
				<biblioData>
					<title>
						<mainTitle>수레뒤에서</mainTitle>
					</title>
					<creator>
						<author>
							<name>가람</name>
						</author>
					</creator>
					<subjectClass code="ma00"/>
				</biblioData>
				<illustGroup>
					<illustration begin="ma_061_0010_0150" end="ma_061_0010_0151"/>
				</illustGroup>
			</front>
			<text>
				<content>
					<paragraph>
						<pTitle type="기사명">수레뒤에서</pTitle>
						<name role="필자">가람</name>
					</paragraph>
				</content>
			</text>
		</level3>
		<level3 id="ma_061_0010_0440">
			<front>
				<biblioData>
					<title>
						<mainTitle>勞働은 幸福의 源</mainTitle>
					</title>
					<creator>
						<author>
							<name>南廷八</name>
						</author>
					</creator>
					<subjectClass code="ma00"/>
				</biblioData>
				<illustGroup>
					<illustration begin="ma_061_0010_0152" end="ma_061_0010_0152"/>
				</illustGroup>
			</front>
			<text>
				<content>
					<paragraph>
						<pTitle type="기사명">勞働은 幸福의 源</pTitle>
						<name role="필자">南廷八</name>
					</paragraph>
				</content>
			</text>
		</level3>
		<level3 id="ma_061_0010_0450">
			<front>
				<biblioData>
					<title>
						<mainTitle>어대서 보고-制度改革을 企待하는 勞働者</mainTitle>
					</title>
					<creator>
						<author>
							<name>吳祥根</name>
						</author>
					</creator>
					<subjectClass code="ma00"/>
				</biblioData>
				<illustGroup>
					<illustration begin="ma_061_0010_0153" end="ma_061_0010_0154"/>
				</illustGroup>
			</front>
			<text>
				<content>
					<paragraph>
						<pTitle type="기사명">어대서 보고-制度改革을 企待하는 勞働者</pTitle>
						<name role="필자">吳祥根</name>
					</paragraph>
				</content>
			</text>
		</level3>
		<level3 id="ma_061_0010_0460">
			<front>
				<biblioData>
					<title>
						<mainTitle>들어 안저서</mainTitle>
					</title>
					<creator>
						<author>
							<name>斗南</name>
						</author>
					</creator>
					<subjectClass code="ma00"/>
				</biblioData>
				<illustGroup>
					<illustration begin="ma_061_0010_0155" end="ma_061_0010_0155"/>
				</illustGroup>
			</front>
			<text>
				<content>
					<paragraph>
						<pTitle type="기사명">들어 안저서</pTitle>
						<name role="필자">斗南</name>
					</paragraph>
				</content>
			</text>
		</level3>
		<level3 id="ma_061_0010_0470">
			<front>
				<biblioData>
					<title>
						<mainTitle>節儉과 慳吝</mainTitle>
					</title>
					<creator>
						<author>
							<name>ㅌㅅ生</name>
						</author>
					</creator>
					<subjectClass code="ma00"/>
				</biblioData>
				<illustGroup>
					<illustration begin="ma_061_0010_0156" end="ma_061_0010_0156"/>
				</illustGroup>
			</front>
			<text>
				<content>
					<paragraph>
						<pTitle type="기사명">節儉과 慳吝</pTitle>
						<name role="필자">ㅌㅅ生</name>
					</paragraph>
				</content>
			</text>
		</level3>
		<level3 id="ma_061_0010_0480">
			<front>
				<biblioData>
					<title>
						<mainTitle>國際勞働法規-平和條約勞働規定</mainTitle>
					</title>
					<subjectClass code="ma00"/>
				</biblioData>
				<illustGroup>
					<illustration begin="ma_061_0010_0157" end="ma_061_0010_0162"/>
				</illustGroup>
			</front>
			<text>
				<content>
					<paragraph>
						<pTitle type="기사명">國際勞働法規-平和條約勞働規定</pTitle>
					</paragraph>
				</content>
			</text>
		</level3>
		<level3 id="ma_061_0010_0490">
			<front>
				<biblioData>
					<title>
						<mainTitle>一般勞働界의 消息</mainTitle>
					</title>
					<subjectClass code="ma00"/>
				</biblioData>
				<illustGroup>
					<illustration begin="ma_061_0010_0163" end="ma_061_0010_0164"/>
				</illustGroup>
			</front>
			<text>
				<content>
					<paragraph>
						<pTitle type="기사명">一般勞働界의 消息</pTitle>
					</paragraph>
				</content>
			</text>
		</level3>
		<level3 id="ma_061_0010_0500">
			<front>
				<biblioData>
					<title>
						<mainTitle>스위스 雜感</mainTitle>
					</title>
					<creator>
						<author>
							<name>一記者</name>
						</author>
					</creator>
					<subjectClass code="ma00"/>
				</biblioData>
				<illustGroup>
					<illustration begin="ma_061_0010_0165" end="ma_061_0010_0166"/>
				</illustGroup>
			</front>
			<text>
				<content>
					<paragraph>
						<pTitle type="기사명">스위스 雜感</pTitle>
						<name role="필자">一記者</name>
					</paragraph>
				</content>
			</text>
		</level3>
		<level3 id="ma_061_0010_0510">
			<front>
				<biblioData>
					<title>
						<mainTitle>배암에 물린 참새</mainTitle>
					</title>
					<creator>
						<author>
							<name>ㅎㄹ生</name>
						</author>
					</creator>
					<subjectClass code="ma00"/>
				</biblioData>
				<illustGroup>
					<illustration begin="ma_061_0010_0167" end="ma_061_0010_0167"/>
				</illustGroup>
			</front>
			<text>
				<content>
					<paragraph>
						<pTitle type="기사명">배암에 물린 참새</pTitle>
						<name role="필자">ㅎㄹ生</name>
					</paragraph>
				</content>
			</text>
		</level3>
		<level3 id="ma_061_0010_0520">
			<front>
				<biblioData>
					<title>
						<mainTitle>對天私語</mainTitle>
					</title>
					<creator>
						<author>
							<name>若水</name>
						</author>
					</creator>
					<subjectClass code="ma00"/>
				</biblioData>
				<illustGroup>
					<illustration begin="ma_061_0010_0168" end="ma_061_0010_0169"/>
				</illustGroup>
			</front>
			<text>
				<content>
					<paragraph>
						<pTitle type="기사명">對天私語</pTitle>
						<name role="필자">若水</name>
					</paragraph>
				</content>
			</text>
		</level3>
		<level3 id="ma_061_0010_0530">
			<front>
				<biblioData>
					<title>
						<mainTitle>通俗流行語</mainTitle>
					</title>
					<creator>
						<author>
							<name>若水</name>
						</author>
					</creator>
					<subjectClass code="ma00"/>
				</biblioData>
				<illustGroup>
					<illustration begin="ma_061_0010_0170" end="ma_061_0010_0172"/>
				</illustGroup>
			</front>
			<text>
				<content>
					<paragraph>
						<pTitle type="기사명">通俗流行語</pTitle>
						<name role="필자">若水</name>
					</paragraph>
				</content>
			</text>
		</level3>
		<level3 id="ma_061_0010_0540">
			<front>
				<biblioData>
					<title>
						<mainTitle>藍色眼</mainTitle>
					</title>
					<creator>
						<author>
							<name>雪樓生 譯</name>
						</author>
					</creator>
					<subjectClass code="ma00"/>
				</biblioData>
				<illustGroup>
					<illustration begin="ma_061_0010_0173" end="ma_061_0010_0176"/>
				</illustGroup>
			</front>
			<text>
				<content>
					<paragraph>
						<pTitle type="기사명">藍色眼</pTitle>
						<name role="필자">雪樓生 譯</name>
					</paragraph>
				</content>
			</text>
		</level3>
		<level3 id="ma_061_0010_0550">
			<front>
				<biblioData>
					<title>
						<mainTitle>朝鮮勞働共濟會沿革大略</mainTitle>
					</title>
					<subjectClass code="ma00"/>
				</biblioData>
				<illustGroup>
					<illustration begin="ma_061_0010_0176" end="ma_061_0010_0176"/>
				</illustGroup>
			</front>
			<text>
				<content>
					<paragraph>
						<pTitle type="기사명">朝鮮勞働共濟會沿革大略</pTitle>
					</paragraph>
				</content>
			</text>
		</level3>
		<level3 id="ma_061_0010_0560">
			<front>
				<biblioData>
					<title>
						<mainTitle>朝鮮勞働共濟會主旨</mainTitle>
					</title>
					<creator>
						<author>
							<name>朝鮮勞働共濟會&#149;· 朴重華</name>
						</author>
					</creator>
					<subjectClass code="ma00"/>
				</biblioData>
				<illustGroup>
					<illustration begin="ma_061_0010_0177" end="ma_061_0010_0180"/>
				</illustGroup>
			</front>
			<text>
				<content>
					<paragraph>
						<pTitle type="기사명">朝鮮勞働共濟會主旨</pTitle>
						<name role="필자">朝鮮勞働共濟會&#149;· 朴重華</name>
					</paragraph>
				</content>
			</text>
		</level3>
		<level3 id="ma_061_0010_0570">
			<front>
				<biblioData>
					<title>
						<mainTitle>餘滴</mainTitle>
					</title>
					<subjectClass code="ma00"/>
				</biblioData>
				<illustGroup>
					<illustration begin="ma_061_0010_0181" end="ma_061_0010_0192"/>
				</illustGroup>
			</front>
			<text>
				<content>
					<paragraph>
						<pTitle type="기사명">餘滴</pTitle>
					</paragraph>
				</content>
			</text>
		</level3>
	</level2>
	<level2 id="ma_061_0020">
		<front>
			<biblioData>
				<title>
					<mainTitle volume="제2호">공제 제2호</mainTitle>
				</title>
				<publication>
					<publisher/>
					<dateIssued date="1920-10-11">1920년 10월 11일</dateIssued>
				</publication>
			</biblioData>
			<illustGroup>
				<illustration begin="ma_061_0020_0001" end="ma_061_0020_0118"/>
			</illustGroup>
		</front>
		<level3 id="ma_061_0020_0010">
			<front>
				<biblioData>
					<title>
						<mainTitle>眞理의 聖戰</mainTitle>
					</title>
					<creator>
						<author>
							<name>鄭泰信</name>
						</author>
					</creator>
					<subjectClass code="ma00"/>
				</biblioData>
				<illustGroup>
					<illustration begin="ma_061_0020_0009" end="ma_061_0020_0011"/>
				</illustGroup>
			</front>
			<text>
				<content>
					<paragraph>
						<pTitle type="기사명">眞理의 聖戰</pTitle>
						<name role="필자">鄭泰信</name>
					</paragraph>
				</content>
			</text>
		</level3>
		<level3 id="ma_061_0020_0020">
			<front>
				<biblioData>
					<title>
						<mainTitle>戰後 世界大勢와 朝鮮勞働問題</mainTitle>
					</title>
					<creator>
						<author>
							<name>金枓熙</name>
						</author>
					</creator>
					<subjectClass code="ma00"/>
				</biblioData>
				<illustGroup>
					<illustration begin="ma_061_0020_0012" end="ma_061_0020_0016"/>
				</illustGroup>
			</front>
			<text>
				<content>
					<paragraph>
						<pTitle type="기사명">戰後 世界大勢와 朝鮮勞働問題</pTitle>
						<name role="필자">金枓熙</name>
					</paragraph>
				</content>
			</text>
		</level3>
		<level3 id="ma_061_0020_0030">
			<front>
				<biblioData>
					<title>
						<mainTitle>共濟主義의 宣傳</mainTitle>
					</title>
					<creator>
						<author>
							<name>李仁鐸</name>
						</author>
					</creator>
					<subjectClass code="ma00"/>
				</biblioData>
				<illustGroup>
					<illustration begin="ma_061_0020_0016" end="ma_061_0020_0018"/>
				</illustGroup>
			</front>
			<text>
				<content>
					<paragraph>
						<pTitle type="기사명">共濟主義의 宣傳</pTitle>
						<name role="필자">李仁鐸</name>
					</paragraph>
				</content>
			</text>
		</level3>
		<level3 id="ma_061_0020_0040">
			<front>
				<biblioData>
					<title>
						<mainTitle>勞働運動의 社會主義的 考察</mainTitle>
					</title>
					<creator>
						<author>
							<name>兪鎭熙</name>
						</author>
					</creator>
					<subjectClass code="ma00"/>
				</biblioData>
				<illustGroup>
					<illustration begin="ma_061_0020_0019" end="ma_061_0020_0028"/>
				</illustGroup>
			</front>
			<text>
				<content>
					<paragraph>
						<pTitle type="기사명">勞働運動의 社會主義的 考察</pTitle>
						<name role="필자">兪鎭熙</name>
					</paragraph>
				</content>
			</text>
		</level3>
		<level3 id="ma_061_0020_0050">
			<front>
				<biblioData>
					<title>
						<mainTitle>有識階級에 對하야</mainTitle>
					</title>
					<creator>
						<author>
							<name>安廓</name>
						</author>
					</creator>
					<subjectClass code="ma00"/>
				</biblioData>
				<illustGroup>
					<illustration begin="ma_061_0020_0028" end="ma_061_0020_0032"/>
				</illustGroup>
			</front>
			<text>
				<content>
					<paragraph>
						<pTitle type="기사명">有識階級에 對하야</pTitle>
						<name role="필자">安廓</name>
					</paragraph>
				</content>
			</text>
		</level3>
		<level3 id="ma_061_0020_0060">
			<front>
				<biblioData>
					<title>
						<mainTitle>國家의 理性 及 政策과 眞理의 反抗</mainTitle>
					</title>
					<creator>
						<author>
							<name>霽觀</name>
						</author>
					</creator>
					<subjectClass code="ma00"/>
				</biblioData>
				<illustGroup>
					<illustration begin="ma_061_0020_0033" end="ma_061_0020_0041"/>
				</illustGroup>
			</front>
			<text>
				<content>
					<paragraph>
						<pTitle type="기사명">國家의 理性 及 政策과 眞理의 反抗</pTitle>
						<name role="필자">霽觀</name>
					</paragraph>
				</content>
			</text>
		</level3>
		<level3 id="ma_061_0020_0070">
			<front>
				<biblioData>
					<title>
						<mainTitle>小作人組合論</mainTitle>
					</title>
					<creator>
						<author>
							<name>申伯雨</name>
						</author>
					</creator>
					<subjectClass code="ma00"/>
				</biblioData>
				<illustGroup>
					<illustration begin="ma_061_0020_0041" end="ma_061_0020_0049"/>
				</illustGroup>
			</front>
			<text>
				<content>
					<paragraph>
						<pTitle type="기사명">小作人組合論</pTitle>
						<name role="필자">申伯雨</name>
					</paragraph>
				</content>
			</text>
		</level3>
		<level3 id="ma_061_0020_0080">
			<front>
				<biblioData>
					<title>
						<mainTitle>勞働問題 尙早論者에게</mainTitle>
					</title>
					<creator>
						<author>
							<name>南相協</name>
						</author>
					</creator>
					<subjectClass code="ma00"/>
				</biblioData>
				<illustGroup>
					<illustration begin="ma_061_0020_0049" end="ma_061_0020_0054"/>
				</illustGroup>
			</front>
			<text>
				<content>
					<paragraph>
						<pTitle type="기사명">勞働問題 尙早論者에게</pTitle>
						<name role="필자">南相協</name>
					</paragraph>
				</content>
			</text>
		</level3>
		<level3 id="ma_061_0020_0090">
			<front>
				<biblioData>
					<title>
						<mainTitle>檢閱官의 許可를 得하야 朝鮮勞働者諸君에게 檄을 送하노라(續)</mainTitle>
					</title>
					<creator>
						<author>
							<name>霽觀</name>
						</author>
					</creator>
					<subjectClass code="ma00"/>
				</biblioData>
				<illustGroup>
					<illustration begin="ma_061_0020_0055" end="ma_061_0020_0063"/>
				</illustGroup>
			</front>
			<text>
				<content>
					<paragraph>
						<pTitle type="기사명">檢閱官의 許可를 得하야 朝鮮勞働者諸君에게 檄을 送하노라</pTitle>
						<name role="필자">霽觀</name>
					</paragraph>
				</content>
			</text>
		</level3>
		<level3 id="ma_061_0020_0100">
			<front>
				<biblioData>
					<title>
						<mainTitle>有形戰爭과 無形戰爭</mainTitle>
					</title>
					<creator>
						<author>
							<name>壤山 李泰龍</name>
						</author>
					</creator>
					<subjectClass code="ma00"/>
				</biblioData>
				<illustGroup>
					<illustration begin="ma_061_0020_0063" end="ma_061_0020_0065"/>
				</illustGroup>
			</front>
			<text>
				<content>
					<paragraph>
						<pTitle type="기사명">有形戰爭과 無形戰爭</pTitle>
						<name role="필자">壤山 李泰龍</name>
					</paragraph>
				</content>
			</text>
		</level3>
		<level3 id="ma_061_0020_0110">
			<front>
				<biblioData>
					<title>
						<mainTitle>世界改造와 勞働問題</mainTitle>
					</title>
					<creator>
						<author>
							<name>金廣植</name>
						</author>
					</creator>
					<subjectClass code="ma00"/>
				</biblioData>
				<illustGroup>
					<illustration begin="ma_061_0020_0065" end="ma_061_0020_0068"/>
				</illustGroup>
			</front>
			<text>
				<content>
					<paragraph>
						<pTitle type="기사명">世界改造와 勞働問題</pTitle>
						<name role="필자">金廣植</name>
					</paragraph>
				</content>
			</text>
		</level3>
		<level3 id="ma_061_0020_0120">
			<front>
				<biblioData>
					<title>
						<mainTitle>黃金歎(漢詩)</mainTitle>
					</title>
					<creator>
						<author>
							<name>壤山 李泰龍</name>
						</author>
					</creator>
					<subjectClass code="ma00"/>
				</biblioData>
				<illustGroup>
					<illustration begin="ma_061_0020_0069" end="ma_061_0020_0069"/>
				</illustGroup>
			</front>
			<text>
				<content>
					<paragraph>
						<pTitle type="기사명">黃金歎</pTitle>
						<name role="필자">壤山 李泰龍</name>
					</paragraph>
				</content>
			</text>
		</level3>
		<level3 id="ma_061_0020_0130">
			<front>
				<biblioData>
					<title>
						<mainTitle>分割과 對立에서 全一과 統合으로</mainTitle>
					</title>
					<creator>
						<author>
							<name>無我生</name>
						</author>
					</creator>
					<subjectClass code="ma00"/>
				</biblioData>
				<illustGroup>
					<illustration begin="ma_061_0020_0070" end="ma_061_0020_0074"/>
				</illustGroup>
			</front>
			<text>
				<content>
					<paragraph>
						<pTitle type="기사명">分割과 對立에서 全一과 統合으로</pTitle>
						<name role="필자">無我生</name>
					</paragraph>
				</content>
			</text>
		</level3>
		<level3 id="ma_061_0020_0140">
			<front>
				<biblioData>
					<title>
						<mainTitle>擺脫된 우리(續)</mainTitle>
					</title>
					<creator>
						<author>
							<name>崖溜</name>
						</author>
					</creator>
					<subjectClass code="ma00"/>
				</biblioData>
				<illustGroup>
					<illustration begin="ma_061_0020_0074" end="ma_061_0020_0077"/>
				</illustGroup>
			</front>
			<text>
				<content>
					<paragraph>
						<pTitle type="기사명">擺脫된 우리</pTitle>
						<name role="필자">崖溜</name>
					</paragraph>
				</content>
			</text>
		</level3>
		<level3 id="ma_061_0020_0150">
			<front>
				<biblioData>
					<title>
						<mainTitle>좁은 길</mainTitle>
					</title>
					<subjectClass code="ma00"/>
				</biblioData>
				<illustGroup>
					<illustration begin="ma_061_0020_0078" end="ma_061_0020_0078"/>
				</illustGroup>
			</front>
			<text>
				<content>
					<paragraph>
						<pTitle type="기사명">좁은 길</pTitle>
					</paragraph>
				</content>
			</text>
		</level3>
		<level3 id="ma_061_0020_0160">
			<front>
				<biblioData>
					<title>
						<mainTitle>資産階級에게</mainTitle>
					</title>
					<creator>
						<author>
							<name>李東植</name>
						</author>
					</creator>
					<subjectClass code="ma00"/>
				</biblioData>
				<illustGroup>
					<illustration begin="ma_061_0020_0079" end="ma_061_0020_0081"/>
				</illustGroup>
			</front>
			<text>
				<content>
					<paragraph>
						<pTitle type="기사명">資産階級에게</pTitle>
						<name role="필자">李東植</name>
					</paragraph>
				</content>
			</text>
		</level3>
		<level3 id="ma_061_0020_0170">
			<front>
				<biblioData>
					<title>
						<mainTitle>西洋格言</mainTitle>
					</title>
					<subjectClass code="ma00"/>
				</biblioData>
				<illustGroup>
					<illustration begin="ma_061_0020_0081" end="ma_061_0020_0081"/>
				</illustGroup>
			</front>
			<text>
				<content>
					<paragraph>
						<pTitle type="기사명">西洋格言</pTitle>
					</paragraph>
				</content>
			</text>
		</level3>
		<level3 id="ma_061_0020_0180">
			<front>
				<biblioData>
					<title>
						<mainTitle>祝勞働共濟會雜誌</mainTitle>
					</title>
					<creator>
						<author>
							<name>仁川支會長 康永勻</name>
						</author>
					</creator>
					<subjectClass code="ma00"/>
				</biblioData>
				<illustGroup>
					<illustration begin="ma_061_0020_0081" end="ma_061_0020_0083"/>
				</illustGroup>
			</front>
			<text>
				<content>
					<paragraph>
						<pTitle type="기사명">祝勞働共濟會雜誌</pTitle>
						<name role="필자">仁川支會長 康永勻</name>
					</paragraph>
				</content>
			</text>
		</level3>
		<level3 id="ma_061_0020_0190">
			<front>
				<biblioData>
					<title>
						<mainTitle>祝勞働共濟雜誌</mainTitle>
					</title>
					<creator>
						<author>
							<name>議事長 金鴻來</name>
						</author>
					</creator>
					<subjectClass code="ma00"/>
				</biblioData>
				<illustGroup>
					<illustration begin="ma_061_0020_0083" end="ma_061_0020_0083"/>
				</illustGroup>
			</front>
			<text>
				<content>
					<paragraph>
						<pTitle type="기사명">祝勞働共濟雜誌</pTitle>
						<name role="필자">議事長 金鴻來</name>
					</paragraph>
				</content>
			</text>
		</level3>
		<level3 id="ma_061_0020_0200">
			<front>
				<biblioData>
					<title>
						<mainTitle>祝『共濟』雜誌創刊</mainTitle>
					</title>
					<creator>
						<author>
							<name>仁川支會總幹事 崔衡黙</name>
						</author>
					</creator>
					<subjectClass code="ma00"/>
				</biblioData>
				<illustGroup>
					<illustration begin="ma_061_0020_0084" end="ma_061_0020_0084"/>
				</illustGroup>
			</front>
			<text>
				<content>
					<paragraph>
						<pTitle type="기사명">祝『共濟』雜誌創刊</pTitle>
						<name role="필자">仁川支會總幹事 崔衡黙</name>
					</paragraph>
				</content>
			</text>
		</level3>
		<level3 id="ma_061_0020_0210">
			<front>
				<biblioData>
					<title>
						<mainTitle>西洋格言</mainTitle>
					</title>
					<subjectClass code="ma00"/>
				</biblioData>
				<illustGroup>
					<illustration begin="ma_061_0020_0084" end="ma_061_0020_0084"/>
				</illustGroup>
			</front>
			<text>
				<content>
					<paragraph>
						<pTitle type="기사명">西洋格言</pTitle>
					</paragraph>
				</content>
			</text>
		</level3>
		<level3 id="ma_061_0020_0220">
			<front>
				<biblioData>
					<title>
						<mainTitle>朝鮮勞働界에 告하노라</mainTitle>
					</title>
					<creator>
						<author>
							<name>農夫</name>
						</author>
					</creator>
					<subjectClass code="ma00"/>
				</biblioData>
				<illustGroup>
					<illustration begin="ma_061_0020_0085" end="ma_061_0020_0087"/>
				</illustGroup>
			</front>
			<text>
				<content>
					<paragraph>
						<pTitle type="기사명">朝鮮勞働界에 告하노라</pTitle>
						<name role="필자">農夫</name>
					</paragraph>
				</content>
			</text>
		</level3>
		<level3 id="ma_061_0020_0230">
			<front>
				<biblioData>
					<title>
						<mainTitle>西洋格言</mainTitle>
					</title>
					<subjectClass code="ma00"/>
				</biblioData>
				<illustGroup>
					<illustration begin="ma_061_0020_0087" end="ma_061_0020_0087"/>
				</illustGroup>
			</front>
			<text>
				<content>
					<paragraph>
						<pTitle type="기사명">西洋格言</pTitle>
					</paragraph>
				</content>
			</text>
		</level3>
		<level3 id="ma_061_0020_0240">
			<front>
				<biblioData>
					<title>
						<mainTitle>勞働界의 消息</mainTitle>
					</title>
					<subjectClass code="ma00"/>
				</biblioData>
				<illustGroup>
					<illustration begin="ma_061_0020_0087" end="ma_061_0020_0089"/>
				</illustGroup>
			</front>
			<text>
				<content>
					<paragraph>
						<pTitle type="기사명">勞働界의 消息</pTitle>
					</paragraph>
				</content>
			</text>
		</level3>
		<level3 id="ma_061_0020_0250">
			<front>
				<biblioData>
					<title>
						<mainTitle>西洋格言</mainTitle>
					</title>
					<subjectClass code="ma00"/>
				</biblioData>
				<illustGroup>
					<illustration begin="ma_061_0020_0089" end="ma_061_0020_0089"/>
				</illustGroup>
			</front>
			<text>
				<content>
					<paragraph>
						<pTitle type="기사명">西洋格言</pTitle>
					</paragraph>
				</content>
			</text>
		</level3>
		<level3 id="ma_061_0020_0260">
			<front>
				<biblioData>
					<title>
						<mainTitle>生活難</mainTitle>
					</title>
					<creator>
						<author>
							<name>若水</name>
						</author>
					</creator>
					<subjectClass code="ma00"/>
				</biblioData>
				<illustGroup>
					<illustration begin="ma_061_0020_0089" end="ma_061_0020_0089"/>
				</illustGroup>
			</front>
			<text>
				<content>
					<paragraph>
						<pTitle type="기사명">生活難</pTitle>
						<name role="필자">若水</name>
					</paragraph>
				</content>
			</text>
		</level3>
		<level3 id="ma_061_0020_0270">
			<front>
				<biblioData>
					<title>
						<mainTitle>歐米勞働運動史(續)</mainTitle>
					</title>
					<creator>
						<author>
							<name>鄭泰信 抄</name>
						</author>
					</creator>
					<subjectClass code="ma00"/>
				</biblioData>
				<illustGroup>
					<illustration begin="ma_061_0020_0090" end="ma_061_0020_0099"/>
				</illustGroup>
			</front>
			<text>
				<content>
					<paragraph>
						<pTitle type="기사명">歐米勞働運動史</pTitle>
						<name role="필자">鄭泰信 抄</name>
					</paragraph>
				</content>
			</text>
		</level3>
		<level3 id="ma_061_0020_0280">
			<front>
				<biblioData>
					<title>
						<mainTitle>詩調三首</mainTitle>
					</title>
					<creator>
						<author>
							<name>旭圃</name>
						</author>
					</creator>
					<subjectClass code="ma00"/>
				</biblioData>
				<illustGroup>
					<illustration begin="ma_061_0020_0099" end="ma_061_0020_0099"/>
				</illustGroup>
			</front>
			<text>
				<content>
					<paragraph>
						<pTitle type="기사명">詩調三首</pTitle>
						<name role="필자">旭圃</name>
					</paragraph>
				</content>
			</text>
		</level3>
		<level3 id="ma_061_0020_0290">
			<front>
				<biblioData>
					<title>
						<mainTitle>活眼</mainTitle>
					</title>
					<creator>
						<author>
							<name>又影生</name>
						</author>
					</creator>
					<subjectClass code="ma00"/>
				</biblioData>
				<illustGroup>
					<illustration begin="ma_061_0020_0100" end="ma_061_0020_0102"/>
				</illustGroup>
			</front>
			<text>
				<content>
					<paragraph>
						<pTitle type="기사명">活眼</pTitle>
						<name role="필자">又影生</name>
					</paragraph>
				</content>
			</text>
		</level3>
		<level3 id="ma_061_0020_0300">
			<front>
				<biblioData>
					<title>
						<mainTitle>獨逸民族의 氣質</mainTitle>
					</title>
					<creator>
						<author>
							<name>自山</name>
						</author>
					</creator>
					<subjectClass code="ma00"/>
				</biblioData>
				<illustGroup>
					<illustration begin="ma_061_0020_0103" end="ma_061_0020_0106"/>
				</illustGroup>
			</front>
			<text>
				<content>
					<paragraph>
						<pTitle type="기사명">獨逸民族의 氣質</pTitle>
						<name role="필자">自山</name>
					</paragraph>
				</content>
			</text>
		</level3>
		<level3 id="ma_061_0020_0310">
			<front>
				<biblioData>
					<title>
						<mainTitle>勞働社會의 覺醒을 促함</mainTitle>
					</title>
					<creator>
						<author>
							<name>흰가람 金三壽</name>
						</author>
					</creator>
					<subjectClass code="ma00"/>
				</biblioData>
				<illustGroup>
					<illustration begin="ma_061_0020_0106" end="ma_061_0020_0108"/>
				</illustGroup>
			</front>
			<text>
				<content>
					<paragraph>
						<pTitle type="기사명">勞働社會의 覺醒을 促함</pTitle>
						<name role="필자">흰가람 金三壽</name>
					</paragraph>
				</content>
			</text>
		</level3>
		<level3 id="ma_061_0020_0320">
			<front>
				<biblioData>
					<title>
						<mainTitle>勞働은 生命</mainTitle>
					</title>
					<creator>
						<author>
							<name>李浩聖</name>
						</author>
					</creator>
					<subjectClass code="ma00"/>
				</biblioData>
				<illustGroup>
					<illustration begin="ma_061_0020_0109" end="ma_061_0020_0111"/>
				</illustGroup>
			</front>
			<text>
				<content>
					<paragraph>
						<pTitle type="기사명">勞働은 生命</pTitle>
						<name role="필자">李浩聖</name>
					</paragraph>
				</content>
			</text>
		</level3>
		<level3 id="ma_061_0020_0330">
			<front>
				<biblioData>
					<title>
						<mainTitle>兒童을 毆打하는 일</mainTitle>
					</title>
					<subjectClass code="ma00"/>
				</biblioData>
				<illustGroup>
					<illustration begin="ma_061_0020_0111" end="ma_061_0020_0111"/>
				</illustGroup>
			</front>
			<text>
				<content>
					<paragraph>
						<pTitle type="기사명">兒童을 毆打하는 일</pTitle>
					</paragraph>
				</content>
			</text>
		</level3>
		<level3 id="ma_061_0020_0340">
			<front>
				<biblioData>
					<title>
						<mainTitle>돈아 사람 살려라</mainTitle>
					</title>
					<creator>
						<author>
							<name>飢熊</name>
						</author>
					</creator>
					<subjectClass code="ma00"/>
				</biblioData>
				<illustGroup>
					<illustration begin="ma_061_0020_0111" end="ma_061_0020_0113"/>
				</illustGroup>
			</front>
			<text>
				<content>
					<paragraph>
						<pTitle type="기사명">돈아 사람 살려라</pTitle>
						<name role="필자">飢熊</name>
					</paragraph>
				</content>
			</text>
		</level3>
		<level3 id="ma_061_0020_0350">
			<front>
				<biblioData>
					<title>
						<mainTitle>歸園雜感</mainTitle>
					</title>
					<creator>
						<author>
							<name>烏石山下 一農夫</name>
						</author>
					</creator>
					<subjectClass code="ma00"/>
				</biblioData>
				<illustGroup>
					<illustration begin="ma_061_0020_0113" end="ma_061_0020_0115"/>
				</illustGroup>
			</front>
			<text>
				<content>
					<paragraph>
						<pTitle type="기사명">歸園雜感</pTitle>
						<name role="필자">烏石山下 一農夫</name>
					</paragraph>
				</content>
			</text>
		</level3>
		<level3 id="ma_061_0020_0360">
			<front>
				<biblioData>
					<title>
						<mainTitle>通俗流行語(續)</mainTitle>
					</title>
					<subjectClass code="ma00"/>
				</biblioData>
				<illustGroup>
					<illustration begin="ma_061_0020_0116" end="ma_061_0020_0118"/>
				</illustGroup>
			</front>
			<text>
				<content>
					<paragraph>
						<pTitle type="기사명">通俗流行語</pTitle>
					</paragraph>
				</content>
			</text>
		</level3>
		<level3 id="ma_061_0020_0370">
			<front>
				<biblioData>
					<title>
						<mainTitle>戱曲 溫情主義</mainTitle>
					</title>
					<creator>
						<author>
							<name>兪無我 飜案</name>
						</author>
					</creator>
					<subjectClass code="ma00"/>
				</biblioData>
			</front>
			<text>
				<content>
					<paragraph>
						<pTitle type="기사명">戱曲 溫情主義</pTitle>
						<name role="필자">兪無我 飜案</name>
					</paragraph>
				</content>
			</text>
		</level3>
		<level3 id="ma_061_0020_0380">
			<front>
				<biblioData>
					<title>
						<mainTitle>스케치-勞資大衝突</mainTitle>
					</title>
					<creator>
						<author>
							<name>南廷晳</name>
						</author>
					</creator>
					<subjectClass code="ma00"/>
				</biblioData>
			</front>
			<text>
				<content>
					<paragraph>
						<pTitle type="기사명">스케치-勞資大衝突</pTitle>
						<name role="필자">南廷晳</name>
					</paragraph>
				</content>
			</text>
		</level3>
		<level3 id="ma_061_0020_0390">
			<front>
				<biblioData>
					<title>
						<mainTitle>紳士와 愛國</mainTitle>
					</title>
					<subjectClass code="ma00"/>
				</biblioData>
			</front>
			<text>
				<content>
					<paragraph>
						<pTitle type="기사명">紳士와 愛國</pTitle>
					</paragraph>
				</content>
			</text>
		</level3>
		<level3 id="ma_061_0020_0400">
			<front>
				<biblioData>
					<title>
						<mainTitle>國際勞働法規(續)</mainTitle>
					</title>
					<subjectClass code="ma00"/>
				</biblioData>
			</front>
			<text>
				<content>
					<paragraph>
						<pTitle type="기사명">國際勞働法規</pTitle>
					</paragraph>
				</content>
			</text>
		</level3>
		<level3 id="ma_061_0020_0410">
			<front>
				<biblioData>
					<title>
						<mainTitle>編輯室에서</mainTitle>
					</title>
					<subjectClass code="ma00"/>
				</biblioData>
			</front>
			<text>
				<content>
					<paragraph>
						<pTitle type="기사명">編輯室에서</pTitle>
					</paragraph>
				</content>
			</text>
		</level3>
		<level3 id="ma_061_0020_0420">
			<front>
				<biblioData>
					<title>
						<mainTitle>懸賞勞働歌募集發表</mainTitle>
					</title>
					<subjectClass code="ma00"/>
				</biblioData>
			</front>
			<text>
				<content>
					<paragraph>
						<pTitle type="기사명">懸賞勞働歌募集發表</pTitle>
					</paragraph>
				</content>
			</text>
		</level3>
		<level3 id="ma_061_0020_0430">
			<front>
				<biblioData>
					<title>
						<mainTitle>編輯餘滴</mainTitle>
					</title>
					<subjectClass code="ma00"/>
				</biblioData>
			</front>
			<text>
				<content>
					<paragraph>
						<pTitle type="기사명">編輯餘滴</pTitle>
					</paragraph>
				</content>
			</text>
		</level3>
	</level2>
	<level2 id="ma_061_0030">
		<front>
			<biblioData>
				<title>
					<mainTitle volume="제7호">공제 제7호</mainTitle>
				</title>
				<publication>
					<publisher/>
					<dateIssued date="1921-04-17">1921년 4월 17일</dateIssued>
				</publication>
			</biblioData>
			<illustGroup>
				<illustration begin="ma_061_0030_0001" end="ma_061_0030_0104"/>
			</illustGroup>
		</front>
		<level3 id="ma_061_0030_0010">
			<front>
				<biblioData>
					<title>
						<mainTitle>勞働의 解放</mainTitle>
					</title>
					<creator>
						<author>
							<name>李堅益</name>
						</author>
					</creator>
					<subjectClass code="ma00"/>
				</biblioData>
				<illustGroup>
					<illustration begin="ma_061_0030_0009" end="ma_061_0030_0012"/>
				</illustGroup>
			</front>
			<text>
				<content>
					<paragraph>
						<pTitle type="기사명">勞働의 解放</pTitle>
						<name role="필자">李堅益</name>
					</paragraph>
				</content>
			</text>
		</level3>
		<level3 id="ma_061_0030_0020">
			<front>
				<biblioData>
					<title>
						<mainTitle>唯物史觀槪要</mainTitle>
					</title>
					<creator>
						<author>
							<name>申伯雨 抄</name>
						</author>
					</creator>
					<subjectClass code="ma00"/>
				</biblioData>
				<illustGroup>
					<illustration begin="ma_061_0030_0013" end="ma_061_0030_0019"/>
				</illustGroup>
			</front>
			<text>
				<content>
					<paragraph>
						<pTitle type="기사명">唯物史觀槪要</pTitle>
						<name role="필자">申伯雨 抄</name>
					</paragraph>
				</content>
			</text>
		</level3>
		<level3 id="ma_061_0030_0030">
			<front>
				<biblioData>
					<title>
						<mainTitle>文化運動者의 不徹底</mainTitle>
					</title>
					<creator>
						<author>
							<name>赤旋風</name>
						</author>
					</creator>
					<subjectClass code="ma00"/>
				</biblioData>
				<illustGroup>
					<illustration begin="ma_061_0030_0019" end="ma_061_0030_0026"/>
				</illustGroup>
			</front>
			<text>
				<content>
					<paragraph>
						<pTitle type="기사명">文化運動者의 不徹底</pTitle>
						<name role="필자">赤旋風</name>
					</paragraph>
				</content>
			</text>
		</level3>
		<level3 id="ma_061_0030_0040">
			<front>
				<biblioData>
					<title>
						<mainTitle>勞働價値說硏究</mainTitle>
					</title>
					<creator>
						<author>
							<name>Y生</name>
						</author>
					</creator>
					<subjectClass code="ma00"/>
				</biblioData>
				<illustGroup>
					<illustration begin="ma_061_0030_0026" end="ma_061_0030_0036"/>
				</illustGroup>
			</front>
			<text>
				<content>
					<paragraph>
						<pTitle type="기사명">勞働價値說硏究</pTitle>
						<name role="필자">Y生</name>
					</paragraph>
				</content>
			</text>
		</level3>
		<level3 id="ma_061_0030_0050">
			<front>
				<biblioData>
					<title>
						<mainTitle>農村과 勞働問題</mainTitle>
					</title>
					<creator>
						<author>
							<name>一記者</name>
						</author>
					</creator>
					<subjectClass code="ma00"/>
				</biblioData>
				<illustGroup>
					<illustration begin="ma_061_0030_0036" end="ma_061_0030_0042"/>
				</illustGroup>
			</front>
			<text>
				<content>
					<paragraph>
						<pTitle type="기사명">農村과 勞働問題</pTitle>
						<name role="필자">一記者</name>
					</paragraph>
				</content>
			</text>
		</level3>
		<level3 id="ma_061_0030_0060">
			<front>
				<biblioData>
					<title>
						<mainTitle>勞働組合의 敎育的 意義</mainTitle>
					</title>
					<creator>
						<author>
							<name>松斯生</name>
						</author>
					</creator>
					<subjectClass code="ma00"/>
				</biblioData>
				<illustGroup>
					<illustration begin="ma_061_0030_0043" end="ma_061_0030_0046"/>
				</illustGroup>
			</front>
			<text>
				<content>
					<paragraph>
						<pTitle type="기사명">勞働組合의 敎育的 意義</pTitle>
						<name role="필자">松斯生</name>
					</paragraph>
				</content>
			</text>
		</level3>
		<level3 id="ma_061_0030_0070">
			<front>
				<biblioData>
					<title>
						<mainTitle>貧民社會의 金融과 金融機關</mainTitle>
					</title>
					<creator>
						<author>
							<name>李東植</name>
						</author>
					</creator>
					<subjectClass code="ma00"/>
				</biblioData>
				<illustGroup>
					<illustration begin="ma_061_0030_0046" end="ma_061_0030_0049"/>
				</illustGroup>
			</front>
			<text>
				<content>
					<paragraph>
						<pTitle type="기사명">貧民社會의 金融과 金融機關</pTitle>
						<name role="필자">李東植</name>
					</paragraph>
				</content>
			</text>
		</level3>
		<level3 id="ma_061_0030_0080">
			<front>
				<biblioData>
					<title>
						<mainTitle>蟻와 蜂의 互相扶助</mainTitle>
					</title>
					<creator>
						<author>
							<name>畊夫</name>
						</author>
					</creator>
					<subjectClass code="ma00"/>
				</biblioData>
				<illustGroup>
					<illustration begin="ma_061_0030_0050" end="ma_061_0030_0053"/>
				</illustGroup>
			</front>
			<text>
				<content>
					<paragraph>
						<pTitle type="기사명">蟻와 蜂의 互相扶助</pTitle>
						<name role="필자">畊夫</name>
					</paragraph>
				</content>
			</text>
		</level3>
		<level3 id="ma_061_0030_0090">
			<front>
				<biblioData>
					<title>
						<mainTitle>時代의 差誤없이 只今 사람이어라 그리고 勞働問題는 宇宙에 對한 큰 붓그림이다</mainTitle>
					</title>
					<creator>
						<author>
							<name>螢影子</name>
						</author>
					</creator>
					<subjectClass code="ma00"/>
				</biblioData>
				<illustGroup>
					<illustration begin="ma_061_0030_0054" end="ma_061_0030_0057"/>
				</illustGroup>
			</front>
			<text>
				<content>
					<paragraph>
						<pTitle type="기사명">時代의 差誤없이 只今 사람이어라 그리고 勞働問題는 宇宙에 對한 큰 붓그림이다</pTitle>
						<name role="필자">螢影子</name>
					</paragraph>
				</content>
			</text>
		</level3>
		<level3 id="ma_061_0030_0100">
			<front>
				<biblioData>
					<title>
						<mainTitle>腹空症에 걸려서</mainTitle>
					</title>
					<creator>
						<author>
							<name>에쓰케生</name>
						</author>
					</creator>
					<subjectClass code="ma00"/>
				</biblioData>
				<illustGroup>
					<illustration begin="ma_061_0030_0058" end="ma_061_0030_0059"/>
				</illustGroup>
			</front>
			<text>
				<content>
					<paragraph>
						<pTitle type="기사명">腹空症에 걸려서</pTitle>
						<name role="필자">에쓰케生</name>
					</paragraph>
				</content>
			</text>
		</level3>
		<level3 id="ma_061_0030_0110">
			<front>
				<biblioData>
					<title>
						<mainTitle>日記와 雜感</mainTitle>
					</title>
					<creator>
						<author>
							<name>Y生</name>
						</author>
					</creator>
					<subjectClass code="ma00"/>
				</biblioData>
				<illustGroup>
					<illustration begin="ma_061_0030_0060" end="ma_061_0030_0067"/>
				</illustGroup>
			</front>
			<text>
				<content>
					<paragraph>
						<pTitle type="기사명">日記와 雜感</pTitle>
						<name role="필자">Y生</name>
					</paragraph>
				</content>
			</text>
		</level3>
		<level3 id="ma_061_0030_0120">
			<front>
				<biblioData>
					<title>
						<mainTitle>太陽의 臨終(詩)</mainTitle>
					</title>
					<creator>
						<author>
							<name>MA生</name>
						</author>
					</creator>
					<subjectClass code="ma00"/>
				</biblioData>
				<illustGroup>
					<illustration begin="ma_061_0030_0068" end="ma_061_0030_0068"/>
				</illustGroup>
			</front>
			<text>
				<content>
					<paragraph>
						<pTitle type="기사명">太陽의 臨終</pTitle>
						<name role="필자">MA生</name>
					</paragraph>
				</content>
			</text>
		</level3>
		<level3 id="ma_061_0030_0130">
			<front>
				<biblioData>
					<title>
						<mainTitle>靑年에게 訴함</mainTitle>
					</title>
					<creator>
						<author>
							<name>無我生 譯</name>
						</author>
					</creator>
					<subjectClass code="ma00"/>
				</biblioData>
				<illustGroup>
					<illustration begin="ma_061_0030_0069" end="ma_061_0030_0072"/>
				</illustGroup>
			</front>
			<text>
				<content>
					<paragraph>
						<pTitle type="기사명">靑年에게 訴함</pTitle>
						<name role="필자">無我生 譯</name>
					</paragraph>
				</content>
			</text>
		</level3>
		<level3 id="ma_061_0030_0140">
			<front>
				<biblioData>
					<title>
						<mainTitle>OOOOO</mainTitle>
					</title>
					<creator>
						<author>
							<name>YC生 譯</name>
						</author>
					</creator>
					<subjectClass code="ma00"/>
				</biblioData>
				<illustGroup>
					<illustration begin="ma_061_0030_0073" end="ma_061_0030_0081"/>
				</illustGroup>
			</front>
			<text>
				<content>
					<paragraph>
						<pTitle type="기사명">OOOOO</pTitle>
						<name role="필자">YC生 譯</name>
					</paragraph>
				</content>
			</text>
		</level3>
		<level3 id="ma_061_0030_0150">
			<front>
				<biblioData>
					<title>
						<mainTitle>小說 父와 子</mainTitle>
					</title>
					<creator>
						<author>
							<name>툴째네프 著 Y生 譯</name>
						</author>
					</creator>
					<subjectClass code="ma00"/>
				</biblioData>
				<illustGroup>
					<illustration begin="ma_061_0030_0082" end="ma_061_0030_0097"/>
				</illustGroup>
			</front>
			<text>
				<content>
					<paragraph>
						<pTitle type="기사명">小說 父와 子</pTitle>
						<name role="필자">툴째네프 著 Y生 譯</name>
					</paragraph>
				</content>
			</text>
		</level3>
		<level3 id="ma_061_0030_0160">
			<front>
				<biblioData>
					<title>
						<mainTitle>朝鮮勞働共濟會 京城本會 第一回 定期總會 記事錄</mainTitle>
					</title>
					<subjectClass code="ma00"/>
				</biblioData>
				<illustGroup>
					<illustration begin="ma_061_0030_0098" end="ma_061_0030_0098"/>
				</illustGroup>
			</front>
			<text>
				<content>
					<paragraph>
						<pTitle type="기사명">朝鮮勞働共濟會 京城本會 第一回 定期總會 記事錄</pTitle>
					</paragraph>
				</content>
			</text>
		</level3>
		<level3 id="ma_061_0030_0170">
			<front>
				<biblioData>
					<title>
						<mainTitle>編輯室에서</mainTitle>
					</title>
					<subjectClass code="ma00"/>
				</biblioData>
				<illustGroup>
					<illustration begin="ma_061_0030_0099" end="ma_061_0030_0104"/>
				</illustGroup>
			</front>
			<text>
				<content>
					<paragraph>
						<pTitle type="기사명">編輯室에서</pTitle>
					</paragraph>
				</content>
			</text>
		</level3>
	</level2>
	<level2 id="ma_061_0040">
		<front>
			<biblioData>
				<title>
					<mainTitle volume="제8호">공제 제8호</mainTitle>
				</title>
				<publication>
					<publisher/>
					<dateIssued date="1921-06-10">1921년 6월 10일</dateIssued>
				</publication>
			</biblioData>
			<illustGroup>
				<illustration begin="ma_061_0040_0001" end="ma_061_0040_0144"/>
			</illustGroup>
		</front>
		<level3 id="ma_061_0040_0010">
			<front>
				<biblioData>
					<title>
						<mainTitle>勞働問題의 要諦</mainTitle>
					</title>
					<creator>
						<author>
							<name>無我生</name>
						</author>
					</creator>
					<subjectClass code="ma00"/>
				</biblioData>
				<illustGroup>
					<illustration begin="ma_061_0040_0013" end="ma_061_0040_0016"/>
				</illustGroup>
			</front>
			<text>
				<content>
					<paragraph>
						<pTitle type="기사명">勞働問題의 要諦</pTitle>
						<name role="필자">無我生</name>
					</paragraph>
				</content>
			</text>
		</level3>
		<level3 id="ma_061_0040_0020">
			<front>
				<biblioData>
					<title>
						<mainTitle>知識階級의 現狀과 勞働運動</mainTitle>
					</title>
					<creator>
						<author>
							<name>赤旋風</name>
						</author>
					</creator>
					<subjectClass code="ma00"/>
				</biblioData>
				<illustGroup>
					<illustration begin="ma_061_0040_0016" end="ma_061_0040_0021"/>
				</illustGroup>
			</front>
			<text>
				<content>
					<paragraph>
						<pTitle type="기사명">知識階級의 現狀과 勞働運動</pTitle>
						<name role="필자">赤旋風</name>
					</paragraph>
				</content>
			</text>
		</level3>
		<level3 id="ma_061_0040_0030">
			<front>
				<biblioData>
					<title>
						<mainTitle>文藝는 敎化의 器具인가</mainTitle>
					</title>
					<creator>
						<author>
							<name>赤旋風</name>
						</author>
					</creator>
					<subjectClass code="ma00"/>
				</biblioData>
				<illustGroup>
					<illustration begin="ma_061_0040_0021" end="ma_061_0040_0023"/>
				</illustGroup>
			</front>
			<text>
				<content>
					<paragraph>
						<pTitle type="기사명">文藝는 敎化의 器具인가</pTitle>
						<name role="필자">赤旋風</name>
					</paragraph>
				</content>
			</text>
		</level3>
		<level3 id="ma_061_0040_0040">
			<front>
				<biblioData>
					<title>
						<mainTitle>階級社會의 史的 考察</mainTitle>
					</title>
					<creator>
						<author>
							<name>申伯雨</name>
						</author>
					</creator>
					<subjectClass code="ma00"/>
				</biblioData>
				<illustGroup>
					<illustration begin="ma_061_0040_0024" end="ma_061_0040_0032"/>
				</illustGroup>
			</front>
			<text>
				<content>
					<paragraph>
						<pTitle type="기사명">階級社會의 史的 考察</pTitle>
						<name role="필자">申伯雨</name>
					</paragraph>
				</content>
			</text>
		</level3>
		<level3 id="ma_061_0040_0050">
			<front>
				<biblioData>
					<title>
						<mainTitle>勞働問題는 人類全體의 問題</mainTitle>
					</title>
					<creator>
						<author>
							<name>李堅益</name>
						</author>
					</creator>
					<subjectClass code="ma00"/>
				</biblioData>
				<illustGroup>
					<illustration begin="ma_061_0040_0032" end="ma_061_0040_0035"/>
				</illustGroup>
			</front>
			<text>
				<content>
					<paragraph>
						<pTitle type="기사명">勞働問題는 人類全體의 問題</pTitle>
						<name role="필자">李堅益</name>
					</paragraph>
				</content>
			</text>
		</level3>
		<level3 id="ma_061_0040_0060">
			<front>
				<biblioData>
					<title>
						<mainTitle>人生과 勞働</mainTitle>
					</title>
					<creator>
						<author>
							<name>K生</name>
						</author>
					</creator>
					<subjectClass code="ma00"/>
				</biblioData>
				<illustGroup>
					<illustration begin="ma_061_0040_0036" end="ma_061_0040_0039"/>
				</illustGroup>
			</front>
			<text>
				<content>
					<paragraph>
						<pTitle type="기사명">人生과 勞働</pTitle>
						<name role="필자">K生</name>
					</paragraph>
				</content>
			</text>
		</level3>
		<level3 id="ma_061_0040_0070">
			<front>
				<biblioData>
					<title>
						<mainTitle>佛蘭西의 C·G·T와 勞働運動의 終局</mainTitle>
					</title>
					<creator>
						<author>
							<name>CK生</name>
						</author>
					</creator>
					<subjectClass code="ma00"/>
				</biblioData>
				<illustGroup>
					<illustration begin="ma_061_0040_0039" end="ma_061_0040_0056"/>
				</illustGroup>
			</front>
			<text>
				<content>
					<paragraph>
						<pTitle type="기사명">佛蘭西의 C·G·T와 勞働運動의 終局</pTitle>
						<name role="필자">CK生</name>
					</paragraph>
				</content>
			</text>
		</level3>
		<level3 id="ma_061_0040_0080">
			<front>
				<biblioData>
					<title>
						<mainTitle>民衆文化의 提唱</mainTitle>
					</title>
					<creator>
						<author>
							<name>鄭又影</name>
						</author>
					</creator>
					<subjectClass code="ma00"/>
				</biblioData>
				<illustGroup>
					<illustration begin="ma_061_0040_0057" end="ma_061_0040_0060"/>
				</illustGroup>
			</front>
			<text>
				<content>
					<paragraph>
						<pTitle type="기사명">民衆文化의 提唱</pTitle>
						<name role="필자">鄭又影</name>
					</paragraph>
				</content>
			</text>
		</level3>
		<level3 id="ma_061_0040_0090">
			<front>
				<biblioData>
					<title>
						<mainTitle>朝鮮奴隷史</mainTitle>
					</title>
					<creator>
						<author>
							<name>安廓</name>
						</author>
					</creator>
					<subjectClass code="ma00"/>
				</biblioData>
				<illustGroup>
					<illustration begin="ma_061_0040_0060" end="ma_061_0040_0063"/>
				</illustGroup>
			</front>
			<text>
				<content>
					<paragraph>
						<pTitle type="기사명">朝鮮奴隷史</pTitle>
						<name role="필자">安廓</name>
					</paragraph>
				</content>
			</text>
		</level3>
		<level3 id="ma_061_0040_0100">
			<front>
				<biblioData>
					<title>
						<mainTitle>無産階級의 自助的 方策</mainTitle>
					</title>
					<creator>
						<author>
							<name>李東植</name>
						</author>
					</creator>
					<subjectClass code="ma00"/>
				</biblioData>
				<illustGroup>
					<illustration begin="ma_061_0040_0064" end="ma_061_0040_0065"/>
				</illustGroup>
			</front>
			<text>
				<content>
					<paragraph>
						<pTitle type="기사명">無産階級의 自助的 方策</pTitle>
						<name role="필자">李東植</name>
					</paragraph>
				</content>
			</text>
		</level3>
		<level3 id="ma_061_0040_0110">
			<front>
				<biblioData>
					<title>
						<mainTitle>勞働問題 通俗講話</mainTitle>
					</title>
					<creator>
						<author>
							<name>一記者</name>
						</author>
					</creator>
					<subjectClass code="ma00"/>
				</biblioData>
				<illustGroup>
					<illustration begin="ma_061_0040_0065" end="ma_061_0040_0074"/>
				</illustGroup>
			</front>
			<text>
				<content>
					<paragraph>
						<pTitle type="기사명">勞働問題 通俗講話</pTitle>
						<name role="필자">一記者</name>
					</paragraph>
				</content>
			</text>
		</level3>
		<level3 id="ma_061_0040_0120">
			<front>
				<biblioData>
					<title>
						<mainTitle>따윈說과 맑스說</mainTitle>
					</title>
					<creator>
						<author>
							<name>高順欽 抄</name>
						</author>
					</creator>
					<subjectClass code="ma00"/>
				</biblioData>
				<illustGroup>
					<illustration begin="ma_061_0040_0074" end="ma_061_0040_0080"/>
				</illustGroup>
			</front>
			<text>
				<content>
					<paragraph>
						<pTitle type="기사명">따윈說과 맑스說</pTitle>
						<name role="필자">高順欽 抄</name>
					</paragraph>
				</content>
			</text>
		</level3>
		<level3 id="ma_061_0040_0130">
			<front>
				<biblioData>
					<title>
						<mainTitle>消費組合의 社會的 意義</mainTitle>
					</title>
					<creator>
						<author>
							<name>尹畢炳</name>
						</author>
					</creator>
					<subjectClass code="ma00"/>
				</biblioData>
				<illustGroup>
					<illustration begin="ma_061_0040_0080" end="ma_061_0040_0085"/>
				</illustGroup>
			</front>
			<text>
				<content>
					<paragraph>
						<pTitle type="기사명">消費組合의 社會的 意義</pTitle>
						<name role="필자">尹畢炳</name>
					</paragraph>
				</content>
			</text>
		</level3>
		<level3 id="ma_061_0040_0140">
			<front>
				<biblioData>
					<title>
						<mainTitle>勞働不安의 防止</mainTitle>
					</title>
					<creator>
						<author>
							<name>錦儂生</name>
						</author>
					</creator>
					<subjectClass code="ma00"/>
				</biblioData>
				<illustGroup>
					<illustration begin="ma_061_0040_0086" end="ma_061_0040_0093"/>
				</illustGroup>
			</front>
			<text>
				<content>
					<paragraph>
						<pTitle type="기사명">勞働不安의 防止</pTitle>
						<name role="필자">錦儂生</name>
					</paragraph>
				</content>
			</text>
		</level3>
		<level3 id="ma_061_0040_0150">
			<front>
				<biblioData>
					<title>
						<mainTitle>勞働은 尊貴하긔 崇拜하라 英雄도 여기 있어</mainTitle>
					</title>
					<creator>
						<author>
							<name>金廣植</name>
						</author>
					</creator>
					<subjectClass code="ma00"/>
				</biblioData>
				<illustGroup>
					<illustration begin="ma_061_0040_0093" end="ma_061_0040_0097"/>
				</illustGroup>
			</front>
			<text>
				<content>
					<paragraph>
						<pTitle type="기사명">勞働은 尊貴하긔 崇拜하라 英雄도 여기 있어</pTitle>
						<name role="필자">金廣植</name>
					</paragraph>
				</content>
			</text>
		</level3>
		<level3 id="ma_061_0040_0160">
			<front>
				<biblioData>
					<title>
						<mainTitle>처음 人事</mainTitle>
					</title>
					<creator>
						<author>
							<name>螢影子</name>
						</author>
					</creator>
					<subjectClass code="ma00"/>
				</biblioData>
				<illustGroup>
					<illustration begin="ma_061_0040_0097" end="ma_061_0040_0099"/>
				</illustGroup>
			</front>
			<text>
				<content>
					<paragraph>
						<pTitle type="기사명">처음 人事</pTitle>
						<name role="필자">螢影子</name>
					</paragraph>
				</content>
			</text>
		</level3>
		<level3 id="ma_061_0040_0170">
			<front>
				<biblioData>
					<title>
						<mainTitle>如是我觀</mainTitle>
					</title>
					<creator>
						<author>
							<name>畊夫</name>
						</author>
					</creator>
					<subjectClass code="ma00"/>
				</biblioData>
				<illustGroup>
					<illustration begin="ma_061_0040_0099" end="ma_061_0040_0102"/>
				</illustGroup>
			</front>
			<text>
				<content>
					<paragraph>
						<pTitle type="기사명">如是我觀</pTitle>
						<name role="필자">畊夫</name>
					</paragraph>
				</content>
			</text>
		</level3>
		<level3 id="ma_061_0040_0180">
			<front>
				<biblioData>
					<title>
						<mainTitle>日記와 雜感</mainTitle>
					</title>
					<creator>
						<author>
							<name>Y生</name>
						</author>
					</creator>
					<subjectClass code="ma00"/>
				</biblioData>
				<illustGroup>
					<illustration begin="ma_061_0040_0103" end="ma_061_0040_0108"/>
				</illustGroup>
			</front>
			<text>
				<content>
					<paragraph>
						<pTitle type="기사명">日記와 雜感</pTitle>
						<name role="필자">Y生</name>
					</paragraph>
				</content>
			</text>
		</level3>
		<level3 id="ma_061_0040_0190">
			<front>
				<biblioData>
					<title>
						<mainTitle>靑年에게 訴함(續)</mainTitle>
					</title>
					<creator>
						<author>
							<name>無我生 譯</name>
						</author>
					</creator>
					<subjectClass code="ma00"/>
				</biblioData>
				<illustGroup>
					<illustration begin="ma_061_0040_0109" end="ma_061_0040_0117"/>
				</illustGroup>
			</front>
			<text>
				<content>
					<paragraph>
						<pTitle type="기사명">靑年에게 訴함</pTitle>
						<name role="필자">無我生 譯</name>
					</paragraph>
				</content>
			</text>
		</level3>
		<level3 id="ma_061_0040_0200">
			<front>
				<biblioData>
					<title>
						<mainTitle>小說 勞働</mainTitle>
					</title>
					<creator>
						<author>
							<name>에밀 쏘라 作 眞希 譯</name>
						</author>
					</creator>
					<subjectClass code="ma00"/>
				</biblioData>
				<illustGroup>
					<illustration begin="ma_061_0040_0118" end="ma_061_0040_0123"/>
				</illustGroup>
			</front>
			<text>
				<content>
					<paragraph>
						<pTitle type="기사명">小說 勞働</pTitle>
						<name role="필자">에밀 쏘라 作 眞希 譯</name>
					</paragraph>
				</content>
			</text>
		</level3>
		<level3 id="ma_061_0040_0210">
			<front>
				<biblioData>
					<title>
						<mainTitle>小說 父와 子(續)</mainTitle>
					</title>
					<creator>
						<author>
							<name>툴째네프 著 Y生 譯</name>
						</author>
					</creator>
					<subjectClass code="ma00"/>
				</biblioData>
				<illustGroup>
					<illustration begin="ma_061_0040_0124" end="ma_061_0040_0144"/>
				</illustGroup>
			</front>
			<text>
				<content>
					<paragraph>
						<pTitle type="기사명">小說 父와 子</pTitle>
						<name role="필자">툴째네프 著 Y生 譯</name>
					</paragraph>
				</content>
			</text>
		</level3>
	</level2>
</level1>
