<?xml version="1.0" encoding="UTF-8"?>
<!DOCTYPE level1 SYSTEM "history.dtd">
<level1 id="ma_080">
	<front>
		<biblioData type="목차제공잡지">
			<title>
				<mainTitle>신흥과학</mainTitle>
			</title>
			<binderPeriod begin="1927-04-00" end="1927-08-00"/>
		</biblioData>
	</front>
	<level2 id="ma_080_0010">
		<front>
			<biblioData>
				<title>
					<mainTitle volume="제2권 제1호">신흥과학 제2권 제1호</mainTitle>
				</title>
				<publication>
					<publisher/>
					<dateIssued date="1928-07-20">1928년 7월 20일</dateIssued>
				</publication>
			</biblioData>
		</front>
		<level3 id="ma_080_0010_0010">
			<front>
				<biblioData>
					<title>
						<mainTitle>卷頭言-東京留學生이란 이데올로기에 對하야 歸國하는 동무들에게</mainTitle>
						<alternative lang="kor">권두언-동경류학생이란 이데올로기에 대하야 귀국하는 동무들에게</alternative>
					</title>
					<creator>
						<author>
							<name>P生</name>
							<name lang="kor">P생</name>
						</author>
					</creator>
					<subjectClass code="ma00"/>
				</biblioData>
			</front>
			<text>
				<content>
					<paragraph>
						<pTitle type="기사명">卷頭言-東京留學生이란 이데올로기에 對하야 歸國하는 동무들에게 (권두언-동경류학생이란 이데올로기에 대하야 귀국하는 동무들에게)</pTitle>
						<name role="필자">P生</name>
					</paragraph>
				</content>
			</text>
		</level3>
		<level3 id="ma_080_0010_0020">
			<front>
				<biblioData>
					<title>
						<mainTitle>朝鮮學生運動의 史的考察</mainTitle>
						<alternative lang="kor">조선학생운동의 사적고찰</alternative>
					</title>
					<creator>
						<author>
							<name>金鳴</name>
							<name lang="kor">김명</name>
						</author>
					</creator>
					<subjectClass code="ma00"/>
				</biblioData>
			</front>
			<text>
				<content>
					<paragraph>
						<pTitle type="기사명">朝鮮學生運動의 史的考察 (조선학생운동의 사적고찰)</pTitle>
						<name role="필자">金鳴</name>
					</paragraph>
				</content>
			</text>
		</level3>
		<level3 id="ma_080_0010_0030">
			<front>
				<biblioData>
					<title>
						<mainTitle>社會科學과 學生層</mainTitle>
						<alternative lang="kor">사회과학과 학생층</alternative>
					</title>
					<creator>
						<author>
							<name>一波</name>
							<name lang="kor">일파</name>
						</author>
					</creator>
					<subjectClass code="ma00"/>
				</biblioData>
			</front>
			<text>
				<content>
					<paragraph>
						<pTitle type="기사명">社會科學과 學生層 (사회과학과 학생층)</pTitle>
						<name role="필자">一波</name>
					</paragraph>
				</content>
			</text>
		</level3>
		<level3 id="ma_080_0010_0040">
			<front>
				<biblioData>
					<title>
						<mainTitle>朝鮮無産階級運動과 學生運動의 社會的 意義</mainTitle>
						<alternative lang="kor">조선무산계급운동과 학생운동의 사회적 의의</alternative>
					</title>
					<creator>
						<author>
							<name>TM生</name>
							<name lang="kor">TM생</name>
						</author>
					</creator>
					<subjectClass code="ma00"/>
				</biblioData>
			</front>
			<text>
				<content>
					<paragraph>
						<pTitle type="기사명">朝鮮無産階級運動과 學生運動의 社會的 意義 (조선무산계급운동과 학생운동의 사회적 의의)</pTitle>
						<name role="필자">TM生</name>
					</paragraph>
				</content>
			</text>
		</level3>
		<level3 id="ma_080_0010_0050">
			<front>
				<biblioData>
					<title>
						<mainTitle>學生運動의 政治鬪爭에로의 轉向</mainTitle>
						<alternative lang="kor">학생운동의 정치투쟁에로의 전향</alternative>
					</title>
					<creator>
						<author>
							<name>南宮虛</name>
							<name lang="kor">남궁허</name>
						</author>
					</creator>
					<subjectClass code="ma00"/>
				</biblioData>
			</front>
			<text>
				<content>
					<paragraph>
						<pTitle type="기사명">學生運動의 政治鬪爭에로의 轉向 (학생운동의 정치투쟁에로의 전향)</pTitle>
						<name role="필자">南宮虛</name>
					</paragraph>
				</content>
			</text>
		</level3>
		<level3 id="ma_080_0010_0060">
			<front>
				<biblioData>
					<title>
						<mainTitle>學生鬪爭에 關한 組織을 論함</mainTitle>
						<alternative lang="kor">학생투쟁에 관한 조직을 론함</alternative>
					</title>
					<creator>
						<author>
							<name>金世耕</name>
							<name lang="kor">김세경</name>
						</author>
					</creator>
					<subjectClass code="ma00"/>
				</biblioData>
			</front>
			<text>
				<content>
					<paragraph>
						<pTitle type="기사명">學生鬪爭에 關한 組織을 論함 (학생투쟁에 관한 조직을 론함)</pTitle>
						<name role="필자">金世耕</name>
					</paragraph>
				</content>
			</text>
		</level3>
		<level3 id="ma_080_0010_0070">
			<front>
				<biblioData>
					<title>
						<mainTitle>絶對的 眞理와 客觀的 眞理</mainTitle>
						<alternative lang="kor">절대적 진리와 객관적 진리</alternative>
					</title>
					<creator>
						<author>
							<name>TK生</name>
							<name lang="kor">TK생</name>
						</author>
					</creator>
					<subjectClass code="ma00"/>
				</biblioData>
			</front>
			<text>
				<content>
					<paragraph>
						<pTitle type="기사명">絶對的 眞理와 客觀的 眞理 (절대적 진리와 객관적 진리)</pTitle>
						<name role="필자">TK生</name>
					</paragraph>
				</content>
			</text>
		</level3>
		<level3 id="ma_080_0010_0080">
			<front>
				<biblioData>
					<title>
						<mainTitle>辨證法 唯物論</mainTitle>
						<alternative lang="kor">변증법 유물론</alternative>
					</title>
					<creator>
						<author>
							<name>MT</name>
							<name lang="kor">MT</name>
						</author>
					</creator>
					<subjectClass code="ma00"/>
				</biblioData>
			</front>
			<text>
				<content>
					<paragraph>
						<pTitle type="기사명">辨證法 唯物論 (변증법 유물론)</pTitle>
						<name role="필자">MT</name>
					</paragraph>
				</content>
			</text>
		</level3>
		<level3 id="ma_080_0010_0090">
			<front>
				<biblioData>
					<title>
						<mainTitle>宗敎表象에 對한 맑쓰主義的 批判</mainTitle>
						<alternative lang="kor">종교표상에 대한 맑쓰주의적 비판</alternative>
					</title>
					<creator>
						<author>
							<name>高崚</name>
							<name lang="kor">고릉</name>
						</author>
					</creator>
					<subjectClass code="ma00"/>
				</biblioData>
			</front>
			<text>
				<content>
					<paragraph>
						<pTitle type="기사명">宗敎表象에 對한 맑쓰主義的 批判 (종교표상에 대한 맑쓰주의적 비판)</pTitle>
						<name role="필자">高崚</name>
					</paragraph>
				</content>
			</text>
		</level3>
		<level3 id="ma_080_0010_0100">
			<front>
				<biblioData>
					<title>
						<mainTitle>우리 當面任務에 關하야</mainTitle>
						<alternative lang="kor">우리 당면임무에 관하야</alternative>
					</title>
					<creator>
						<author>
							<name>黃河一</name>
							<name lang="kor">황하일</name>
						</author>
					</creator>
					<subjectClass code="ma00"/>
				</biblioData>
			</front>
			<text>
				<content>
					<paragraph>
						<pTitle type="기사명">우리 當面任務에 關하야 (우리 당면임무에 관하야)</pTitle>
						<name role="필자">黃河一</name>
					</paragraph>
				</content>
			</text>
		</level3>
		<level3 id="ma_080_0010_0110">
			<front>
				<biblioData>
					<title>
						<mainTitle>現敎育에 對한 不平</mainTitle>
						<alternative lang="kor">현교육에 대한 불평</alternative>
					</title>
					<creator>
						<author>
							<name>海星</name>
							<name lang="kor">해성</name>
						</author>
					</creator>
					<subjectClass code="ma00"/>
				</biblioData>
			</front>
			<text>
				<content>
					<paragraph>
						<pTitle type="기사명">現敎育에 對한 不平 (현교육에 대한 불평)</pTitle>
						<name role="필자">海星</name>
					</paragraph>
				</content>
			</text>
		</level3>
		<level3 id="ma_080_0010_0120">
			<front>
				<biblioData>
					<title>
						<mainTitle>學生과 現實問題</mainTitle>
						<alternative lang="kor">학생과 현실문제</alternative>
					</title>
					<creator>
						<author>
							<name>鄭致彦</name>
							<name lang="kor">정치언</name>
						</author>
					</creator>
					<subjectClass code="ma00"/>
				</biblioData>
			</front>
			<text>
				<content>
					<paragraph>
						<pTitle type="기사명">學生과 現實問題 (학생과 현실문제)</pTitle>
						<name role="필자">鄭致彦</name>
					</paragraph>
				</content>
			</text>
		</level3>
		<level3 id="ma_080_0010_0130">
			<front>
				<biblioData>
					<title>
						<mainTitle>우리 知識階級의 猛省을 促하노라</mainTitle>
						<alternative lang="kor">우리 지식계급의 맹성을 촉하노라</alternative>
					</title>
					<creator>
						<author>
							<name>GKR</name>
							<name lang="kor">GKR</name>
						</author>
					</creator>
					<subjectClass code="ma00"/>
				</biblioData>
			</front>
			<text>
				<content>
					<paragraph>
						<pTitle type="기사명">우리 知識階級의 猛省을 促하노라 (우리 지식계급의 맹성을 촉하노라)</pTitle>
						<name role="필자">GKR</name>
					</paragraph>
				</content>
			</text>
		</level3>
		<level3 id="ma_080_0010_0140">
			<front>
				<biblioData>
					<title>
						<mainTitle>編輯餘言</mainTitle>
						<alternative lang="kor">편집여언</alternative>
					</title>
					<subjectClass code="ma00"/>
				</biblioData>
			</front>
			<text>
				<content>
					<paragraph>
						<pTitle type="기사명">編輯餘言 (편집여언)</pTitle>
					</paragraph>
				</content>
			</text>
		</level3>
	</level2>
</level1>
