<?xml version="1.0" encoding="UTF-8"?>
<!DOCTYPE level1 SYSTEM "history.dtd">
<level1 id="ma_090">
	<front>
		<biblioData type="목차제공잡지">
			<title>
				<mainTitle>청년조선</mainTitle>
			</title>
			<binderPeriod begin="1934-01-00" end="1934-01-00"/>
		</biblioData>
	</front>
	<level2 id="ma_090_0010">
		<front>
			<biblioData>
				<title>
					<mainTitle volume="제1호">청년조선 제1호</mainTitle>
				</title>
				<publication>
					<publisher/>
					<dateIssued date="1934-10-01">1934년 10월 1일</dateIssued>
				</publication>
			</biblioData>
			<illustGroup>
				<illustration begin="ma_090_0010_0001" end="ma_090_0010_0160"/>
			</illustGroup>
		</front>
		<level3 id="ma_090_0010_0010">
			<front>
				<biblioData>
					<title>
						<mainTitle>科學性 擁護에 立하야</mainTitle>
						<alternative lang="kor">과학성 옹호에 립하야</alternative>
					</title>
					<subjectClass code="ma00"/>
				</biblioData>
				<illustGroup>
					<illustration begin="ma_090_0010_0009" end="ma_090_0010_0009"/>
				</illustGroup>
			</front>
			<text>
				<content>
					<paragraph>
						<pTitle type="기사명">科學性 擁護에 立하야 (과학성 옹호에 립하야)</pTitle>
					</paragraph>
				</content>
			</text>
		</level3>
		<level3 id="ma_090_0010_0020">
			<front>
				<biblioData>
					<title>
						<mainTitle>朝鮮硏究의 方法論</mainTitle>
						<alternative lang="kor">조선연구의 방법론</alternative>
					</title>
					<creator>
						<author>
							<name>申南澈</name>
							<name lang="kor">신남철</name>
						</author>
					</creator>
					<subjectClass code="ma00"/>
				</biblioData>
				<illustGroup>
					<illustration begin="ma_090_0010_0016" end="ma_090_0010_0024"/>
				</illustGroup>
			</front>
			<text>
				<content>
					<paragraph>
						<pTitle type="기사명">朝鮮硏究의 方法論 (조선연구의 방법론)</pTitle>
						<name role="필자">申南澈</name>
					</paragraph>
				</content>
			</text>
		</level3>
		<level3 id="ma_090_0010_0030">
			<front>
				<biblioData>
					<title>
						<mainTitle>東洋學史論</mainTitle>
						<alternative lang="kor">동양학사론</alternative>
					</title>
					<creator>
						<author>
							<name>金永鎭</name>
							<name lang="kor">김영진</name>
						</author>
					</creator>
					<subjectClass code="ma00"/>
				</biblioData>
				<illustGroup>
					<illustration begin="ma_090_0010_0025" end="ma_090_0010_0032"/>
				</illustGroup>
			</front>
			<text>
				<content>
					<paragraph>
						<pTitle type="기사명">東洋學史論 (동양학사론)</pTitle>
						<name role="필자">金永鎭</name>
					</paragraph>
				</content>
			</text>
		</level3>
		<level3 id="ma_090_0010_0040">
			<front>
				<biblioData>
					<title>
						<mainTitle>蔣介石政權의 中華民國은 어디로 가나?</mainTitle>
						<alternative lang="kor">장개석정권의 중화민국은 어디로 가나?</alternative>
					</title>
					<creator>
						<author>
							<name>安千民</name>
							<name lang="kor">안천민</name>
						</author>
					</creator>
					<subjectClass code="ma00"/>
				</biblioData>
				<illustGroup>
					<illustration begin="ma_090_0010_0033" end="ma_090_0010_0035"/>
				</illustGroup>
			</front>
			<text>
				<content>
					<paragraph>
						<pTitle type="기사명">蔣介石政權의 中華民國은 어디로 가나? (장개석정권의 중화민국은 어디로 가나?)</pTitle>
						<name role="필자">安千民</name>
					</paragraph>
				</content>
			</text>
		</level3>
		<level3 id="ma_090_0010_0050">
			<front>
				<biblioData>
					<title>
						<mainTitle>全米에 擴大되는 勞資爭議</mainTitle>
						<alternative lang="kor">전미에 확대되는 로자쟁의</alternative>
					</title>
					<creator>
						<author>
							<name>韓普容</name>
							<name lang="kor">한보용</name>
						</author>
					</creator>
					<subjectClass code="ma00"/>
				</biblioData>
				<illustGroup>
					<illustration begin="ma_090_0010_0036" end="ma_090_0010_0041"/>
				</illustGroup>
			</front>
			<text>
				<content>
					<paragraph>
						<pTitle type="기사명">全米에 擴大되는 勞資爭議 (전미에 확대되는 로자쟁의)</pTitle>
						<name role="필자">韓普容</name>
					</paragraph>
				</content>
			</text>
		</level3>
		<level3 id="ma_090_0010_0060">
			<front>
				<biblioData>
					<title>
						<mainTitle>歐羅巴의 危局과 옷토오太公</mainTitle>
						<alternative lang="kor">구라파의 위국과 옷토오태공</alternative>
					</title>
					<subjectClass code="ma00"/>
				</biblioData>
				<illustGroup>
					<illustration begin="ma_090_0010_0049" end="ma_090_0010_0051"/>
				</illustGroup>
			</front>
			<text>
				<content>
					<paragraph>
						<pTitle type="기사명">歐羅巴의 危局과 옷토오太公 (구라파의 위국과 옷토오태공)</pTitle>
					</paragraph>
				</content>
			</text>
		</level3>
		<level3 id="ma_090_0010_0070">
			<front>
				<biblioData>
					<title>
						<mainTitle>朝鮮農民의 常識</mainTitle>
						<alternative lang="kor">조선농민의 상식</alternative>
					</title>
					<creator>
						<author>
							<name>李秀一</name>
							<name lang="kor">이수일</name>
						</author>
					</creator>
					<subjectClass code="ma00"/>
				</biblioData>
				<illustGroup>
					<illustration begin="ma_090_0010_0073" end="ma_090_0010_0077"/>
				</illustGroup>
			</front>
			<text>
				<content>
					<paragraph>
						<pTitle type="기사명">朝鮮農民의 常識 (조선농민의 상식)</pTitle>
						<name role="필자">李秀一</name>
					</paragraph>
				</content>
			</text>
		</level3>
		<level3 id="ma_090_0010_0080">
			<front>
				<biblioData>
					<title>
						<mainTitle>不景氣란 웨 생기는 것인가?</mainTitle>
						<alternative lang="kor">불경기란 웨 생기는 것인가?</alternative>
					</title>
					<creator>
						<author>
							<name>鄭大羽</name>
							<name lang="kor">정대우</name>
						</author>
					</creator>
					<subjectClass code="ma00"/>
				</biblioData>
				<illustGroup>
					<illustration begin="ma_090_0010_0078" end="ma_090_0010_0081"/>
				</illustGroup>
			</front>
			<text>
				<content>
					<paragraph>
						<pTitle type="기사명">不景氣란 웨 생기는 것인가? (불경기란 웨 생기는 것인가?)</pTitle>
						<name role="필자">鄭大羽</name>
					</paragraph>
				</content>
			</text>
		</level3>
		<level3 id="ma_090_0010_0090">
			<front>
				<biblioData>
					<title>
						<mainTitle>靑年朝鮮의 出發</mainTitle>
						<alternative lang="kor">청년조선의 출발</alternative>
					</title>
					<creator>
						<author>
							<name>金八峰</name>
							<name lang="kor">김팔봉</name>
						</author>
					</creator>
					<subjectClass code="ma00"/>
				</biblioData>
				<illustGroup>
					<illustration begin="ma_090_0010_0091" end="ma_090_0010_0094"/>
				</illustGroup>
			</front>
			<text>
				<content>
					<paragraph>
						<pTitle type="기사명">靑年朝鮮의 出發 (청년조선의 출발)</pTitle>
						<name role="필자">金八峰</name>
					</paragraph>
				</content>
			</text>
		</level3>
		<level3 id="ma_090_0010_0100">
			<front>
				<biblioData>
					<title>
						<mainTitle>文藝時評</mainTitle>
						<alternative lang="kor">문예시평</alternative>
					</title>
					<creator>
						<author>
							<name>民村生</name>
							<name lang="kor">민촌생</name>
						</author>
					</creator>
					<subjectClass code="ma00"/>
				</biblioData>
				<illustGroup>
					<illustration begin="ma_090_0010_0095" end="ma_090_0010_0100"/>
				</illustGroup>
			</front>
			<text>
				<content>
					<paragraph>
						<pTitle type="기사명">文藝時評 (문예시평)</pTitle>
						<name role="필자">民村生</name>
					</paragraph>
				</content>
			</text>
		</level3>
		<level3 id="ma_090_0010_0110">
			<front>
				<biblioData>
					<title>
						<mainTitle>科學의 黨派性=歷史性</mainTitle>
						<alternative lang="kor">과학의 당파성=력사성</alternative>
					</title>
					<creator>
						<author>
							<name>金洸鎭</name>
							<name lang="kor">김광진</name>
						</author>
					</creator>
					<subjectClass code="ma00"/>
				</biblioData>
				<illustGroup>
					<illustration begin="ma_090_0010_0010" end="ma_090_0010_0015"/>
				</illustGroup>
			</front>
			<text>
				<content>
					<paragraph>
						<pTitle type="기사명">科學의 黨派性=歷史性 (과학의 당파성=력사성)</pTitle>
						<name role="필자">金洸鎭</name>
					</paragraph>
				</content>
			</text>
		</level3>
		<level3 id="ma_090_0010_0120">
			<front>
				<biblioData>
					<title>
						<mainTitle>列强의 海軍과 그들의 假想敵國</mainTitle>
						<alternative lang="kor">렬강의 해군과 그들의 가상적국</alternative>
					</title>
					<subjectClass code="ma00"/>
				</biblioData>
				<illustGroup>
					<illustration begin="ma_090_0010_0055" end="ma_090_0010_0058"/>
				</illustGroup>
			</front>
			<text>
				<content>
					<paragraph>
						<pTitle type="기사명">列强의 海軍과 그들의 假想敵國 (렬강의 해군과 그들의 가상적국)</pTitle>
					</paragraph>
				</content>
			</text>
		</level3>
		<level3 id="ma_090_0010_0130">
			<front>
				<biblioData>
					<title>
						<mainTitle>砲臺는 如何히 軍艦을 射擊하는가?</mainTitle>
						<alternative lang="kor">포대는 여하히 군함을 사격하는가?</alternative>
					</title>
					<subjectClass code="ma00"/>
				</biblioData>
				<illustGroup>
					<illustration begin="ma_090_0010_0052" end="ma_090_0010_0054"/>
				</illustGroup>
			</front>
			<text>
				<content>
					<paragraph>
						<pTitle type="기사명">砲臺는 如何히 軍艦을 射擊하는가? (포대는 여하히 군함을 사격하는가?)</pTitle>
					</paragraph>
				</content>
			</text>
		</level3>
		<level3 id="ma_090_0010_0140">
			<front>
				<biblioData>
					<title>
						<mainTitle>露滿國境要衝 자바이칼</mainTitle>
						<alternative lang="kor">로만국경요충 자바이칼</alternative>
					</title>
					<subjectClass code="ma00"/>
				</biblioData>
				<illustGroup>
					<illustration begin="ma_090_0010_0042" end="ma_090_0010_0044"/>
				</illustGroup>
			</front>
			<text>
				<content>
					<paragraph>
						<pTitle type="기사명">露滿國境要衝 자바이칼 (로만국경요충 자바이칼)</pTitle>
					</paragraph>
				</content>
			</text>
		</level3>
		<level3 id="ma_090_0010_0150">
			<front>
				<biblioData>
					<title>
						<mainTitle>歐羅巴의 癌腫 자알地方</mainTitle>
						<alternative lang="kor">구라파의 암종 자알지방</alternative>
					</title>
					<subjectClass code="ma00"/>
				</biblioData>
				<illustGroup>
					<illustration begin="ma_090_0010_0045" end="ma_090_0010_0046"/>
				</illustGroup>
			</front>
			<text>
				<content>
					<paragraph>
						<pTitle type="기사명">歐羅巴의 癌腫 자알地方 (구라파의 암종 자알지방)</pTitle>
					</paragraph>
				</content>
			</text>
		</level3>
		<level3 id="ma_090_0010_0160">
			<front>
				<biblioData>
					<title>
						<mainTitle>白系露人의 巢窟 三河一帶</mainTitle>
						<alternative lang="kor">백계로인의 소굴 삼하일대</alternative>
					</title>
					<subjectClass code="ma00"/>
				</biblioData>
				<illustGroup>
					<illustration begin="ma_090_0010_0047" end="ma_090_0010_0048"/>
				</illustGroup>
			</front>
			<text>
				<content>
					<paragraph>
						<pTitle type="기사명">白系露人의 巢窟 三河一帶 (백계로인의 소굴 삼하일대)</pTitle>
					</paragraph>
				</content>
			</text>
		</level3>
		<level3 id="ma_090_0010_0170">
			<front>
				<biblioData>
					<title>
						<mainTitle>恐怖 獨逸 諸團體의 內容</mainTitle>
						<alternative lang="kor">공포 독일 제단체의 내용</alternative>
					</title>
					<subjectClass code="ma00"/>
				</biblioData>
				<illustGroup>
					<illustration begin="ma_090_0010_0090" end="ma_090_0010_0090"/>
				</illustGroup>
			</front>
			<text>
				<content>
					<paragraph>
						<pTitle type="기사명">恐怖 獨逸 諸團體의 內容 (공포 독일 제단체의 내용)</pTitle>
					</paragraph>
				</content>
			</text>
		</level3>
		<level3 id="ma_090_0010_0180">
			<front>
				<biblioData>
					<title>
						<mainTitle>나치스黨 內訌 七月 쿠테타의 眞相</mainTitle>
						<alternative lang="kor">나치스당 내홍 칠월 쿠테타의 진상</alternative>
					</title>
					<subjectClass code="ma00"/>
				</biblioData>
				<illustGroup>
					<illustration begin="ma_090_0010_0082" end="ma_090_0010_0084"/>
				</illustGroup>
			</front>
			<text>
				<content>
					<paragraph>
						<pTitle type="기사명">나치스黨 內訌 七月 쿠테타의 眞相 (나치스당 내홍 칠월 쿠테타의 진상)</pTitle>
					</paragraph>
				</content>
			</text>
		</level3>
		<level3 id="ma_090_0010_0190">
			<front>
				<biblioData>
					<title>
						<mainTitle>亡命 트로츠키의 第四인터내셔날 陰謀</mainTitle>
						<alternative lang="kor">망명 트로츠키의 제사인터내셔날 음모</alternative>
					</title>
					<subjectClass code="ma00"/>
				</biblioData>
				<illustGroup>
					<illustration begin="ma_090_0010_0084" end="ma_090_0010_0086"/>
				</illustGroup>
			</front>
			<text>
				<content>
					<paragraph>
						<pTitle type="기사명">亡命 트로츠키의 第四인터내셔날 陰謀 (망명 트로츠키의 제사인터내셔날 음모)</pTitle>
					</paragraph>
				</content>
			</text>
		</level3>
		<level3 id="ma_090_0010_0200">
			<front>
				<biblioData>
					<title>
						<mainTitle>무쏘리니 히틀러의 秘密會見 傍聽記</mainTitle>
						<alternative lang="kor">무쏘리니 히틀러의 비밀회견 방청기</alternative>
					</title>
					<subjectClass code="ma00"/>
				</biblioData>
				<illustGroup>
					<illustration begin="ma_090_0010_0086" end="ma_090_0010_0088"/>
				</illustGroup>
			</front>
			<text>
				<content>
					<paragraph>
						<pTitle type="기사명">무쏘리니 히틀러의 秘密會見 傍聽記 (무쏘리니 히틀러의 비밀회견 방청기)</pTitle>
					</paragraph>
				</content>
			</text>
		</level3>
		<level3 id="ma_090_0010_0210">
			<front>
				<biblioData>
					<title>
						<mainTitle>岡田內閣組織 裏面의 秘密</mainTitle>
						<alternative lang="kor">강전내각조직 리면의 비밀</alternative>
					</title>
					<subjectClass code="ma00"/>
				</biblioData>
				<illustGroup>
					<illustration begin="ma_090_0010_0088" end="ma_090_0010_0089"/>
				</illustGroup>
			</front>
			<text>
				<content>
					<paragraph>
						<pTitle type="기사명">岡田內閣組織 裏面의 秘密 (강전내각조직 리면의 비밀)</pTitle>
					</paragraph>
				</content>
			</text>
		</level3>
		<level3 id="ma_090_0010_0220">
			<front>
				<biblioData>
					<title>
						<mainTitle>朝鮮의 表情</mainTitle>
						<alternative lang="kor">조선의 표정</alternative>
					</title>
					<subjectClass code="ma00"/>
				</biblioData>
				<illustGroup>
					<illustration begin="ma_090_0010_0065" end="ma_090_0010_0072"/>
				</illustGroup>
			</front>
			<text>
				<content>
					<paragraph>
						<pTitle type="기사명">朝鮮의 表情 (조선의 표정)</pTitle>
					</paragraph>
				</content>
			</text>
		</level3>
		<level3 id="ma_090_0010_0230">
			<front>
				<biblioData>
					<title>
						<mainTitle>世界의 動靜</mainTitle>
						<alternative lang="kor">세계의 동정</alternative>
					</title>
					<subjectClass code="ma00"/>
				</biblioData>
				<illustGroup>
					<illustration begin="ma_090_0010_0059" end="ma_090_0010_0064"/>
				</illustGroup>
			</front>
			<text>
				<content>
					<paragraph>
						<pTitle type="기사명">世界의 動靜 (세계의 동정)</pTitle>
					</paragraph>
				</content>
			</text>
		</level3>
		<level3 id="ma_090_0010_0240">
			<front>
				<biblioData>
					<title>
						<mainTitle>米國人의 旅行調査</mainTitle>
						<alternative lang="kor">미국인의 려행조사</alternative>
					</title>
					<subjectClass code="ma00"/>
				</biblioData>
				<illustGroup>
					<illustration begin="ma_090_0010_0077" end="ma_090_0010_0077"/>
				</illustGroup>
			</front>
			<text>
				<content>
					<paragraph>
						<pTitle type="기사명">米國人의 旅行調査 (미국인의 려행조사)</pTitle>
					</paragraph>
				</content>
			</text>
		</level3>
		<level3 id="ma_090_0010_0250">
			<front>
				<biblioData>
					<title>
						<mainTitle>蘇聯作家同盟規約</mainTitle>
						<alternative lang="kor">소련작가동맹규약</alternative>
					</title>
					<subjectClass code="ma00"/>
				</biblioData>
				<illustGroup>
					<illustration begin="ma_090_0010_0101" end="ma_090_0010_0104"/>
				</illustGroup>
			</front>
			<text>
				<content>
					<paragraph>
						<pTitle type="기사명">蘇聯作家同盟規約 (소련작가동맹규약)</pTitle>
					</paragraph>
				</content>
			</text>
		</level3>
		<level3 id="ma_090_0010_0260">
			<front>
				<biblioData>
					<title>
						<mainTitle>文壇안테나</mainTitle>
						<alternative lang="kor">문단안테나</alternative>
					</title>
					<subjectClass code="ma00"/>
				</biblioData>
				<illustGroup>
					<illustration begin="ma_090_0010_0123" end="ma_090_0010_0124"/>
				</illustGroup>
			</front>
			<text>
				<content>
					<paragraph>
						<pTitle type="기사명">文壇안테나 (문단안테나)</pTitle>
					</paragraph>
				</content>
			</text>
		</level3>
		<level3 id="ma_090_0010_0270">
			<front>
				<biblioData>
					<title>
						<mainTitle>愁愁堂亂藁</mainTitle>
						<alternative lang="kor">수수당란고</alternative>
					</title>
					<creator>
						<author>
							<name>鷺山</name>
							<name lang="kor">로산</name>
						</author>
					</creator>
					<subjectClass code="ma00"/>
				</biblioData>
				<illustGroup>
					<illustration begin="ma_090_0010_0116" end="ma_090_0010_0118"/>
				</illustGroup>
			</front>
			<text>
				<content>
					<paragraph>
						<pTitle type="기사명">愁愁堂亂藁 (수수당란고)</pTitle>
						<name role="필자">鷺山</name>
					</paragraph>
				</content>
			</text>
		</level3>
		<level3 id="ma_090_0010_0280">
			<front>
				<biblioData>
					<title>
						<mainTitle>芭蕉</mainTitle>
						<alternative lang="kor">파초</alternative>
					</title>
					<creator>
						<author>
							<name>李泰俊</name>
							<name lang="kor">이태준</name>
						</author>
					</creator>
					<subjectClass code="ma00"/>
				</biblioData>
				<illustGroup>
					<illustration begin="ma_090_0010_0119" end="ma_090_0010_0120"/>
				</illustGroup>
			</front>
			<text>
				<content>
					<paragraph>
						<pTitle type="기사명">芭蕉 (파초)</pTitle>
						<name role="필자">李泰俊</name>
					</paragraph>
				</content>
			</text>
		</level3>
		<level3 id="ma_090_0010_0290">
			<front>
				<biblioData>
					<title>
						<mainTitle>小說 同情</mainTitle>
						<alternative lang="kor">소설 동정</alternative>
					</title>
					<creator>
						<author>
							<name>姜敬愛</name>
							<name lang="kor">강경애</name>
						</author>
					</creator>
					<subjectClass code="ma00"/>
				</biblioData>
				<illustGroup>
					<illustration begin="ma_090_0010_0125" end="ma_090_0010_0131"/>
				</illustGroup>
			</front>
			<text>
				<content>
					<paragraph>
						<pTitle type="기사명">小說 同情 (소설 동정)</pTitle>
						<name role="필자">姜敬愛</name>
					</paragraph>
				</content>
			</text>
		</level3>
		<level3 id="ma_090_0010_0300">
			<front>
				<biblioData>
					<title>
						<mainTitle>순섭달</mainTitle>
						<alternative lang="kor">순섭달</alternative>
					</title>
					<creator>
						<author>
							<name>鷺峯生</name>
							<name lang="kor">로봉생</name>
						</author>
					</creator>
					<subjectClass code="ma00"/>
				</biblioData>
				<illustGroup>
					<illustration begin="ma_090_0010_0132" end="ma_090_0010_0139"/>
				</illustGroup>
			</front>
			<text>
				<content>
					<paragraph>
						<pTitle type="기사명">순섭달 (순섭달)</pTitle>
						<name role="필자">鷺峯生</name>
					</paragraph>
				</content>
			</text>
		</level3>
		<level3 id="ma_090_0010_0310">
			<front>
				<biblioData>
					<title>
						<mainTitle>좀먹는 斷層</mainTitle>
						<alternative lang="kor">좀먹는 단층</alternative>
					</title>
					<creator>
						<author>
							<name>嚴興燮</name>
							<name lang="kor">엄흥섭</name>
						</author>
					</creator>
					<subjectClass code="ma00"/>
				</biblioData>
				<illustGroup>
					<illustration begin="ma_090_0010_0140" end="ma_090_0010_0151"/>
				</illustGroup>
			</front>
			<text>
				<content>
					<paragraph>
						<pTitle type="기사명">좀먹는 斷層 (좀먹는 단층)</pTitle>
						<name role="필자">嚴興燮</name>
					</paragraph>
				</content>
			</text>
		</level3>
		<level3 id="ma_090_0010_0320">
			<front>
				<biblioData>
					<title>
						<mainTitle>남생이와 병아리</mainTitle>
						<alternative lang="kor">남생이와 병아리</alternative>
					</title>
					<creator>
						<author>
							<name>李箕永</name>
							<name lang="kor">이기영</name>
						</author>
					</creator>
					<subjectClass code="ma00"/>
				</biblioData>
				<illustGroup>
					<illustration begin="ma_090_0010_0152" end="ma_090_0010_0155"/>
				</illustGroup>
			</front>
			<text>
				<content>
					<paragraph>
						<pTitle type="기사명">남생이와 병아리 (남생이와 병아리)</pTitle>
						<name role="필자">李箕永</name>
					</paragraph>
				</content>
			</text>
		</level3>
		<level3 id="ma_090_0010_0330">
			<front>
				<biblioData>
					<title>
						<mainTitle>闇黑의 精神(未定稿)</mainTitle>
						<alternative lang="kor">암흑의 정신(미정고)</alternative>
					</title>
					<creator>
						<author>
							<name>林和</name>
							<name lang="kor">임화</name>
						</author>
					</creator>
					<subjectClass code="ma00"/>
				</biblioData>
				<illustGroup>
					<illustration begin="ma_090_0010_0105" end="ma_090_0010_0109"/>
				</illustGroup>
			</front>
			<text>
				<content>
					<paragraph>
						<pTitle type="기사명">闇黑의 精神(未定稿) (암흑의 정신(미정고))</pTitle>
						<name role="필자">林和</name>
					</paragraph>
				</content>
			</text>
		</level3>
		<level3 id="ma_090_0010_0340">
			<front>
				<biblioData>
					<title>
						<mainTitle>비오는 날 會館앞에서</mainTitle>
						<alternative lang="kor">비오는 날 회관앞에서</alternative>
					</title>
					<creator>
						<author>
							<name>팔봉</name>
							<name lang="kor">팔봉</name>
						</author>
					</creator>
					<subjectClass code="ma00"/>
				</biblioData>
				<illustGroup>
					<illustration begin="ma_090_0010_0110" end="ma_090_0010_0112"/>
				</illustGroup>
			</front>
			<text>
				<content>
					<paragraph>
						<pTitle type="기사명">비오는 날 會館앞에서 (비오는 날 회관앞에서)</pTitle>
						<name role="필자">팔봉</name>
					</paragraph>
				</content>
			</text>
		</level3>
		<level3 id="ma_090_0010_0350">
			<front>
				<biblioData>
					<title>
						<mainTitle>秋風引</mainTitle>
						<alternative lang="kor">추풍인</alternative>
					</title>
					<creator>
						<author>
							<name>주요한</name>
							<name lang="kor">주요한</name>
						</author>
					</creator>
					<subjectClass code="ma00"/>
				</biblioData>
				<illustGroup>
					<illustration begin="ma_090_0010_0113" end="ma_090_0010_0115"/>
				</illustGroup>
			</front>
			<text>
				<content>
					<paragraph>
						<pTitle type="기사명">秋風引 (추풍인)</pTitle>
						<name role="필자">주요한</name>
					</paragraph>
				</content>
			</text>
		</level3>
		<level3 id="ma_090_0010_0360">
			<front>
				<biblioData>
					<title>
						<mainTitle>蒼穹 돌아선 그대를 조상함</mainTitle>
						<alternative lang="kor">창궁 돌아선 그대를 조상함</alternative>
					</title>
					<creator>
						<author>
							<name>朴芽枝</name>
							<name lang="kor">박아지</name>
						</author>
					</creator>
					<subjectClass code="ma00"/>
				</biblioData>
				<illustGroup>
					<illustration begin="ma_090_0010_0121" end="ma_090_0010_0121"/>
				</illustGroup>
			</front>
			<text>
				<content>
					<paragraph>
						<pTitle type="기사명">蒼穹 돌아선 그대를 조상함 (창궁 돌아선 그대를 조상함)</pTitle>
						<name role="필자">朴芽枝</name>
					</paragraph>
				</content>
			</text>
		</level3>
		<level3 id="ma_090_0010_0370">
			<front>
				<biblioData>
					<title>
						<mainTitle>浦口에 선 玉아</mainTitle>
						<alternative lang="kor">포구에 선 옥아</alternative>
					</title>
					<creator>
						<author>
							<name>張轍</name>
							<name lang="kor">장철</name>
						</author>
					</creator>
					<subjectClass code="ma00"/>
				</biblioData>
				<illustGroup>
					<illustration begin="ma_090_0010_0122" end="ma_090_0010_0122"/>
				</illustGroup>
			</front>
			<text>
				<content>
					<paragraph>
						<pTitle type="기사명">浦口에 선 玉아 (포구에 선 옥아)</pTitle>
						<name role="필자">張轍</name>
					</paragraph>
				</content>
			</text>
		</level3>
		<level3 id="ma_090_0010_0380">
			<front>
				<biblioData>
					<title>
						<mainTitle>編輯後記</mainTitle>
						<alternative lang="kor">편집후기</alternative>
					</title>
					<subjectClass code="ma00"/>
				</biblioData>
				<illustGroup>
					<illustration begin="ma_090_0010_0156" end="ma_090_0010_0160"/>
				</illustGroup>
			</front>
			<text>
				<content>
					<paragraph>
						<pTitle type="기사명">編輯後記 (편집후기)</pTitle>
					</paragraph>
				</content>
			</text>
		</level3>
	</level2>
</level1>
