<?xml version="1.0" encoding="UTF-8"?>
<!DOCTYPE level1 SYSTEM "history.dtd">
<level1 id="ma_038">
	<front>
		<biblioData type="목차제공잡지">
			<title>
				<mainTitle>민중조선</mainTitle>
			</title>
			<binderPeriod begin="1945-11-30" end="1945-00-00"/>
		</biblioData>
	</front>
	<level2 id="ma_038_0010">
		<front>
			<biblioData>
				<title>
					<mainTitle volume="1945년 11월(통권 1호, 제1권 제1호)">민중조선 1945년 11월(권 1호, 제1권 제1호)</mainTitle>
				</title>
				<publication>
					<publisher/>
					<dateIssued date="1945-11-30">1945년 11월 30일</dateIssued>
				</publication>
			</biblioData>
			<illustGroup>
				<illustration begin="ma_038_0010_0001" end="ma_038_0010_0108"/>
			</illustGroup>
		</front>
		<level3 id="ma_038_0010_0010">
			<front>
				<biblioData>
					<title>
						<mainTitle>(創刊詞)</mainTitle>
						<alternative lang="kor">(창간사)</alternative>
					</title>
					<subjectClass code="ma00"/>
				</biblioData>
				<illustGroup>
					<illustration begin="ma_038_0010_0008" end="ma_038_0010_0009"/>
				</illustGroup>
			</front>
			<text>
				<content>
					<paragraph>
						<pTitle type="기사명">(創刊詞) ((창간사))</pTitle>
					</paragraph>
				</content>
			</text>
		</level3>
		<level3 id="ma_038_0010_0020">
			<front>
				<biblioData>
					<title>
						<mainTitle>農村에서 일하는 사람들에게</mainTitle>
						<alternative lang="kor">농촌에서 일하는 사람들에게</alternative>
					</title>
					<creator>
						<author>
							<name>朱浩</name>
							<name lang="kor">주호</name>
						</author>
					</creator>
					<subjectClass code="ma00"/>
				</biblioData>
				<illustGroup>
					<illustration begin="ma_038_0010_0017" end="ma_038_0010_0020"/>
				</illustGroup>
			</front>
			<text>
				<content>
					<paragraph>
						<pTitle type="기사명">農村에서 일하는 사람들에게 (농촌에서 일하는 사람들에게)</pTitle>
						<name role="필자">朱浩</name>
					</paragraph>
				</content>
			</text>
		</level3>
		<level3 id="ma_038_0010_0030">
			<front>
				<biblioData>
					<title>
						<mainTitle>蘇聯의 勞動組合</mainTitle>
						<alternative lang="kor">소련의 노동조합</alternative>
					</title>
					<creator>
						<author>
							<name>林炳讚</name>
							<name lang="kor">림병찬</name>
						</author>
					</creator>
					<subjectClass code="ma00"/>
				</biblioData>
				<illustGroup>
					<illustration begin="ma_038_0010_0088" end="ma_038_0010_0099"/>
				</illustGroup>
			</front>
			<text>
				<content>
					<paragraph>
						<pTitle type="기사명">蘇聯의 勞動組合 (소련의 노동조합)</pTitle>
						<name role="필자">林炳讚</name>
					</paragraph>
				</content>
			</text>
		</level3>
		<level3 id="ma_038_0010_0040">
			<front>
				<biblioData>
					<title>
						<mainTitle>朝鮮 農村에 關한 數字的 考察</mainTitle>
						<alternative lang="kor">조선 농촌에 관한 수자적 고찰</alternative>
					</title>
					<creator>
						<author>
							<name>羅承表</name>
							<name lang="kor">나승표</name>
						</author>
					</creator>
					<subjectClass code="ma00"/>
				</biblioData>
				<illustGroup>
					<illustration begin="ma_038_0010_0021" end="ma_038_0010_0030"/>
				</illustGroup>
			</front>
			<text>
				<content>
					<paragraph>
						<pTitle type="기사명">朝鮮 農村에 關한 數字的 考察 (조선 농촌에 관한 수자적 고찰)</pTitle>
						<name role="필자">羅承表</name>
					</paragraph>
				</content>
			</text>
		</level3>
		<level3 id="ma_038_0010_0050">
			<front>
				<biblioData>
					<title>
						<mainTitle>朝鮮語學會의 任務</mainTitle>
						<alternative lang="kor">조선어학회의 임무</alternative>
					</title>
					<creator>
						<author>
							<name>李克魯</name>
							<name lang="kor">이극로</name>
						</author>
					</creator>
					<subjectClass code="ma00"/>
				</biblioData>
				<illustGroup>
					<illustration begin="ma_038_0010_0046" end="ma_038_0010_0047"/>
				</illustGroup>
			</front>
			<text>
				<content>
					<paragraph>
						<pTitle type="기사명">朝鮮語學會의 任務 (조선어학회의 임무)</pTitle>
						<name role="필자">李克魯</name>
					</paragraph>
				</content>
			</text>
		</level3>
		<level3 id="ma_038_0010_0060">
			<front>
				<biblioData>
					<title>
						<mainTitle>日本 帝國主義 政治의 延長, 우리의 外上行動과 朝鮮軍政의 形態</mainTitle>
						<alternative lang="kor">일본 제국주의 정치의 연장, 우리의 외상행동과 조선군정의 </alternative>
					</title>
					<creator>
						<author>
							<name>裵成龍</name>
							<name lang="kor">배성룡</name>
						</author>
					</creator>
					<subjectClass code="ma00"/>
				</biblioData>
				<illustGroup>
					<illustration begin="ma_038_0010_0048" end="ma_038_0010_0050"/>
				</illustGroup>
			</front>
			<text>
				<content>
					<paragraph>
						<pTitle type="기사명">日本 帝國主義 政治의 延長, 우리의 外上行動과 朝鮮軍政의 形態 (일본 제국주의 정치의 연장, 우리의 외상행동과 조선군정의 )</pTitle>
						<name role="필자">裵成龍</name>
					</paragraph>
				</content>
			</text>
		</level3>
		<level3 id="ma_038_0010_0070">
			<front>
				<biblioData>
					<title>
						<mainTitle>追悼 被虐殺同胞</mainTitle>
						<alternative lang="kor">추도 피학살동포</alternative>
					</title>
					<creator>
						<author>
							<name>(前衛社)辛武大</name>
							<name lang="kor">(전위사)신무대</name>
						</author>
					</creator>
					<subjectClass code="ma00"/>
				</biblioData>
				<illustGroup>
					<illustration begin="ma_038_0010_0039" end="ma_038_0010_0041"/>
				</illustGroup>
			</front>
			<text>
				<content>
					<paragraph>
						<pTitle type="기사명">追悼 被虐殺同胞 (추도 피학살동포)</pTitle>
						<name role="필자">(前衛社)辛武大</name>
					</paragraph>
				</content>
			</text>
		</level3>
		<level3 id="ma_038_0010_0080">
			<front>
				<biblioData>
					<title>
						<mainTitle>訓民正音 序文을 읽고</mainTitle>
						<alternative lang="kor">훈민정음 서문을 읽고</alternative>
					</title>
					<creator>
						<author>
							<name>方鍾鉉</name>
							<name lang="kor">방종현</name>
						</author>
					</creator>
					<subjectClass code="ma00"/>
				</biblioData>
				<illustGroup>
					<illustration begin="ma_038_0010_0042" end="ma_038_0010_0045"/>
				</illustGroup>
			</front>
			<text>
				<content>
					<paragraph>
						<pTitle type="기사명">訓民正音 序文을 읽고 (훈민정음 서문을 읽고)</pTitle>
						<name role="필자">方鍾鉉</name>
					</paragraph>
				</content>
			</text>
		</level3>
		<level3 id="ma_038_0010_0090">
			<front>
				<biblioData>
					<title>
						<mainTitle>唯物 辯證法 講話(第1講)</mainTitle>
						<alternative lang="kor">유물 변증법 강화(제1강)</alternative>
					</title>
					<creator>
						<author>
							<name>編輯室 編 譯</name>
							<name lang="kor">편집실 편 역</name>
						</author>
					</creator>
					<subjectClass code="ma00"/>
				</biblioData>
				<illustGroup>
					<illustration begin="ma_038_0010_0100" end="ma_038_0010_0108"/>
				</illustGroup>
			</front>
			<text>
				<content>
					<paragraph>
						<pTitle type="기사명">唯物 辯證法 講話(第1講) (유물 변증법 강화(제1강))</pTitle>
						<name role="필자">編輯室 編 譯</name>
					</paragraph>
				</content>
			</text>
		</level3>
		<level3 id="ma_038_0010_0100">
			<front>
				<biblioData>
					<title>
						<mainTitle>해방</mainTitle>
						<alternative lang="kor">해방</alternative>
					</title>
					<creator>
						<author>
							<name>常民</name>
							<name lang="kor">상민</name>
						</author>
					</creator>
					<subjectClass code="ma00"/>
				</biblioData>
				<illustGroup>
					<illustration begin="ma_038_0010_0031" end="ma_038_0010_0033"/>
				</illustGroup>
			</front>
			<text>
				<content>
					<paragraph>
						<pTitle type="기사명">해방 (해방)</pTitle>
						<name role="필자">常民</name>
					</paragraph>
				</content>
			</text>
		</level3>
		<level3 id="ma_038_0010_0110">
			<front>
				<biblioData>
					<title>
						<mainTitle>피리소리</mainTitle>
						<alternative lang="kor">피리소리</alternative>
					</title>
					<creator>
						<author>
							<name>(無軒)兪鎭五</name>
							<name lang="kor">(무헌)유진오</name>
						</author>
					</creator>
					<subjectClass code="ma00"/>
				</biblioData>
				<illustGroup>
					<illustration begin="ma_038_0010_0033" end="ma_038_0010_0034"/>
				</illustGroup>
			</front>
			<text>
				<content>
					<paragraph>
						<pTitle type="기사명">피리소리 (피리소리)</pTitle>
						<name role="필자">(無軒)兪鎭五</name>
					</paragraph>
				</content>
			</text>
		</level3>
		<level3 id="ma_038_0010_0120">
			<front>
				<biblioData>
					<title>
						<mainTitle>盟誓</mainTitle>
						<alternative lang="kor">맹서</alternative>
					</title>
					<creator>
						<author>
							<name>金尙勳</name>
							<name lang="kor">김상훈</name>
						</author>
					</creator>
					<subjectClass code="ma00"/>
				</biblioData>
				<illustGroup>
					<illustration begin="ma_038_0010_0034" end="ma_038_0010_0035"/>
				</illustGroup>
			</front>
			<text>
				<content>
					<paragraph>
						<pTitle type="기사명">盟誓 (맹서)</pTitle>
						<name role="필자">金尙勳</name>
					</paragraph>
				</content>
			</text>
		</level3>
		<level3 id="ma_038_0010_0130">
			<front>
				<biblioData>
					<title>
						<mainTitle>示威行列</mainTitle>
						<alternative lang="kor">시위행열</alternative>
					</title>
					<creator>
						<author>
							<name>金尙勳</name>
							<name lang="kor">김상훈</name>
						</author>
					</creator>
					<subjectClass code="ma00"/>
				</biblioData>
				<illustGroup>
					<illustration begin="ma_038_0010_0035" end="ma_038_0010_0035"/>
				</illustGroup>
			</front>
			<text>
				<content>
					<paragraph>
						<pTitle type="기사명">示威行列 (시위행열)</pTitle>
						<name role="필자">金尙勳</name>
					</paragraph>
				</content>
			</text>
		</level3>
		<level3 id="ma_038_0010_0140">
			<front>
				<biblioData>
					<title>
						<mainTitle>T에게</mainTitle>
						<alternative lang="kor">T에게</alternative>
					</title>
					<creator>
						<author>
							<name>沈肅</name>
							<name lang="kor">심숙</name>
						</author>
					</creator>
					<subjectClass code="ma00"/>
				</biblioData>
				<illustGroup>
					<illustration begin="ma_038_0010_0036" end="ma_038_0010_0037"/>
				</illustGroup>
			</front>
			<text>
				<content>
					<paragraph>
						<pTitle type="기사명">T에게 (T에게)</pTitle>
						<name role="필자">沈肅</name>
					</paragraph>
				</content>
			</text>
		</level3>
		<level3 id="ma_038_0010_0150">
			<front>
				<biblioData>
					<title>
						<mainTitle>光復頌 3篇</mainTitle>
						<alternative lang="kor">광복송 3편</alternative>
					</title>
					<creator>
						<author>
							<name>柳葉</name>
							<name lang="kor">유엽</name>
						</author>
					</creator>
					<subjectClass code="ma00"/>
				</biblioData>
				<illustGroup>
					<illustration begin="ma_038_0010_0037" end="ma_038_0010_0038"/>
				</illustGroup>
			</front>
			<text>
				<content>
					<paragraph>
						<pTitle type="기사명">光復頌 3篇 (광복송 3편)</pTitle>
						<name role="필자">柳葉</name>
					</paragraph>
				</content>
			</text>
		</level3>
		<level3 id="ma_038_0010_0160">
			<front>
				<biblioData>
					<title>
						<mainTitle>渴望(譯詩)</mainTitle>
						<alternative lang="kor">갈망(역시)</alternative>
					</title>
					<creator>
						<author>
							<name>노이만作, 沈肅 譯</name>
							<name lang="kor">노이만작, 심숙 역</name>
						</author>
					</creator>
					<subjectClass code="ma00"/>
				</biblioData>
				<illustGroup>
					<illustration begin="ma_038_0010_0067" end="ma_038_0010_0067"/>
				</illustGroup>
			</front>
			<text>
				<content>
					<paragraph>
						<pTitle type="기사명">渴望(譯詩) (갈망(역시))</pTitle>
						<name role="필자">노이만作, 沈肅 譯</name>
					</paragraph>
				</content>
			</text>
		</level3>
		<level3 id="ma_038_0010_0170">
			<front>
				<biblioData>
					<title>
						<mainTitle>科學的 社會主義와 唯物史觀</mainTitle>
						<alternative lang="kor">과학적 사회주의와 유물사관</alternative>
					</title>
					<creator>
						<author>
							<name>엥겔스作, 常民 譯</name>
							<name lang="kor">엥겔스작, 상민 역</name>
						</author>
					</creator>
					<subjectClass code="ma00"/>
				</biblioData>
				<illustGroup>
					<illustration begin="ma_038_0010_0068" end="ma_038_0010_0077"/>
				</illustGroup>
			</front>
			<text>
				<content>
					<paragraph>
						<pTitle type="기사명">科學的 社會主義와 唯物史觀 (과학적 사회주의와 유물사관)</pTitle>
						<name role="필자">엥겔스作, 常民 譯</name>
					</paragraph>
				</content>
			</text>
		</level3>
		<level3 id="ma_038_0010_0180">
			<front>
				<biblioData>
					<title>
						<mainTitle>革命 藝術과 社會主義藝術</mainTitle>
						<alternative lang="kor">혁명 예술과 사회주의예술</alternative>
					</title>
					<creator>
						<author>
							<name>레오·트로츠키이作, 玄雲史 譯</name>
							<name lang="kor">레오·트로츠키이작, 현운사 역</name>
						</author>
					</creator>
					<subjectClass code="ma00"/>
				</biblioData>
				<illustGroup>
					<illustration begin="ma_038_0010_0078" end="ma_038_0010_0085"/>
				</illustGroup>
			</front>
			<text>
				<content>
					<paragraph>
						<pTitle type="기사명">革命 藝術과 社會主義藝術 (혁명 예술과 사회주의예술)</pTitle>
						<name role="필자">레오·트로츠키이作, 玄雲史 譯</name>
					</paragraph>
				</content>
			</text>
		</level3>
		<level3 id="ma_038_0010_0190">
			<front>
				<biblioData>
					<title>
						<mainTitle>各黨 綱領一覽</mainTitle>
						<alternative lang="kor">각당 강령일람</alternative>
					</title>
					<creator>
						<author>
							<name>編輯室</name>
							<name lang="kor">편집실</name>
						</author>
					</creator>
					<subjectClass code="ma00"/>
				</biblioData>
				<illustGroup>
					<illustration begin="ma_038_0010_0013" end="ma_038_0010_0016"/>
				</illustGroup>
			</front>
			<text>
				<content>
					<paragraph>
						<pTitle type="기사명">各黨 綱領一覽 (각당 강령일람)</pTitle>
						<name role="필자">編輯室</name>
					</paragraph>
				</content>
			</text>
		</level3>
		<level3 id="ma_038_0010_0200">
			<front>
				<biblioData>
					<title>
						<mainTitle>漢文廢止運動의 陳頭에 선 崔京煥氏(探問記)</mainTitle>
						<alternative lang="kor">한문폐지운동의 진두에 선 최경환씨(탐문기)</alternative>
					</title>
					<creator>
						<author>
							<name>琢人</name>
							<name lang="kor">탁인</name>
						</author>
					</creator>
					<subjectClass code="ma00"/>
				</biblioData>
				<illustGroup>
					<illustration begin="ma_038_0010_0051" end="ma_038_0010_0053"/>
				</illustGroup>
			</front>
			<text>
				<content>
					<paragraph>
						<pTitle type="기사명">漢文廢止運動의 陳頭에 선 崔京煥氏(探問記) (한문폐지운동의 진두에 선 최경환씨(탐문기))</pTitle>
						<name role="필자">琢人</name>
					</paragraph>
				</content>
			</text>
		</level3>
		<level3 id="ma_038_0010_0210">
			<front>
				<biblioData>
					<title>
						<mainTitle>눈물로 警戒하시는 崔奎東氏(探問記)</mainTitle>
						<alternative lang="kor">눈물로 경계하시는 최규동씨(탐문기)</alternative>
					</title>
					<subjectClass code="ma00"/>
				</biblioData>
				<illustGroup>
					<illustration begin="ma_038_0010_0053" end="ma_038_0010_0055"/>
				</illustGroup>
			</front>
			<text>
				<content>
					<paragraph>
						<pTitle type="기사명">눈물로 警戒하시는 崔奎東氏(探問記) (눈물로 경계하시는 최규동씨(탐문기))</pTitle>
					</paragraph>
				</content>
			</text>
		</level3>
		<level3 id="ma_038_0010_0220">
			<front>
				<biblioData>
					<title>
						<mainTitle>學術院의 할 일을 말씀하시는 白南雲氏(探問記)</mainTitle>
						<alternative lang="kor">학술원의 할 일을 말씀하시는 백남운씨(탐문기)</alternative>
					</title>
					<subjectClass code="ma00"/>
				</biblioData>
				<illustGroup>
					<illustration begin="ma_038_0010_0055" end="ma_038_0010_0056"/>
				</illustGroup>
			</front>
			<text>
				<content>
					<paragraph>
						<pTitle type="기사명">學術院의 할 일을 말씀하시는 白南雲氏(探問記) (학술원의 할 일을 말씀하시는 백남운씨(탐문기))</pTitle>
					</paragraph>
				</content>
			</text>
		</level3>
		<level3 id="ma_038_0010_0230">
			<front>
				<biblioData>
					<title>
						<mainTitle>文學이 人民에게로 들어가야 한다 力說하는 林和氏(探訪記)</mainTitle>
						<alternative lang="kor">문학이 인민에게로 들어가야 한다 역설하는 림화씨(탐방기)</alternative>
					</title>
					<subjectClass code="ma00"/>
				</biblioData>
				<illustGroup>
					<illustration begin="ma_038_0010_0056" end="ma_038_0010_0058"/>
				</illustGroup>
			</front>
			<text>
				<content>
					<paragraph>
						<pTitle type="기사명">文學이 人民에게로 들어가야 한다 力說하는 林和氏(探訪記) (문학이 인민에게로 들어가야 한다 역설하는 림화씨(탐방기))</pTitle>
					</paragraph>
				</content>
			</text>
		</level3>
		<level3 id="ma_038_0010_0240">
			<front>
				<biblioData>
					<title>
						<mainTitle>靑年 中心으로 해간다. 國軍準備隊의 抱負(探問記)</mainTitle>
						<alternative lang="kor">청년 중심으로 해간다. 국군준비대의 포부(탐문기)</alternative>
					</title>
					<subjectClass code="ma00"/>
				</biblioData>
				<illustGroup>
					<illustration begin="ma_038_0010_0058" end="ma_038_0010_0059"/>
				</illustGroup>
			</front>
			<text>
				<content>
					<paragraph>
						<pTitle type="기사명">靑年 中心으로 해간다. 國軍準備隊의 抱負(探問記) (청년 중심으로 해간다. 국군준비대의 포부(탐문기))</pTitle>
					</paragraph>
				</content>
			</text>
		</level3>
		<level3 id="ma_038_0010_0250">
			<front>
				<biblioData>
					<title>
						<mainTitle>서울 街頭所見</mainTitle>
						<alternative lang="kor">서울 가두소견</alternative>
					</title>
					<creator>
						<author>
							<name>忙閒子</name>
							<name lang="kor">망한자</name>
						</author>
					</creator>
					<subjectClass code="ma00"/>
				</biblioData>
				<illustGroup>
					<illustration begin="ma_038_0010_0060" end="ma_038_0010_0066"/>
				</illustGroup>
			</front>
			<text>
				<content>
					<paragraph>
						<pTitle type="기사명">서울 街頭所見 (서울 가두소견)</pTitle>
						<name role="필자">忙閒子</name>
					</paragraph>
				</content>
			</text>
		</level3>
		<level3 id="ma_038_0010_0260">
			<front>
				<biblioData>
					<title>
						<mainTitle>斷頭臺</mainTitle>
						<alternative lang="kor">단두대</alternative>
					</title>
					<creator>
						<author>
							<name>霹靂士</name>
							<name lang="kor">벽력사</name>
						</author>
					</creator>
					<subjectClass code="ma00"/>
				</biblioData>
				<illustGroup>
					<illustration begin="ma_038_0010_0086" end="ma_038_0010_0087"/>
				</illustGroup>
			</front>
			<text>
				<content>
					<paragraph>
						<pTitle type="기사명">斷頭臺 (단두대)</pTitle>
						<name role="필자">霹靂士</name>
					</paragraph>
				</content>
			</text>
		</level3>
		<level3 id="ma_038_0010_0270">
			<front>
				<biblioData>
					<title>
						<mainTitle>발자취(譯詩)</mainTitle>
						<alternative lang="kor">발자취(역시)</alternative>
					</title>
					<creator>
						<author>
							<name>바레리作, 兪鎭五 譯</name>
							<name lang="kor">바레리작, 유진오 역</name>
						</author>
					</creator>
					<subjectClass code="ma00"/>
				</biblioData>
				<illustGroup>
					<illustration begin="ma_038_0010_0067" end="ma_038_0010_0067"/>
				</illustGroup>
			</front>
			<text>
				<content>
					<paragraph>
						<pTitle type="기사명">발자취(譯詩) (발자취(역시))</pTitle>
						<name role="필자">바레리作, 兪鎭五 譯</name>
					</paragraph>
				</content>
			</text>
		</level3>
		<level3 id="ma_038_0010_0280">
			<front>
				<biblioData>
					<title>
						<mainTitle>解放日誌</mainTitle>
						<alternative lang="kor">해방일지</alternative>
					</title>
					<subjectClass code="ma00"/>
				</biblioData>
				<illustGroup>
					<illustration begin="ma_038_0010_0010" end="ma_038_0010_0012"/>
				</illustGroup>
			</front>
			<text>
				<content>
					<paragraph>
						<pTitle type="기사명">解放日誌 (해방일지)</pTitle>
					</paragraph>
				</content>
			</text>
		</level3>
	</level2>
</level1>
