<?xml version="1.0" encoding="UTF-8"?>
<!DOCTYPE level1 SYSTEM "history.dtd">
<level1 id="ma_089">
	<front>
		<biblioData type="목차제공잡지">
			<title>
				<mainTitle>철필</mainTitle>
			</title>
			<binderPeriod begin="1930-07-00" end="1931-01-00"/>
		</biblioData>
		<description>
			<biblioExplanation groupID="02" groupName="일제시기 잡지 해제" id="ma_089_exp" name="철필 鐵筆">
				<content>
					<paragraph>1930년 7월 9일 철필사(鐵筆社)가 창간한 언론전문지. 1930년 7월호(1호), 8월호(2호), 9월호(3호)에 이어 1931년 1월호(4호)를 끝으로 폐간되었다. 발행 겸 편집인은 당시 중외일보 기자였던 임인식(林仁植)이었다. 1호부터 4호까지 관훈클럽 신영연구기금(信永硏究基金)에서 1992년 발행한 한국언론전문지총서 중 제2권으로 영인되어 나왔다. 잡지의 성격과 편집방향은 창간호에 철필이 '조선의 신문인, 다시 말하면 조선의 저널리스트 제군을 위하여 세상에 나온 것'(「사천여 직업동지에게 檄함」) 이라고 밝히고 있다. 창간호에는 기자 관련 기사가 다수를 차지하고 있다. 기자론(민태원, 「대기자와 명기자론」), 기자의 윤리의식(안재홍, 「신문기자 도덕에 대하여」), 신문기자 양성에 대한 각 언론사 중견들의 의견 등이 그것이다. '최초'라고 하면서 조선일보 기자시험문제와 답안도 공개하고 있어 주목을 끈다. 그 외에도 창간호에는 신문문장, 특종, 신문권위의 국제적 관계, 신문소설, 쩌널리즘과 문학, 기자들과 언론사 간부들의 동정, 오보나 호외와 관련된 기자들의 에피소드 등 풍부한 내용을 담고 있다. 그리고 기자로 활동하는 문인들의 문예작품도 수록하고 있다. 당시 저널리즘을 신문조(新聞調)라는 번역해 사용하고 있었다는 점이 눈길을 끈다(양윤식, 「新聞法律講釋」).  제2호에서는 특집으로 각 신문사의 조직을 분석하고 편집인의 비법을 공개하고 사회면, 학예면 등의 경향 등을 조사하여 각 신문의 제작방침을 분석하였다. 그 외에도 각 신문의 편집국장인상기, 신문사진반의 회고, 취재와 관련된 에피소드, 부인기자의 상호인상기, 신문사 인쇄공장, 신문기자 회고록 등을 실어 각 신문사의 구체적인 면모를 그려내었다. 제3호에서 주목할 만한 것은 해외 유명신문에 대한 탐방분석기사다(이정섭의 「뉴욕타임즈심방기」, 이세용의 「소비에트러시아의 붉은 신문」).  그 외에도 제3호에는 신문의 상품성, 신문제작과 조선문자, 조선에서의 저널리즘에 관한 분석, 조선신문의 이론문제, 사회조직의 변천과 신문 등 신문관련 이론에 관련된 기사들이 풍부하게 실려있다. 제2호부터 연재하기로 한 신문강좌는 비로소 제3호부터 연재되었다. 사회저명인사들의 '내가 신문기자가 된다면'이라는 질문에 대한 짤막한 답변들도 눈길을 끈다. 신문과 관련된 구체적인 기사로는 각종사건관련 에피소드, 신문문선공 수험기, 신문소설삽화와 삽화가 등에 관한 내용들이 실려 있다. 이처럼 제3호까지 당시 신문발행과 관련된 이론과 실제는 거의 망라되어 있다고 해도 과언이 아닐 것이다.  이러한 편집진의 왕성한 의욕은 제4호를 끝으로 좌절되고 만다. 편집후기에 따르면 개인사정으로 몇호를 휴간했다고 밝혔듯이 3달을 건너뛰어 발간된 제4호에는 「휴간중외일보론」이 서두에 실려 있다. 편집인인 임인식이 중외일보 기자라는 점을 감안할 때 철필의 운명과 중외일보의 휴간은 무관하지 않은 듯하다. 신문관련 기사로는 신문의 상품성(설의식, 「신문도 상품」), 신문기자의 애환(이광수, 「신문기자의 기쁨과 슬픔)」) 외에도 표절에 대한 문제와 3대신문사의 유망한 기자를 소개하는 난이 마련되어 있다. 그리고 신문어사전을 게재한 것이 눈길을 끈다. 우리나라 최초로 독일에서 신문학을 연구하여 박사학위를 받은 김현준의 독일 및 영국신문에 대한 순방인상기가 실려 있기도 하다.   철필사는 잡지 발간 외에도 신문기자강연회, 각지방언론계의 정세답사, 전조선기자명감 편성, 서적을 출판, 발매하는 철필사 대리부 설치 등 여러 사업을 계획하기도 했다. 재정은 판매대금이외에도 보통·특별·명예의 등급을 매긴 사우(社友) 모집을 통해 충당하고자 했다. 그리고 전국에 각 지사를 설치하려는 계획하에 실제로 신천, 동래, 개성 등지에 지사가 설치되었다. 지방특파원으로는 서조선특파원 김서영(金瑞泳), 남조선특파원 최철룡(崔喆龍) 등의 이름이 등장하고 있다. 비록 4호를 낸 후 더 지속되지는 못했지만 철필은 일제 강점기에 나온 언론전문잡지로는 가장 긴 발행실적을 보였고, 그 내용 또한 이론과 실무문제를 주로 취급한 수준높은 전문지였다고 볼 수 있다.</paragraph>
				</content>
			</biblioExplanation>
		</description>
	</front>
	<level2 id="ma_089_0010">
		<front>
			<biblioData>
				<title>
					<mainTitle volume="제1권 제1호">철필 제1권 제1호</mainTitle>
				</title>
				<publication>
					<publisher/>
					<dateIssued date="1930-07-09">1930년 7월 9일</dateIssued>
				</publication>
			</biblioData>
			<illustGroup>
				<illustration begin="ma_089_0010_0001" end="ma_089_0010_0110"/>
			</illustGroup>
		</front>
		<level3 id="ma_089_0010_0010">
			<front>
				<biblioData>
					<title>
						<mainTitle>卷頭言-鐵筆의 進軍</mainTitle>
					</title>
					<subjectClass code="ma00"/>
				</biblioData>
				<illustGroup>
					<illustration begin="ma_089_0010_0009" end="ma_089_0010_0009"/>
				</illustGroup>
			</front>
			<text>
				<content>
					<paragraph>
						<pTitle type="기사명">卷頭言-鐵筆의 進軍</pTitle>
					</paragraph>
				</content>
			</text>
		</level3>
		<level3 id="ma_089_0010_0020">
			<front>
				<biblioData>
					<title>
						<mainTitle>大記者와 名記者論</mainTitle>
					</title>
					<creator>
						<author>
							<name>閔泰瑗</name>
						</author>
					</creator>
					<subjectClass code="ma00"/>
				</biblioData>
				<illustGroup>
					<illustration begin="ma_089_0010_0010" end="ma_089_0010_0012"/>
				</illustGroup>
			</front>
			<text>
				<content>
					<paragraph>
						<pTitle type="기사명">大記者와 名記者論</pTitle>
						<name role="필자">閔泰瑗</name>
					</paragraph>
				</content>
			</text>
		</level3>
		<level3 id="ma_089_0010_0030">
			<front>
				<biblioData>
					<title>
						<mainTitle>新聞記者 道德에 關하야</mainTitle>
					</title>
					<creator>
						<author>
							<name>安在鴻</name>
						</author>
					</creator>
					<subjectClass code="ma00"/>
				</biblioData>
				<illustGroup>
					<illustration begin="ma_089_0010_0013" end="ma_089_0010_0015"/>
				</illustGroup>
			</front>
			<text>
				<content>
					<paragraph>
						<pTitle type="기사명">新聞記者 道德에 關하야</pTitle>
						<name role="필자">安在鴻</name>
					</paragraph>
				</content>
			</text>
		</level3>
		<level3 id="ma_089_0010_0040">
			<front>
				<biblioData>
					<title>
						<mainTitle>新聞記者 養成에 對한 意見-才能과 實習이 肝要</mainTitle>
					</title>
					<creator>
						<author>
							<name>朱耀翰</name>
						</author>
					</creator>
					<subjectClass code="ma00"/>
				</biblioData>
				<illustGroup>
					<illustration begin="ma_089_0010_0016" end="ma_089_0010_0018"/>
				</illustGroup>
			</front>
			<text>
				<content>
					<paragraph>
						<pTitle type="기사명">新聞記者 養成에 對한 意見-才能과 實習이 肝要</pTitle>
						<name role="필자">朱耀翰</name>
					</paragraph>
				</content>
			</text>
		</level3>
		<level3 id="ma_089_0010_0050">
			<front>
				<biblioData>
					<title>
						<mainTitle>新聞記者 養成에 對한 意見-硏究科를 두엇스면</mainTitle>
					</title>
					<creator>
						<author>
							<name>韓基岳</name>
						</author>
					</creator>
					<subjectClass code="ma00"/>
				</biblioData>
				<illustGroup>
					<illustration begin="ma_089_0010_0018" end="ma_089_0010_0018"/>
				</illustGroup>
			</front>
			<text>
				<content>
					<paragraph>
						<pTitle type="기사명">新聞記者 養成에 對한 意見-硏究科를 두엇스면</pTitle>
						<name role="필자">韓基岳</name>
					</paragraph>
				</content>
			</text>
		</level3>
		<level3 id="ma_089_0010_0060">
			<front>
				<biblioData>
					<title>
						<mainTitle>新聞記者 養成에 對한 意見-열세가지를</mainTitle>
					</title>
					<creator>
						<author>
							<name>李光洙</name>
						</author>
					</creator>
					<subjectClass code="ma00"/>
				</biblioData>
				<illustGroup>
					<illustration begin="ma_089_0010_0019" end="ma_089_0010_0021"/>
				</illustGroup>
			</front>
			<text>
				<content>
					<paragraph>
						<pTitle type="기사명">新聞記者 養成에 對한 意見-열세가지를</pTitle>
						<name role="필자">李光洙</name>
					</paragraph>
				</content>
			</text>
		</level3>
		<level3 id="ma_089_0010_0070">
			<front>
				<biblioData>
					<title>
						<mainTitle>新聞記者 養成에 對한 意見-凡百에 用意周到하라</mainTitle>
					</title>
					<creator>
						<author>
							<name>柳光烈</name>
						</author>
					</creator>
					<subjectClass code="ma00"/>
				</biblioData>
				<illustGroup>
					<illustration begin="ma_089_0010_0021" end="ma_089_0010_0022"/>
				</illustGroup>
			</front>
			<text>
				<content>
					<paragraph>
						<pTitle type="기사명">新聞記者 養成에 對한 意見-凡百에 用意周到하라</pTitle>
						<name role="필자">柳光烈</name>
					</paragraph>
				</content>
			</text>
		</level3>
		<level3 id="ma_089_0010_0080">
			<front>
				<biblioData>
					<title>
						<mainTitle>新聞文章如視觀</mainTitle>
					</title>
					<creator>
						<author>
							<name>朴陽</name>
						</author>
					</creator>
					<subjectClass code="ma00"/>
				</biblioData>
				<illustGroup>
					<illustration begin="ma_089_0010_0023" end="ma_089_0010_0024"/>
				</illustGroup>
			</front>
			<text>
				<content>
					<paragraph>
						<pTitle type="기사명">新聞文章如視觀</pTitle>
						<name role="필자">朴陽</name>
					</paragraph>
				</content>
			</text>
		</level3>
		<level3 id="ma_089_0010_0090">
			<front>
				<biblioData>
					<title>
						<mainTitle>特種이란 무엇인가?-獨占記事에 對하야</mainTitle>
					</title>
					<creator>
						<author>
							<name>金炯元</name>
						</author>
					</creator>
					<subjectClass code="ma00"/>
				</biblioData>
				<illustGroup>
					<illustration begin="ma_089_0010_0025" end="ma_089_0010_0027"/>
				</illustGroup>
			</front>
			<text>
				<content>
					<paragraph>
						<pTitle type="기사명">特種이란 무엇인가?-獨占記事에 對하야</pTitle>
						<name role="필자">金炯元</name>
					</paragraph>
				</content>
			</text>
		</level3>
		<level3 id="ma_089_0010_0100">
			<front>
				<biblioData>
					<title>
						<mainTitle>特種이란 무엇인가?-讀者의 耳目을 끌어야</mainTitle>
					</title>
					<creator>
						<author>
							<name>李允鍾</name>
						</author>
					</creator>
					<subjectClass code="ma00"/>
				</biblioData>
				<illustGroup>
					<illustration begin="ma_089_0010_0028" end="ma_089_0010_0029"/>
				</illustGroup>
			</front>
			<text>
				<content>
					<paragraph>
						<pTitle type="기사명">特種이란 무엇인가?-讀者의 耳目을 끌어야</pTitle>
						<name role="필자">李允鍾</name>
					</paragraph>
				</content>
			</text>
		</level3>
		<level3 id="ma_089_0010_0110">
			<front>
				<biblioData>
					<title>
						<mainTitle>新聞權威의 國際的 關係</mainTitle>
					</title>
					<creator>
						<author>
							<name>申翔雨</name>
						</author>
					</creator>
					<subjectClass code="ma00"/>
				</biblioData>
				<illustGroup>
					<illustration begin="ma_089_0010_0030" end="ma_089_0010_0035"/>
				</illustGroup>
			</front>
			<text>
				<content>
					<paragraph>
						<pTitle type="기사명">新聞權威의 國際的 關係</pTitle>
						<name role="필자">申翔雨</name>
					</paragraph>
				</content>
			</text>
		</level3>
		<level3 id="ma_089_0010_0120">
			<front>
				<biblioData>
					<title>
						<mainTitle>新聞小說雜草</mainTitle>
					</title>
					<creator>
						<author>
							<name>崔獨鵑</name>
						</author>
					</creator>
					<subjectClass code="ma00"/>
				</biblioData>
				<illustGroup>
					<illustration begin="ma_089_0010_0036" end="ma_089_0010_0038"/>
				</illustGroup>
			</front>
			<text>
				<content>
					<paragraph>
						<pTitle type="기사명">新聞小說雜草</pTitle>
						<name role="필자">崔獨鵑</name>
					</paragraph>
				</content>
			</text>
		</level3>
		<level3 id="ma_089_0010_0130">
			<front>
				<biblioData>
					<title>
						<mainTitle>쩌날리즘과 文學</mainTitle>
					</title>
					<creator>
						<author>
							<name>申敬淳</name>
						</author>
					</creator>
					<subjectClass code="ma00"/>
				</biblioData>
				<illustGroup>
					<illustration begin="ma_089_0010_0039" end="ma_089_0010_0048"/>
				</illustGroup>
			</front>
			<text>
				<content>
					<paragraph>
						<pTitle type="기사명">쩌날리즘과 文學</pTitle>
						<name role="필자">申敬淳</name>
					</paragraph>
				</content>
			</text>
		</level3>
		<level3 id="ma_089_0010_0140">
			<front>
				<biblioData>
					<title>
						<mainTitle>世界新聞珍談</mainTitle>
					</title>
					<creator>
						<author>
							<name>XYZ</name>
						</author>
					</creator>
					<subjectClass code="ma00"/>
				</biblioData>
				<illustGroup>
					<illustration begin="ma_089_0010_0049" end="ma_089_0010_0051"/>
				</illustGroup>
			</front>
			<text>
				<content>
					<paragraph>
						<pTitle type="기사명">世界新聞珍談</pTitle>
						<name role="필자">XYZ</name>
					</paragraph>
				</content>
			</text>
		</level3>
		<level3 id="ma_089_0010_0150">
			<front>
				<biblioData>
					<title>
						<mainTitle>朝鮮最初의 記者試驗問題</mainTitle>
					</title>
					<creator>
						<author>
							<name>編輯子</name>
						</author>
					</creator>
					<subjectClass code="ma00"/>
				</biblioData>
				<illustGroup>
					<illustration begin="ma_089_0010_0052" end="ma_089_0010_0053"/>
				</illustGroup>
			</front>
			<text>
				<content>
					<paragraph>
						<pTitle type="기사명">朝鮮最初의 記者試驗問題</pTitle>
						<name role="필자">編輯子</name>
					</paragraph>
				</content>
			</text>
		</level3>
		<level3 id="ma_089_0010_0160">
			<front>
				<biblioData>
					<title>
						<mainTitle>新聞記者로서 最初의 印象</mainTitle>
					</title>
					<creator>
						<author>
							<name>金林</name>
						</author>
					</creator>
					<subjectClass code="ma00"/>
				</biblioData>
				<illustGroup>
					<illustration begin="ma_089_0010_0054" end="ma_089_0010_0056"/>
				</illustGroup>
			</front>
			<text>
				<content>
					<paragraph>
						<pTitle type="기사명">新聞記者로서 最初의 印象</pTitle>
						<name role="필자">金林</name>
					</paragraph>
				</content>
			</text>
		</level3>
		<level3 id="ma_089_0010_0170">
			<front>
				<biblioData>
					<title>
						<mainTitle>民間三大紙 巨頭 月旦</mainTitle>
					</title>
					<creator>
						<author>
							<name>月旦生</name>
						</author>
					</creator>
					<subjectClass code="ma00"/>
				</biblioData>
				<illustGroup>
					<illustration begin="ma_089_0010_0057" end="ma_089_0010_0061"/>
				</illustGroup>
			</front>
			<text>
				<content>
					<paragraph>
						<pTitle type="기사명">民間三大紙 巨頭 月旦</pTitle>
						<name role="필자">月旦生</name>
					</paragraph>
				</content>
			</text>
		</level3>
		<level3 id="ma_089_0010_0180">
			<front>
				<biblioData>
					<title>
						<mainTitle>編輯記者로부터 地方記者에게</mainTitle>
					</title>
					<creator>
						<author>
							<name>朴陽</name>
						</author>
					</creator>
					<subjectClass code="ma00"/>
				</biblioData>
				<illustGroup>
					<illustration begin="ma_089_0010_0062" end="ma_089_0010_0066"/>
				</illustGroup>
			</front>
			<text>
				<content>
					<paragraph>
						<pTitle type="기사명">編輯記者로부터 地方記者에게</pTitle>
						<name role="필자">朴陽</name>
					</paragraph>
				</content>
			</text>
		</level3>
		<level3 id="ma_089_0010_0190">
			<front>
				<biblioData>
					<title>
						<mainTitle>老記者의 手記-七十年의 回顧</mainTitle>
					</title>
					<creator>
						<author>
							<name>金東進</name>
						</author>
					</creator>
					<subjectClass code="ma00"/>
				</biblioData>
				<illustGroup>
					<illustration begin="ma_089_0010_0067" end="ma_089_0010_0071"/>
				</illustGroup>
			</front>
			<text>
				<content>
					<paragraph>
						<pTitle type="기사명">老記者의 手記-七十年의 回顧</pTitle>
						<name role="필자">金東進</name>
					</paragraph>
				</content>
			</text>
		</level3>
		<level3 id="ma_089_0010_0200">
			<front>
				<biblioData>
					<title>
						<mainTitle>老記者의 手記-回顧에 代하야</mainTitle>
					</title>
					<creator>
						<author>
							<name>鄭寅翼</name>
						</author>
					</creator>
					<subjectClass code="ma00"/>
				</biblioData>
				<illustGroup>
					<illustration begin="ma_089_0010_0071" end="ma_089_0010_0072"/>
				</illustGroup>
			</front>
			<text>
				<content>
					<paragraph>
						<pTitle type="기사명">老記者의 手記-回顧에 代하야</pTitle>
						<name role="필자">鄭寅翼</name>
					</paragraph>
				</content>
			</text>
		</level3>
		<level3 id="ma_089_0010_0210">
			<front>
				<biblioData>
					<title>
						<mainTitle>操觚漫談</mainTitle>
					</title>
					<creator>
						<author>
							<name>洪鍾仁</name>
						</author>
					</creator>
					<subjectClass code="ma00"/>
				</biblioData>
				<illustGroup>
					<illustration begin="ma_089_0010_0073" end="ma_089_0010_0076"/>
				</illustGroup>
			</front>
			<text>
				<content>
					<paragraph>
						<pTitle type="기사명">操觚漫談</pTitle>
						<name role="필자">洪鍾仁</name>
					</paragraph>
				</content>
			</text>
		</level3>
		<level3 id="ma_089_0010_0220">
			<front>
				<biblioData>
					<title>
						<mainTitle>誤報二三</mainTitle>
					</title>
					<creator>
						<author>
							<name>金乙漢</name>
						</author>
					</creator>
					<subjectClass code="ma00"/>
				</biblioData>
				<illustGroup>
					<illustration begin="ma_089_0010_0077" end="ma_089_0010_0079"/>
				</illustGroup>
			</front>
			<text>
				<content>
					<paragraph>
						<pTitle type="기사명">誤報二三</pTitle>
						<name role="필자">金乙漢</name>
					</paragraph>
				</content>
			</text>
		</level3>
		<level3 id="ma_089_0010_0230">
			<front>
				<biblioData>
					<title>
						<mainTitle>警官과 白墨</mainTitle>
					</title>
					<creator>
						<author>
							<name>李相昊</name>
						</author>
					</creator>
					<subjectClass code="ma00"/>
				</biblioData>
				<illustGroup>
					<illustration begin="ma_089_0010_0080" end="ma_089_0010_0083"/>
				</illustGroup>
			</front>
			<text>
				<content>
					<paragraph>
						<pTitle type="기사명">警官과 白墨</pTitle>
						<name role="필자">李相昊</name>
					</paragraph>
				</content>
			</text>
		</level3>
		<level3 id="ma_089_0010_0240">
			<front>
				<biblioData>
					<title>
						<mainTitle>號外成功失敗談</mainTitle>
					</title>
					<creator>
						<author>
							<name>金東進</name>
						</author>
					</creator>
					<subjectClass code="ma00"/>
				</biblioData>
				<illustGroup>
					<illustration begin="ma_089_0010_0084" end="ma_089_0010_0086"/>
				</illustGroup>
			</front>
			<text>
				<content>
					<paragraph>
						<pTitle type="기사명">號外成功失敗談</pTitle>
						<name role="필자">金東進</name>
					</paragraph>
				</content>
			</text>
		</level3>
		<level3 id="ma_089_0010_0250">
			<front>
				<biblioData>
					<title>
						<mainTitle>記事 大脫線 大混線</mainTitle>
					</title>
					<creator>
						<author>
							<name>林仁植</name>
						</author>
					</creator>
					<subjectClass code="ma00"/>
				</biblioData>
				<illustGroup>
					<illustration begin="ma_089_0010_0087" end="ma_089_0010_0091"/>
				</illustGroup>
			</front>
			<text>
				<content>
					<paragraph>
						<pTitle type="기사명">記事 大脫線 大混線</pTitle>
						<name role="필자">林仁植</name>
					</paragraph>
				</content>
			</text>
		</level3>
		<level3 id="ma_089_0010_0260">
			<front>
				<biblioData>
					<title>
						<mainTitle>新聞法律講釋(1)</mainTitle>
					</title>
					<creator>
						<author>
							<name>楊潤植</name>
						</author>
					</creator>
					<subjectClass code="ma00"/>
				</biblioData>
				<illustGroup>
					<illustration begin="ma_089_0010_0092" end="ma_089_0010_0093"/>
				</illustGroup>
			</front>
			<text>
				<content>
					<paragraph>
						<pTitle type="기사명">新聞法律講釋</pTitle>
						<name role="필자">楊潤植</name>
					</paragraph>
				</content>
			</text>
		</level3>
		<level3 id="ma_089_0010_0270">
			<front>
				<biblioData>
					<title>
						<mainTitle>短信꼬십</mainTitle>
					</title>
					<creator>
						<author>
							<name>꼬십子</name>
						</author>
					</creator>
					<subjectClass code="ma00"/>
				</biblioData>
				<illustGroup>
					<illustration begin="ma_089_0010_0053" end="ma_089_0010_0061"/>
				</illustGroup>
			</front>
			<text>
				<content>
					<paragraph>
						<pTitle type="기사명">短信꼬십</pTitle>
						<name role="필자">꼬십子</name>
					</paragraph>
				</content>
			</text>
		</level3>
		<level3 id="ma_089_0010_0280">
			<front>
				<biblioData>
					<title>
						<mainTitle>筆耕(詩)</mainTitle>
					</title>
					<creator>
						<author>
							<name>沈薰</name>
						</author>
					</creator>
					<subjectClass code="ma00"/>
				</biblioData>
				<illustGroup>
					<illustration begin="ma_089_0010_0094" end="ma_089_0010_0094"/>
				</illustGroup>
			</front>
			<text>
				<content>
					<paragraph>
						<pTitle type="기사명">筆耕</pTitle>
						<name role="필자">沈薰</name>
					</paragraph>
				</content>
			</text>
		</level3>
		<level3 id="ma_089_0010_0290">
			<front>
				<biblioData>
					<title>
						<mainTitle>시네마의 老婆(小說)</mainTitle>
					</title>
					<creator>
						<author>
							<name>李鍾鳴</name>
						</author>
					</creator>
					<subjectClass code="ma00"/>
				</biblioData>
				<illustGroup>
					<illustration begin="ma_089_0010_0095" end="ma_089_0010_0110"/>
				</illustGroup>
			</front>
			<text>
				<content>
					<paragraph>
						<pTitle type="기사명">시네마의 老婆</pTitle>
						<name role="필자">李鍾鳴</name>
					</paragraph>
				</content>
			</text>
		</level3>
	</level2>
	<level2 id="ma_089_0020">
		<front>
			<biblioData>
				<title>
					<mainTitle volume="제1권 제2호">철필 제1권 제2호</mainTitle>
				</title>
				<publication>
					<publisher/>
					<dateIssued date="1930-08-10">1930년 8월 10일</dateIssued>
				</publication>
			</biblioData>
			<illustGroup>
				<illustration begin="ma_089_0020_0001" end="ma_089_0020_0098"/>
			</illustGroup>
		</front>
		<level3 id="ma_089_0020_0010">
			<front>
				<biblioData>
					<title>
						<mainTitle>新聞權威의 國際的 關係</mainTitle>
					</title>
					<creator>
						<author>
							<name>申翔雨</name>
						</author>
					</creator>
					<subjectClass code="ma00"/>
				</biblioData>
				<illustGroup>
					<illustration begin="ma_089_0020_0004" end="ma_089_0020_0014"/>
				</illustGroup>
			</front>
			<text>
				<content>
					<paragraph>
						<pTitle type="기사명">新聞權威의 國際的 關係</pTitle>
						<name role="필자">申翔雨</name>
					</paragraph>
				</content>
			</text>
		</level3>
		<level3 id="ma_089_0020_0020">
			<front>
				<biblioData>
					<title>
						<mainTitle>新聞社와 그 組織</mainTitle>
					</title>
					<creator>
						<author>
							<name>編輯係</name>
						</author>
					</creator>
					<subjectClass code="ma00"/>
				</biblioData>
				<illustGroup>
					<illustration begin="ma_089_0020_0015" end="ma_089_0020_0017"/>
				</illustGroup>
			</front>
			<text>
				<content>
					<paragraph>
						<pTitle type="기사명">新聞社와 그 組織</pTitle>
						<name role="필자">編輯係</name>
					</paragraph>
				</content>
			</text>
		</level3>
		<level3 id="ma_089_0020_0030">
			<front>
				<biblioData>
					<title>
						<mainTitle>各社 編輯人의 秘法 大公開-硬派記事 綜合編輯</mainTitle>
					</title>
					<creator>
						<author>
							<name>李允鍾</name>
						</author>
					</creator>
					<subjectClass code="ma00"/>
				</biblioData>
				<illustGroup>
					<illustration begin="ma_089_0020_0018" end="ma_089_0020_0020"/>
				</illustGroup>
			</front>
			<text>
				<content>
					<paragraph>
						<pTitle type="기사명">各社 編輯人의 秘法 大公開-硬派記事 綜合編輯</pTitle>
						<name role="필자">李允鍾</name>
					</paragraph>
				</content>
			</text>
		</level3>
		<level3 id="ma_089_0020_0040">
			<front>
				<biblioData>
					<title>
						<mainTitle>各社 編輯人의 秘法 大公開-社會面과 編輯</mainTitle>
					</title>
					<creator>
						<author>
							<name>玄鎭健</name>
						</author>
					</creator>
					<subjectClass code="ma00"/>
				</biblioData>
				<illustGroup>
					<illustration begin="ma_089_0020_0020" end="ma_089_0020_0022"/>
				</illustGroup>
			</front>
			<text>
				<content>
					<paragraph>
						<pTitle type="기사명">各社 編輯人의 秘法 大公開-社會面과 編輯</pTitle>
						<name role="필자">玄鎭健</name>
					</paragraph>
				</content>
			</text>
		</level3>
		<level3 id="ma_089_0020_0050">
			<front>
				<biblioData>
					<title>
						<mainTitle>各社 編輯人의 秘法 大公開-社會面에 對한 意見과 苦心談</mainTitle>
					</title>
					<creator>
						<author>
							<name>柳光烈</name>
						</author>
					</creator>
					<subjectClass code="ma00"/>
				</biblioData>
				<illustGroup>
					<illustration begin="ma_089_0020_0022" end="ma_089_0020_0026"/>
				</illustGroup>
			</front>
			<text>
				<content>
					<paragraph>
						<pTitle type="기사명">各社 編輯人의 秘法 大公開-社會面에 對한 意見과 苦心談</pTitle>
						<name role="필자">柳光烈</name>
					</paragraph>
				</content>
			</text>
		</level3>
		<level3 id="ma_089_0020_0060">
			<front>
				<biblioData>
					<title>
						<mainTitle>各社 編輯人의 秘法 大公開-學藝面 編輯私談</mainTitle>
					</title>
					<creator>
						<author>
							<name>異河潤</name>
						</author>
					</creator>
					<subjectClass code="ma00"/>
				</biblioData>
				<illustGroup>
					<illustration begin="ma_089_0020_0026" end="ma_089_0020_0031"/>
				</illustGroup>
			</front>
			<text>
				<content>
					<paragraph>
						<pTitle type="기사명">各社 編輯人의 秘法 大公開-學藝面 編輯私談</pTitle>
						<name role="필자">異河潤</name>
					</paragraph>
				</content>
			</text>
		</level3>
		<level3 id="ma_089_0020_0070">
			<front>
				<biblioData>
					<title>
						<mainTitle>各社 編輯人의 秘法 大公開-最近 學藝欄의 傾向</mainTitle>
					</title>
					<creator>
						<author>
							<name>廉尙燮</name>
						</author>
					</creator>
					<subjectClass code="ma00"/>
				</biblioData>
				<illustGroup>
					<illustration begin="ma_089_0020_0031" end="ma_089_0020_0034"/>
				</illustGroup>
			</front>
			<text>
				<content>
					<paragraph>
						<pTitle type="기사명">各社 編輯人의 秘法 大公開-最近 學藝欄의 傾向</pTitle>
						<name role="필자">廉尙燮</name>
					</paragraph>
				</content>
			</text>
		</level3>
		<level3 id="ma_089_0020_0080">
			<front>
				<biblioData>
					<title>
						<mainTitle>各社 編輯人의 秘法 大公開-經濟面 編輯方針</mainTitle>
					</title>
					<creator>
						<author>
							<name>徐椿</name>
						</author>
					</creator>
					<subjectClass code="ma00"/>
				</biblioData>
				<illustGroup>
					<illustration begin="ma_089_0020_0034" end="ma_089_0020_0036"/>
				</illustGroup>
			</front>
			<text>
				<content>
					<paragraph>
						<pTitle type="기사명">各社 編輯人의 秘法 大公開-經濟面 編輯方針</pTitle>
						<name role="필자">徐椿</name>
					</paragraph>
				</content>
			</text>
		</level3>
		<level3 id="ma_089_0020_0090">
			<front>
				<biblioData>
					<title>
						<mainTitle>各社 編輯人의 秘法 大公開-經濟面 內容充實에 對한 私見</mainTitle>
					</title>
					<creator>
						<author>
							<name>李健赫</name>
						</author>
					</creator>
					<subjectClass code="ma00"/>
				</biblioData>
				<illustGroup>
					<illustration begin="ma_089_0020_0036" end="ma_089_0020_0038"/>
				</illustGroup>
			</front>
			<text>
				<content>
					<paragraph>
						<pTitle type="기사명">各社 編輯人의 秘法 大公開-經濟面 內容充實에 對한 私見</pTitle>
						<name role="필자">李健赫</name>
					</paragraph>
				</content>
			</text>
		</level3>
		<level3 id="ma_089_0020_0100">
			<front>
				<biblioData>
					<title>
						<mainTitle>各社 編輯人의 秘法 大公開-朝鮮의 新聞과 地方記事</mainTitle>
					</title>
					<creator>
						<author>
							<name>張志暎</name>
						</author>
					</creator>
					<subjectClass code="ma00"/>
				</biblioData>
				<illustGroup>
					<illustration begin="ma_089_0020_0038" end="ma_089_0020_0040"/>
				</illustGroup>
			</front>
			<text>
				<content>
					<paragraph>
						<pTitle type="기사명">各社 編輯人의 秘法 大公開-朝鮮의 新聞과 地方記事</pTitle>
						<name role="필자">張志暎</name>
					</paragraph>
				</content>
			</text>
		</level3>
		<level3 id="ma_089_0020_0110">
			<front>
				<biblioData>
					<title>
						<mainTitle>三大新聞 編輯局長 印象記</mainTitle>
					</title>
					<creator>
						<author>
							<name>崔象德</name>
						</author>
					</creator>
					<subjectClass code="ma00"/>
				</biblioData>
				<illustGroup>
					<illustration begin="ma_089_0020_0041" end="ma_089_0020_0045"/>
				</illustGroup>
			</front>
			<text>
				<content>
					<paragraph>
						<pTitle type="기사명">三大新聞 編輯局長 印象記</pTitle>
						<name role="필자">崔象德</name>
					</paragraph>
				</content>
			</text>
		</level3>
		<level3 id="ma_089_0020_0120">
			<front>
				<biblioData>
					<title>
						<mainTitle>新聞社 寫眞班으로서의 回顧談</mainTitle>
					</title>
					<creator>
						<author>
							<name>山塙芳潔</name>
						</author>
					</creator>
					<subjectClass code="ma00"/>
				</biblioData>
				<illustGroup>
					<illustration begin="ma_089_0020_0046" end="ma_089_0020_0047"/>
				</illustGroup>
			</front>
			<text>
				<content>
					<paragraph>
						<pTitle type="기사명">新聞社 寫眞班으로서의 回顧談</pTitle>
						<name role="필자">山塙芳潔</name>
					</paragraph>
				</content>
			</text>
		</level3>
		<level3 id="ma_089_0020_0130">
			<front>
				<biblioData>
					<title>
						<mainTitle>編輯記者로서 要望</mainTitle>
					</title>
					<creator>
						<author>
							<name>金枓白</name>
						</author>
					</creator>
					<subjectClass code="ma00"/>
				</biblioData>
				<illustGroup>
					<illustration begin="ma_089_0020_0048" end="ma_089_0020_0049"/>
				</illustGroup>
			</front>
			<text>
				<content>
					<paragraph>
						<pTitle type="기사명">編輯記者로서 要望</pTitle>
						<name role="필자">金枓白</name>
					</paragraph>
				</content>
			</text>
		</level3>
		<level3 id="ma_089_0020_0140">
			<front>
				<biblioData>
					<title>
						<mainTitle>編輯記者의 不注意</mainTitle>
					</title>
					<creator>
						<author>
							<name>李根培</name>
						</author>
					</creator>
					<subjectClass code="ma00"/>
				</biblioData>
				<illustGroup>
					<illustration begin="ma_089_0020_0050" end="ma_089_0020_0051"/>
				</illustGroup>
			</front>
			<text>
				<content>
					<paragraph>
						<pTitle type="기사명">編輯記者의 不注意</pTitle>
						<name role="필자">李根培</name>
					</paragraph>
				</content>
			</text>
		</level3>
		<level3 id="ma_089_0020_0150">
			<front>
				<biblioData>
					<title>
						<mainTitle>特種의 兩面</mainTitle>
					</title>
					<creator>
						<author>
							<name>廉尙燮</name>
						</author>
					</creator>
					<subjectClass code="ma00"/>
				</biblioData>
				<illustGroup>
					<illustration begin="ma_089_0020_0052" end="ma_089_0020_0053"/>
				</illustGroup>
			</front>
			<text>
				<content>
					<paragraph>
						<pTitle type="기사명">特種의 兩面</pTitle>
						<name role="필자">廉尙燮</name>
					</paragraph>
				</content>
			</text>
		</level3>
		<level3 id="ma_089_0020_0160">
			<front>
				<biblioData>
					<title>
						<mainTitle>探訪冒險爆彈洗禮</mainTitle>
					</title>
					<creator>
						<author>
							<name>高永翰</name>
						</author>
					</creator>
					<subjectClass code="ma00"/>
				</biblioData>
				<illustGroup>
					<illustration begin="ma_089_0020_0054" end="ma_089_0020_0056"/>
				</illustGroup>
			</front>
			<text>
				<content>
					<paragraph>
						<pTitle type="기사명">探訪冒險爆彈洗禮</pTitle>
						<name role="필자">高永翰</name>
					</paragraph>
				</content>
			</text>
		</level3>
		<level3 id="ma_089_0020_0170">
			<front>
				<biblioData>
					<title>
						<mainTitle>犯罪實話 사랑과 원수</mainTitle>
					</title>
					<creator>
						<author>
							<name>雙木生</name>
						</author>
					</creator>
					<subjectClass code="ma00"/>
				</biblioData>
				<illustGroup>
					<illustration begin="ma_089_0020_0057" end="ma_089_0020_0060"/>
				</illustGroup>
			</front>
			<text>
				<content>
					<paragraph>
						<pTitle type="기사명">犯罪實話 사랑과 원수</pTitle>
						<name role="필자">雙木生</name>
					</paragraph>
				</content>
			</text>
		</level3>
		<level3 id="ma_089_0020_0180">
			<front>
				<biblioData>
					<title>
						<mainTitle>各社 婦人記者 相互印象-내가 본 金末鳳氏</mainTitle>
					</title>
					<creator>
						<author>
							<name>崔義順</name>
						</author>
					</creator>
					<subjectClass code="ma00"/>
				</biblioData>
				<illustGroup>
					<illustration begin="ma_089_0020_0061" end="ma_089_0020_0063"/>
				</illustGroup>
			</front>
			<text>
				<content>
					<paragraph>
						<pTitle type="기사명">各社 婦人記者 相互印象-내가 본 金末鳳氏</pTitle>
						<name role="필자">崔義順</name>
					</paragraph>
				</content>
			</text>
		</level3>
		<level3 id="ma_089_0020_0190">
			<front>
				<biblioData>
					<title>
						<mainTitle>各社 婦人記者 相互印象-빗취는 대로의 崔義順氏</mainTitle>
					</title>
					<creator>
						<author>
							<name>金末鳳</name>
						</author>
					</creator>
					<subjectClass code="ma00"/>
				</biblioData>
				<illustGroup>
					<illustration begin="ma_089_0020_0064" end="ma_089_0020_0065"/>
				</illustGroup>
			</front>
			<text>
				<content>
					<paragraph>
						<pTitle type="기사명">各社 婦人記者 相互印象-빗취는 대로의 崔義順氏</pTitle>
						<name role="필자">金末鳳</name>
					</paragraph>
				</content>
			</text>
		</level3>
		<level3 id="ma_089_0020_0200">
			<front>
				<biblioData>
					<title>
						<mainTitle>新聞社 印刷工場에서</mainTitle>
					</title>
					<creator>
						<author>
							<name>金海天</name>
						</author>
					</creator>
					<subjectClass code="ma00"/>
				</biblioData>
				<illustGroup>
					<illustration begin="ma_089_0020_0066" end="ma_089_0020_0068"/>
				</illustGroup>
			</front>
			<text>
				<content>
					<paragraph>
						<pTitle type="기사명">新聞社 印刷工場에서</pTitle>
						<name role="필자">金海天</name>
					</paragraph>
				</content>
			</text>
		</level3>
		<level3 id="ma_089_0020_0210">
			<front>
				<biblioData>
					<title>
						<mainTitle>國境 一年 受難記</mainTitle>
					</title>
					<creator>
						<author>
							<name>吳基永</name>
						</author>
					</creator>
					<subjectClass code="ma00"/>
				</biblioData>
				<illustGroup>
					<illustration begin="ma_089_0020_0069" end="ma_089_0020_0073"/>
				</illustGroup>
			</front>
			<text>
				<content>
					<paragraph>
						<pTitle type="기사명">國境 一年 受難記</pTitle>
						<name role="필자">吳基永</name>
					</paragraph>
				</content>
			</text>
		</level3>
		<level3 id="ma_089_0020_0220">
			<front>
				<biblioData>
					<title>
						<mainTitle>熱語冷語</mainTitle>
					</title>
					<creator>
						<author>
							<name>金水南</name>
						</author>
					</creator>
					<subjectClass code="ma00"/>
				</biblioData>
				<illustGroup>
					<illustration begin="ma_089_0020_0074" end="ma_089_0020_0076"/>
				</illustGroup>
			</front>
			<text>
				<content>
					<paragraph>
						<pTitle type="기사명">熱語冷語</pTitle>
						<name role="필자">金水南</name>
					</paragraph>
				</content>
			</text>
		</level3>
		<level3 id="ma_089_0020_0230">
			<front>
				<biblioData>
					<title>
						<mainTitle>新聞記者 回想錄-十年間에 探訪生活</mainTitle>
					</title>
					<creator>
						<author>
							<name>李瑞求</name>
						</author>
					</creator>
					<subjectClass code="ma00"/>
				</biblioData>
				<illustGroup>
					<illustration begin="ma_089_0020_0077" end="ma_089_0020_0080"/>
				</illustGroup>
			</front>
			<text>
				<content>
					<paragraph>
						<pTitle type="기사명">新聞記者 回想錄-十年間에 探訪生活</pTitle>
						<name role="필자">李瑞求</name>
					</paragraph>
				</content>
			</text>
		</level3>
		<level3 id="ma_089_0020_0240">
			<front>
				<biblioData>
					<title>
						<mainTitle>新聞記者 回想錄-經濟部記者十年</mainTitle>
					</title>
					<creator>
						<author>
							<name>鄭秀日</name>
						</author>
					</creator>
					<subjectClass code="ma00"/>
				</biblioData>
				<illustGroup>
					<illustration begin="ma_089_0020_0081" end="ma_089_0020_0085"/>
				</illustGroup>
			</front>
			<text>
				<content>
					<paragraph>
						<pTitle type="기사명">新聞記者 回想錄-經濟部記者十年</pTitle>
						<name role="필자">鄭秀日</name>
					</paragraph>
				</content>
			</text>
		</level3>
		<level3 id="ma_089_0020_0250">
			<front>
				<biblioData>
					<title>
						<mainTitle>短信꼬십</mainTitle>
					</title>
					<creator>
						<author>
							<name>꼬십子</name>
						</author>
					</creator>
					<subjectClass code="ma00"/>
				</biblioData>
				<illustGroup>
					<illustration begin="ma_089_0020_0045" end="ma_089_0020_0085"/>
				</illustGroup>
			</front>
			<text>
				<content>
					<paragraph>
						<pTitle type="기사명">短信꼬십</pTitle>
						<name role="필자">꼬십子</name>
					</paragraph>
				</content>
			</text>
		</level3>
		<level3 id="ma_089_0020_0260">
			<front>
				<biblioData>
					<title>
						<mainTitle>笑話片片</mainTitle>
					</title>
					<creator>
						<author>
							<name>笑話子</name>
						</author>
					</creator>
					<subjectClass code="ma00"/>
				</biblioData>
				<illustGroup>
					<illustration begin="ma_089_0020_0047" end="ma_089_0020_0050"/>
				</illustGroup>
			</front>
			<text>
				<content>
					<paragraph>
						<pTitle type="기사명">笑話片片</pTitle>
						<name role="필자">笑話子</name>
					</paragraph>
				</content>
			</text>
		</level3>
		<level3 id="ma_089_0020_0270">
			<front>
				<biblioData>
					<title>
						<mainTitle>흐린 夜市(詩)</mainTitle>
					</title>
					<creator>
						<author>
							<name>하윤</name>
						</author>
					</creator>
					<subjectClass code="ma00"/>
				</biblioData>
				<illustGroup>
					<illustration begin="ma_089_0020_0086" end="ma_089_0020_0087"/>
				</illustGroup>
			</front>
			<text>
				<content>
					<paragraph>
						<pTitle type="기사명">흐린 夜市</pTitle>
						<name role="필자">하윤</name>
					</paragraph>
				</content>
			</text>
		</level3>
		<level3 id="ma_089_0020_0280">
			<front>
				<biblioData>
					<title>
						<mainTitle>幻想雙奏曲(小說)</mainTitle>
					</title>
					<creator>
						<author>
							<name>申敬淳</name>
						</author>
					</creator>
					<subjectClass code="ma00"/>
				</biblioData>
				<illustGroup>
					<illustration begin="ma_089_0020_0088" end="ma_089_0020_0098"/>
				</illustGroup>
			</front>
			<text>
				<content>
					<paragraph>
						<pTitle type="기사명">幻想雙奏曲</pTitle>
						<name role="필자">申敬淳</name>
					</paragraph>
				</content>
			</text>
		</level3>
	</level2>
	<level2 id="ma_089_0030">
		<front>
			<biblioData>
				<title>
					<mainTitle volume="제1권 제3호">철필 제1권 제3호</mainTitle>
				</title>
				<publication>
					<publisher/>
					<dateIssued date="1930-09-11">1930년 9월 11일</dateIssued>
				</publication>
			</biblioData>
			<illustGroup>
				<illustration begin="ma_089_0030_0001" end="ma_089_0030_0124"/>
			</illustGroup>
		</front>
		<level3 id="ma_089_0030_0010">
			<front>
				<biblioData>
					<title>
						<mainTitle>卷頭言-大衆을 爲하자</mainTitle>
					</title>
					<subjectClass code="ma00"/>
				</biblioData>
				<illustGroup>
					<illustration begin="ma_089_0030_0003" end="ma_089_0030_0003"/>
				</illustGroup>
			</front>
			<text>
				<content>
					<paragraph>
						<pTitle type="기사명">卷頭言-大衆을 爲하자</pTitle>
					</paragraph>
				</content>
			</text>
		</level3>
		<level3 id="ma_089_0030_0020">
			<front>
				<biblioData>
					<title>
						<mainTitle>新聞製作과 朝鮮文字</mainTitle>
					</title>
					<creator>
						<author>
							<name>朱耀翰</name>
						</author>
					</creator>
					<subjectClass code="ma00"/>
				</biblioData>
				<illustGroup>
					<illustration begin="ma_089_0030_0004" end="ma_089_0030_0013"/>
				</illustGroup>
			</front>
			<text>
				<content>
					<paragraph>
						<pTitle type="기사명">新聞製作과 朝鮮文字</pTitle>
						<name role="필자">朱耀翰</name>
					</paragraph>
				</content>
			</text>
		</level3>
		<level3 id="ma_089_0030_0030">
			<front>
				<biblioData>
					<title>
						<mainTitle>評論問題에 對하야</mainTitle>
					</title>
					<creator>
						<author>
							<name>李如星</name>
						</author>
					</creator>
					<subjectClass code="ma00"/>
				</biblioData>
				<illustGroup>
					<illustration begin="ma_089_0030_0014" end="ma_089_0030_0017"/>
				</illustGroup>
			</front>
			<text>
				<content>
					<paragraph>
						<pTitle type="기사명">評論問題에 對하야</pTitle>
						<name role="필자">李如星</name>
					</paragraph>
				</content>
			</text>
		</level3>
		<level3 id="ma_089_0030_0040">
			<front>
				<biblioData>
					<title>
						<mainTitle>新聞의 商品性 揚棄</mainTitle>
					</title>
					<creator>
						<author>
							<name>金相珏</name>
						</author>
					</creator>
					<subjectClass code="ma00"/>
				</biblioData>
				<illustGroup>
					<illustration begin="ma_089_0030_0018" end="ma_089_0030_0020"/>
				</illustGroup>
			</front>
			<text>
				<content>
					<paragraph>
						<pTitle type="기사명">新聞의 商品性 揚棄</pTitle>
						<name role="필자">金相珏</name>
					</paragraph>
				</content>
			</text>
		</level3>
		<level3 id="ma_089_0030_0050">
			<front>
				<biblioData>
					<title>
						<mainTitle>最近 朝鮮의 쩌낼리즘 側面觀</mainTitle>
					</title>
					<creator>
						<author>
							<name>李瑄根</name>
						</author>
					</creator>
					<subjectClass code="ma00"/>
				</biblioData>
				<illustGroup>
					<illustration begin="ma_089_0030_0021" end="ma_089_0030_0022"/>
				</illustGroup>
			</front>
			<text>
				<content>
					<paragraph>
						<pTitle type="기사명">最近 朝鮮의 쩌낼리즘 側面觀</pTitle>
						<name role="필자">李瑄根</name>
					</paragraph>
				</content>
			</text>
		</level3>
		<level3 id="ma_089_0030_0060">
			<front>
				<biblioData>
					<title>
						<mainTitle>朝鮮新聞의 理論如何</mainTitle>
					</title>
					<creator>
						<author>
							<name>朴錦</name>
						</author>
					</creator>
					<subjectClass code="ma00"/>
				</biblioData>
				<illustGroup>
					<illustration begin="ma_089_0030_0023" end="ma_089_0030_0025"/>
				</illustGroup>
			</front>
			<text>
				<content>
					<paragraph>
						<pTitle type="기사명">朝鮮新聞의 理論如何</pTitle>
						<name role="필자">朴錦</name>
					</paragraph>
				</content>
			</text>
		</level3>
		<level3 id="ma_089_0030_0070">
			<front>
				<biblioData>
					<title>
						<mainTitle>世界最大新聞 紐育타임쓰 尋訪記</mainTitle>
					</title>
					<creator>
						<author>
							<name>李晶燮</name>
						</author>
					</creator>
					<subjectClass code="ma00"/>
				</biblioData>
				<illustGroup>
					<illustration begin="ma_089_0030_0030" end="ma_089_0030_0034"/>
				</illustGroup>
			</front>
			<text>
				<content>
					<paragraph>
						<pTitle type="기사명">世界最大新聞 紐育타임쓰 尋訪記</pTitle>
						<name role="필자">李晶燮</name>
					</paragraph>
				</content>
			</text>
		</level3>
		<level3 id="ma_089_0030_0080">
			<front>
				<biblioData>
					<title>
						<mainTitle>쏘위엣트 露西亞의 붉은 新聞(1)</mainTitle>
					</title>
					<creator>
						<author>
							<name>金世鎔</name>
						</author>
					</creator>
					<subjectClass code="ma00"/>
				</biblioData>
				<illustGroup>
					<illustration begin="ma_089_0030_0035" end="ma_089_0030_0043"/>
				</illustGroup>
			</front>
			<text>
				<content>
					<paragraph>
						<pTitle type="기사명">쏘위엣트 露西亞의 붉은 新聞</pTitle>
						<name role="필자">金世鎔</name>
					</paragraph>
				</content>
			</text>
		</level3>
		<level3 id="ma_089_0030_0090">
			<front>
				<biblioData>
					<title>
						<mainTitle>내가 新聞記者가 된다면?-政治部 記者가 되고십다</mainTitle>
					</title>
					<creator>
						<author>
							<name>金恒圭</name>
						</author>
					</creator>
					<subjectClass code="ma00"/>
				</biblioData>
				<illustGroup>
					<illustration begin="ma_089_0030_0044" end="ma_089_0030_0044"/>
				</illustGroup>
			</front>
			<text>
				<content>
					<paragraph>
						<pTitle type="기사명">내가 新聞記者가 된다면?-政治部 記者가 되고십다</pTitle>
						<name role="필자">金恒圭</name>
					</paragraph>
				</content>
			</text>
		</level3>
		<level3 id="ma_089_0030_0100">
			<front>
				<biblioData>
					<title>
						<mainTitle>내가 新聞記者가 된다면?-言論自由 獲得에 努力</mainTitle>
					</title>
					<creator>
						<author>
							<name>徐廷禧</name>
						</author>
					</creator>
					<subjectClass code="ma00"/>
				</biblioData>
				<illustGroup>
					<illustration begin="ma_089_0030_0044" end="ma_089_0030_0045"/>
				</illustGroup>
			</front>
			<text>
				<content>
					<paragraph>
						<pTitle type="기사명">내가 新聞記者가 된다면?-言論自由 獲得에 努力</pTitle>
						<name role="필자">徐廷禧</name>
					</paragraph>
				</content>
			</text>
		</level3>
		<level3 id="ma_089_0030_0110">
			<front>
				<biblioData>
					<title>
						<mainTitle>내가 新聞記者가 된다면?-나의 希望은 第一線 記者</mainTitle>
					</title>
					<creator>
						<author>
							<name>金潤秀</name>
						</author>
					</creator>
					<subjectClass code="ma00"/>
				</biblioData>
				<illustGroup>
					<illustration begin="ma_089_0030_0045" end="ma_089_0030_0045"/>
				</illustGroup>
			</front>
			<text>
				<content>
					<paragraph>
						<pTitle type="기사명">내가 新聞記者가 된다면?-나의 希望은 第一線 記者</pTitle>
						<name role="필자">金潤秀</name>
					</paragraph>
				</content>
			</text>
		</level3>
		<level3 id="ma_089_0030_0120">
			<front>
				<biblioData>
					<title>
						<mainTitle>내가 新聞記者가 된다면?-먼저 新聞社 幹部에게</mainTitle>
					</title>
					<creator>
						<author>
							<name>閔中植</name>
						</author>
					</creator>
					<subjectClass code="ma00"/>
				</biblioData>
				<illustGroup>
					<illustration begin="ma_089_0030_0045" end="ma_089_0030_0046"/>
				</illustGroup>
			</front>
			<text>
				<content>
					<paragraph>
						<pTitle type="기사명">내가 新聞記者가 된다면?-먼저 新聞社 幹部에게</pTitle>
						<name role="필자">閔中植</name>
					</paragraph>
				</content>
			</text>
		</level3>
		<level3 id="ma_089_0030_0130">
			<front>
				<biblioData>
					<title>
						<mainTitle>내가 新聞記者가 된다면?-色彩分明한 記者로</mainTitle>
					</title>
					<creator>
						<author>
							<name>鄭鍾鳴</name>
						</author>
					</creator>
					<subjectClass code="ma00"/>
				</biblioData>
				<illustGroup>
					<illustration begin="ma_089_0030_0046" end="ma_089_0030_0048"/>
				</illustGroup>
			</front>
			<text>
				<content>
					<paragraph>
						<pTitle type="기사명">내가 新聞記者가 된다면?-色彩分明한 記者로</pTitle>
						<name role="필자">鄭鍾鳴</name>
					</paragraph>
				</content>
			</text>
		</level3>
		<level3 id="ma_089_0030_0140">
			<front>
				<biblioData>
					<title>
						<mainTitle>내가 新聞記者가 된다면?-經濟改善에 努力</mainTitle>
					</title>
					<creator>
						<author>
							<name>楊潤植</name>
						</author>
					</creator>
					<subjectClass code="ma00"/>
				</biblioData>
				<illustGroup>
					<illustration begin="ma_089_0030_0048" end="ma_089_0030_0049"/>
				</illustGroup>
			</front>
			<text>
				<content>
					<paragraph>
						<pTitle type="기사명">내가 新聞記者가 된다면?-經濟改善에 努力</pTitle>
						<name role="필자">楊潤植</name>
					</paragraph>
				</content>
			</text>
		</level3>
		<level3 id="ma_089_0030_0150">
			<front>
				<biblioData>
					<title>
						<mainTitle>내가 新聞記者가 된다면?-家庭婦人에게 慰安을 주겟다</mainTitle>
					</title>
					<creator>
						<author>
							<name>申알베트</name>
						</author>
					</creator>
					<subjectClass code="ma00"/>
				</biblioData>
				<illustGroup>
					<illustration begin="ma_089_0030_0049" end="ma_089_0030_0049"/>
				</illustGroup>
			</front>
			<text>
				<content>
					<paragraph>
						<pTitle type="기사명">내가 新聞記者가 된다면?-家庭婦人에게 慰安을 주겟다</pTitle>
						<name role="필자">申알베트</name>
					</paragraph>
				</content>
			</text>
		</level3>
		<level3 id="ma_089_0030_0160">
			<front>
				<biblioData>
					<title>
						<mainTitle>내가 新聞記者가 된다면?-세가지를 꼭 實行하여야</mainTitle>
					</title>
					<creator>
						<author>
							<name>李鍾麟</name>
						</author>
					</creator>
					<subjectClass code="ma00"/>
				</biblioData>
				<illustGroup>
					<illustration begin="ma_089_0030_0049" end="ma_089_0030_0050"/>
				</illustGroup>
			</front>
			<text>
				<content>
					<paragraph>
						<pTitle type="기사명">내가 新聞記者가 된다면?-세가지를 꼭 實行하여야</pTitle>
						<name role="필자">李鍾麟</name>
					</paragraph>
				</content>
			</text>
		</level3>
		<level3 id="ma_089_0030_0170">
			<front>
				<biblioData>
					<title>
						<mainTitle>내가 新聞記者가 된다면?-虛僞와 無根한 風說을 注意</mainTitle>
					</title>
					<creator>
						<author>
							<name>趙東植</name>
						</author>
					</creator>
					<subjectClass code="ma00"/>
				</biblioData>
				<illustGroup>
					<illustration begin="ma_089_0030_0050" end="ma_089_0030_0050"/>
				</illustGroup>
			</front>
			<text>
				<content>
					<paragraph>
						<pTitle type="기사명">내가 新聞記者가 된다면?-虛僞와 無根한 風說을 注意</pTitle>
						<name role="필자">趙東植</name>
					</paragraph>
				</content>
			</text>
		</level3>
		<level3 id="ma_089_0030_0180">
			<front>
				<biblioData>
					<title>
						<mainTitle>社會組織의 變遷과 新聞</mainTitle>
					</title>
					<subjectClass code="ma00"/>
				</biblioData>
				<illustGroup>
					<illustration begin="ma_089_0030_0026" end="ma_089_0030_0029"/>
				</illustGroup>
			</front>
			<text>
				<content>
					<paragraph>
						<pTitle type="기사명">社會組織의 變遷과 新聞</pTitle>
					</paragraph>
				</content>
			</text>
		</level3>
		<level3 id="ma_089_0030_0190">
			<front>
				<biblioData>
					<title>
						<mainTitle>묵은 手帖속에서-爆彈事件의 大秘密</mainTitle>
					</title>
					<creator>
						<author>
							<name>金東進</name>
						</author>
					</creator>
					<subjectClass code="ma00"/>
				</biblioData>
				<illustGroup>
					<illustration begin="ma_089_0030_0051" end="ma_089_0030_0053"/>
				</illustGroup>
			</front>
			<text>
				<content>
					<paragraph>
						<pTitle type="기사명">묵은 手帖속에서-爆彈事件의 大秘密</pTitle>
						<name role="필자">金東進</name>
					</paragraph>
				</content>
			</text>
		</level3>
		<level3 id="ma_089_0030_0200">
			<front>
				<biblioData>
					<title>
						<mainTitle>平壤고무 罷業 大綱과 揷話 二三</mainTitle>
					</title>
					<creator>
						<author>
							<name>金晩炯</name>
						</author>
					</creator>
					<subjectClass code="ma00"/>
				</biblioData>
				<illustGroup>
					<illustration begin="ma_089_0030_0054" end="ma_089_0030_0058"/>
				</illustGroup>
			</front>
			<text>
				<content>
					<paragraph>
						<pTitle type="기사명">平壤고무 罷業 大綱과 揷話 二三</pTitle>
						<name role="필자">金晩炯</name>
					</paragraph>
				</content>
			</text>
		</level3>
		<level3 id="ma_089_0030_0210">
			<front>
				<biblioData>
					<title>
						<mainTitle>十年前 爆彈事件 連坐投獄者의 回想記</mainTitle>
					</title>
					<creator>
						<author>
							<name>崔喆龍</name>
						</author>
					</creator>
					<subjectClass code="ma00"/>
				</biblioData>
				<illustGroup>
					<illustration begin="ma_089_0030_0059" end="ma_089_0030_0070"/>
				</illustGroup>
			</front>
			<text>
				<content>
					<paragraph>
						<pTitle type="기사명">十年前 爆彈事件 連坐投獄者의 回想記</pTitle>
						<name role="필자">崔喆龍</name>
					</paragraph>
				</content>
			</text>
		</level3>
		<level3 id="ma_089_0030_0220">
			<front>
				<biblioData>
					<title>
						<mainTitle>黃金이 나은 罪惡-百萬長者 李健鎬 毒殺事件</mainTitle>
					</title>
					<creator>
						<author>
							<name>朴尹錫</name>
						</author>
					</creator>
					<subjectClass code="ma00"/>
				</biblioData>
				<illustGroup>
					<illustration begin="ma_089_0030_0071" end="ma_089_0030_0076"/>
				</illustGroup>
			</front>
			<text>
				<content>
					<paragraph>
						<pTitle type="기사명">黃金이 나은 罪惡-百萬長者 李健鎬 毒殺事件</pTitle>
						<name role="필자">朴尹錫</name>
					</paragraph>
				</content>
			</text>
		</level3>
		<level3 id="ma_089_0030_0230">
			<front>
				<biblioData>
					<title>
						<mainTitle>新聞文選工受驗記</mainTitle>
					</title>
					<creator>
						<author>
							<name>亞鉛洞人</name>
						</author>
					</creator>
					<subjectClass code="ma00"/>
				</biblioData>
				<illustGroup>
					<illustration begin="ma_089_0030_0077" end="ma_089_0030_0079"/>
				</illustGroup>
			</front>
			<text>
				<content>
					<paragraph>
						<pTitle type="기사명">新聞文選工受驗記</pTitle>
						<name role="필자">亞鉛洞人</name>
					</paragraph>
				</content>
			</text>
		</level3>
		<level3 id="ma_089_0030_0240">
			<front>
				<biblioData>
					<title>
						<mainTitle>某記事와 知事閣下</mainTitle>
					</title>
					<creator>
						<author>
							<name>CCR</name>
						</author>
					</creator>
					<subjectClass code="ma00"/>
				</biblioData>
				<illustGroup>
					<illustration begin="ma_089_0030_0080" end="ma_089_0030_0083"/>
				</illustGroup>
			</front>
			<text>
				<content>
					<paragraph>
						<pTitle type="기사명">某記事와 知事閣下</pTitle>
						<name role="필자">CCR</name>
					</paragraph>
				</content>
			</text>
		</level3>
		<level3 id="ma_089_0030_0250">
			<front>
				<biblioData>
					<title>
						<mainTitle>新聞小說 揷畵와 揷畵家</mainTitle>
					</title>
					<creator>
						<author>
							<name>一新聞 揷畵쟁이</name>
						</author>
					</creator>
					<subjectClass code="ma00"/>
				</biblioData>
				<illustGroup>
					<illustration begin="ma_089_0030_0084" end="ma_089_0030_0085"/>
				</illustGroup>
			</front>
			<text>
				<content>
					<paragraph>
						<pTitle type="기사명">新聞小說 揷畵와 揷畵家</pTitle>
						<name role="필자">一新聞 揷畵쟁이</name>
					</paragraph>
				</content>
			</text>
		</level3>
		<level3 id="ma_089_0030_0260">
			<front>
				<biblioData>
					<title>
						<mainTitle>經濟部記者 十年</mainTitle>
					</title>
					<creator>
						<author>
							<name>鄭秀日</name>
						</author>
					</creator>
					<subjectClass code="ma00"/>
				</biblioData>
				<illustGroup>
					<illustration begin="ma_089_0030_0086" end="ma_089_0030_0089"/>
				</illustGroup>
			</front>
			<text>
				<content>
					<paragraph>
						<pTitle type="기사명">經濟部記者 十年</pTitle>
						<name role="필자">鄭秀日</name>
					</paragraph>
				</content>
			</text>
		</level3>
		<level3 id="ma_089_0030_0270">
			<front>
				<biblioData>
					<title>
						<mainTitle>젊은 인테리의 向方(詩)</mainTitle>
					</title>
					<creator>
						<author>
							<name>赤駒</name>
						</author>
					</creator>
					<subjectClass code="ma00"/>
				</biblioData>
				<illustGroup>
					<illustration begin="ma_089_0030_0090" end="ma_089_0030_0092"/>
				</illustGroup>
			</front>
			<text>
				<content>
					<paragraph>
						<pTitle type="기사명">젊은 인테리의 向方</pTitle>
						<name role="필자">赤駒</name>
					</paragraph>
				</content>
			</text>
		</level3>
		<level3 id="ma_089_0030_0280">
			<front>
				<biblioData>
					<title>
						<mainTitle>反者의 秋想(隨筆)</mainTitle>
					</title>
					<creator>
						<author>
							<name>宋奉瑀</name>
						</author>
					</creator>
					<subjectClass code="ma00"/>
				</biblioData>
				<illustGroup>
					<illustration begin="ma_089_0030_0093" end="ma_089_0030_0096"/>
				</illustGroup>
			</front>
			<text>
				<content>
					<paragraph>
						<pTitle type="기사명">反者의 秋想</pTitle>
						<name role="필자">宋奉瑀</name>
					</paragraph>
				</content>
			</text>
		</level3>
		<level3 id="ma_089_0030_0290">
			<front>
				<biblioData>
					<title>
						<mainTitle>비눌(콩트)</mainTitle>
					</title>
					<creator>
						<author>
							<name>異河潤</name>
						</author>
					</creator>
					<subjectClass code="ma00"/>
				</biblioData>
				<illustGroup>
					<illustration begin="ma_089_0030_0097" end="ma_089_0030_0097"/>
				</illustGroup>
			</front>
			<text>
				<content>
					<paragraph>
						<pTitle type="기사명">비눌</pTitle>
						<name role="필자">異河潤</name>
					</paragraph>
				</content>
			</text>
		</level3>
		<level3 id="ma_089_0030_0300">
			<front>
				<biblioData>
					<title>
						<mainTitle>勝利者(連載小說)</mainTitle>
					</title>
					<creator>
						<author>
							<name>崔獨鵑</name>
						</author>
					</creator>
					<subjectClass code="ma00"/>
				</biblioData>
				<illustGroup>
					<illustration begin="ma_089_0030_0098" end="ma_089_0030_0102"/>
				</illustGroup>
			</front>
			<text>
				<content>
					<paragraph>
						<pTitle type="기사명">勝利者</pTitle>
						<name role="필자">崔獨鵑</name>
					</paragraph>
				</content>
			</text>
		</level3>
		<level3 id="ma_089_0030_0310">
			<front>
				<biblioData>
					<title>
						<mainTitle>幻想雙奏曲(小說)</mainTitle>
					</title>
					<creator>
						<author>
							<name>申敬淳</name>
						</author>
					</creator>
					<subjectClass code="ma00"/>
				</biblioData>
				<illustGroup>
					<illustration begin="ma_089_0030_0103" end="ma_089_0030_0108"/>
				</illustGroup>
			</front>
			<text>
				<content>
					<paragraph>
						<pTitle type="기사명">幻想雙奏曲</pTitle>
						<name role="필자">申敬淳</name>
					</paragraph>
				</content>
			</text>
		</level3>
		<level3 id="ma_089_0030_0320">
			<front>
				<biblioData>
					<title>
						<mainTitle>무엇이 그 女子를 그럿케 식혓나(紙上映畵)</mainTitle>
					</title>
					<creator>
						<author>
							<name>諫洞學人</name>
						</author>
					</creator>
					<subjectClass code="ma00"/>
				</biblioData>
				<illustGroup>
					<illustration begin="ma_089_0030_0109" end="ma_089_0030_0113"/>
				</illustGroup>
			</front>
			<text>
				<content>
					<paragraph>
						<pTitle type="기사명">무엇이 그 女子를 그럿케 식혓나</pTitle>
						<name role="필자">諫洞學人</name>
					</paragraph>
				</content>
			</text>
		</level3>
		<level3 id="ma_089_0030_0330">
			<front>
				<biblioData>
					<title>
						<mainTitle>短信꼬십</mainTitle>
					</title>
					<creator>
						<author>
							<name>꼬십子</name>
						</author>
					</creator>
					<subjectClass code="ma00"/>
				</biblioData>
				<illustGroup>
					<illustration begin="ma_089_0030_0020" end="ma_089_0030_0058"/>
				</illustGroup>
			</front>
			<text>
				<content>
					<paragraph>
						<pTitle type="기사명">短信꼬십</pTitle>
						<name role="필자">꼬십子</name>
					</paragraph>
				</content>
			</text>
		</level3>
		<level3 id="ma_089_0030_0340">
			<front>
				<biblioData>
					<title>
						<mainTitle>新聞講座</mainTitle>
					</title>
					<creator>
						<author>
							<name>編輯係</name>
						</author>
					</creator>
					<subjectClass code="ma00"/>
				</biblioData>
				<illustGroup>
					<illustration begin="ma_089_0030_0114" end="ma_089_0030_0124"/>
				</illustGroup>
			</front>
			<text>
				<content>
					<paragraph>
						<pTitle type="기사명">新聞講座</pTitle>
						<name role="필자">編輯係</name>
					</paragraph>
				</content>
			</text>
		</level3>
	</level2>
	<level2 id="ma_089_0040">
		<front>
			<biblioData>
				<title>
					<mainTitle volume="제2권 제1호">철필 제2권 제1호</mainTitle>
				</title>
				<publication>
					<publisher/>
					<dateIssued date="1931-01-11">1931년 1월 11일</dateIssued>
				</publication>
			</biblioData>
		</front>
		<level3 id="ma_089_0040_0010">
			<front>
				<biblioData>
					<title>
						<mainTitle>休刊 中外日報論</mainTitle>
					</title>
					<creator>
						<author>
							<name>西京學人</name>
						</author>
					</creator>
					<subjectClass code="ma00"/>
				</biblioData>
			</front>
			<text>
				<content>
					<paragraph>
						<pTitle type="기사명">休刊 中外日報論</pTitle>
						<name role="필자">西京學人</name>
					</paragraph>
				</content>
			</text>
		</level3>
		<level3 id="ma_089_0040_0020">
			<front>
				<biblioData>
					<title>
						<mainTitle>新聞도 商品-二元論的 本質視의 誤謬</mainTitle>
					</title>
					<creator>
						<author>
							<name>薛義植</name>
						</author>
					</creator>
					<subjectClass code="ma00"/>
				</biblioData>
			</front>
			<text>
				<content>
					<paragraph>
						<pTitle type="기사명">新聞도 商品-二元論的 本質視의 誤謬</pTitle>
						<name role="필자">薛義植</name>
					</paragraph>
				</content>
			</text>
		</level3>
		<level3 id="ma_089_0040_0030">
			<front>
				<biblioData>
					<title>
						<mainTitle>記者生活과 文藝家</mainTitle>
					</title>
					<creator>
						<author>
							<name>廉尙燮</name>
						</author>
					</creator>
					<subjectClass code="ma00"/>
				</biblioData>
			</front>
			<text>
				<content>
					<paragraph>
						<pTitle type="기사명">記者生活과 文藝家</pTitle>
						<name role="필자">廉尙燮</name>
					</paragraph>
				</content>
			</text>
		</level3>
		<level3 id="ma_089_0040_0040">
			<front>
				<biblioData>
					<title>
						<mainTitle>强盜新聞</mainTitle>
					</title>
					<creator>
						<author>
							<name>李鍾鳴</name>
						</author>
					</creator>
					<subjectClass code="ma00"/>
				</biblioData>
			</front>
			<text>
				<content>
					<paragraph>
						<pTitle type="기사명">强盜新聞</pTitle>
						<name role="필자">李鍾鳴</name>
					</paragraph>
				</content>
			</text>
		</level3>
		<level3 id="ma_089_0040_0050">
			<front>
				<biblioData>
					<title>
						<mainTitle>地方讀者로 新聞經營者에게</mainTitle>
					</title>
					<creator>
						<author>
							<name>雲鷄樵夫</name>
						</author>
					</creator>
					<subjectClass code="ma00"/>
				</biblioData>
			</front>
			<text>
				<content>
					<paragraph>
						<pTitle type="기사명">地方讀者로 新聞經營者에게</pTitle>
						<name role="필자">雲鷄樵夫</name>
					</paragraph>
				</content>
			</text>
		</level3>
		<level3 id="ma_089_0040_0060">
			<front>
				<biblioData>
					<title>
						<mainTitle>두 强盜의 面影과 職業的 冷情問題</mainTitle>
					</title>
					<creator>
						<author>
							<name>李泰俊</name>
						</author>
					</creator>
					<subjectClass code="ma00"/>
				</biblioData>
			</front>
			<text>
				<content>
					<paragraph>
						<pTitle type="기사명">두 强盜의 面影과 職業的 冷情問題</pTitle>
						<name role="필자">李泰俊</name>
					</paragraph>
				</content>
			</text>
		</level3>
		<level3 id="ma_089_0040_0070">
			<front>
				<biblioData>
					<title>
						<mainTitle>新聞記者의 깃붐과 슬품</mainTitle>
					</title>
					<creator>
						<author>
							<name>李光洙</name>
						</author>
					</creator>
					<subjectClass code="ma00"/>
				</biblioData>
			</front>
			<text>
				<content>
					<paragraph>
						<pTitle type="기사명">新聞記者의 깃붐과 슬품</pTitle>
						<name role="필자">李光洙</name>
					</paragraph>
				</content>
			</text>
		</level3>
		<level3 id="ma_089_0040_0080">
			<front>
				<biblioData>
					<title>
						<mainTitle>不良學生尾行記</mainTitle>
					</title>
					<creator>
						<author>
							<name>R記者</name>
						</author>
					</creator>
					<subjectClass code="ma00"/>
				</biblioData>
			</front>
			<text>
				<content>
					<paragraph>
						<pTitle type="기사명">不良學生尾行記</pTitle>
						<name role="필자">R記者</name>
					</paragraph>
				</content>
			</text>
		</level3>
		<level3 id="ma_089_0040_0090">
			<front>
				<biblioData>
					<title>
						<mainTitle>剽竊行爲에 對한 쩌날리즘의 責任</mainTitle>
					</title>
					<creator>
						<author>
							<name>片石村</name>
						</author>
					</creator>
					<subjectClass code="ma00"/>
				</biblioData>
			</front>
			<text>
				<content>
					<paragraph>
						<pTitle type="기사명">剽竊行爲에 對한 쩌날리즘의 責任</pTitle>
						<name role="필자">片石村</name>
					</paragraph>
				</content>
			</text>
		</level3>
		<level3 id="ma_089_0040_0100">
			<front>
				<biblioData>
					<title>
						<mainTitle>新聞記者의 幻想棄兒事件을 쓰고</mainTitle>
					</title>
					<creator>
						<author>
							<name>鄭寅翼</name>
						</author>
					</creator>
					<subjectClass code="ma00"/>
				</biblioData>
			</front>
			<text>
				<content>
					<paragraph>
						<pTitle type="기사명">新聞記者의 幻想棄兒事件을 쓰고</pTitle>
						<name role="필자">鄭寅翼</name>
					</paragraph>
				</content>
			</text>
		</level3>
		<level3 id="ma_089_0040_0110">
			<front>
				<biblioData>
					<title>
						<mainTitle>쏘위엣트 露西亞의 붉은 新聞</mainTitle>
					</title>
					<creator>
						<author>
							<name>金世鎔</name>
						</author>
					</creator>
					<subjectClass code="ma00"/>
				</biblioData>
			</front>
			<text>
				<content>
					<paragraph>
						<pTitle type="기사명">쏘위엣트 露西亞의 붉은 新聞</pTitle>
						<name role="필자">金世鎔</name>
					</paragraph>
				</content>
			</text>
		</level3>
		<level3 id="ma_089_0040_0120">
			<front>
				<biblioData>
					<title>
						<mainTitle>獨逸及英國 新聞界 巡訪印象</mainTitle>
					</title>
					<creator>
						<author>
							<name>金賢準</name>
						</author>
					</creator>
					<subjectClass code="ma00"/>
				</biblioData>
			</front>
			<text>
				<content>
					<paragraph>
						<pTitle type="기사명">獨逸及英國 新聞界 巡訪印象</pTitle>
						<name role="필자">金賢準</name>
					</paragraph>
				</content>
			</text>
		</level3>
		<level3 id="ma_089_0040_0130">
			<front>
				<biblioData>
					<title>
						<mainTitle>三大新聞社 人材巡禮</mainTitle>
					</title>
					<creator>
						<author>
							<name>覆面記者</name>
						</author>
					</creator>
					<subjectClass code="ma00"/>
				</biblioData>
			</front>
			<text>
				<content>
					<paragraph>
						<pTitle type="기사명">三大新聞社 人材巡禮</pTitle>
						<name role="필자">覆面記者</name>
					</paragraph>
				</content>
			</text>
		</level3>
		<level3 id="ma_089_0040_0140">
			<front>
				<biblioData>
					<title>
						<mainTitle>新聞語辭典</mainTitle>
					</title>
					<creator>
						<author>
							<name>編輯部</name>
						</author>
					</creator>
					<subjectClass code="ma00"/>
				</biblioData>
			</front>
			<text>
				<content>
					<paragraph>
						<pTitle type="기사명">新聞語辭典</pTitle>
						<name role="필자">編輯部</name>
					</paragraph>
				</content>
			</text>
		</level3>
		<level3 id="ma_089_0040_0150">
			<front>
				<biblioData>
					<title>
						<mainTitle>新聞講座</mainTitle>
					</title>
					<creator>
						<author>
							<name>編輯部</name>
						</author>
					</creator>
					<subjectClass code="ma00"/>
				</biblioData>
			</front>
			<text>
				<content>
					<paragraph>
						<pTitle type="기사명">新聞講座</pTitle>
						<name role="필자">編輯部</name>
					</paragraph>
				</content>
			</text>
		</level3>
	</level2>
</level1>
