<?xml version="1.0" encoding="UTF-8"?>
<!DOCTYPE level1 SYSTEM "history.dtd">
<level1 id="ma_062">
	<front>
		<biblioData type="목차제공잡지">
			<title>
				<mainTitle>근우</mainTitle>
			</title>
			<binderPeriod begin="1929-05-00" end="1929-05-00"/>
		</biblioData>
		<description>
			<biblioExplanation groupID="02" groupName="일제시기 잡지 해제" id="ma_062_exp" name="근우 槿友">
				<content>
					<paragraph>1920년대 여성운동의 성별조직인 근우회의 기관지로 1929년 5월 10일 창간되었다. 1927년 5월 27일 조직된 근우회(槿友會)가 조직된지 2년여 만에 간행하였다. 창간호이후 더 이상 간행하지 못하였다. 창간호는 일제의 검열로 많은 원고들이 삭제된 채로 간행되었고, 제2호를 발간하려 했으나 원고를 압수 당하여 뜻을 이루지 못하였다. 신간회(新幹會)가 기관지를 한번도 내지 못한데 반하여 근우회의 경우는 기관지를 내었다는 데 그 의미가 있을 것이다. {근우}는 근우회 운동에 대한 회원들의 인식통일을 위한 교재로 지회 단위에서 널리 읽혔다. 한국여성연구회 편 {여성} 3호(1989)에 제1호의 목차와 주요한 글과 해설을 볼 수 있다.   창간호에는 근우회의 선언과 강령이 실려있고 조사부 명의로 근우회의 회황 일람이 실려있어 근우회를 이해하는데 기본적인 자료라고 할 수 있다. 근우회의 강령은 '一, 조선여자의 공고한 단결을 도모함. 一. 조선여자의 지위향상을 도모함'이다. 이 강령은 1927년 7월 근우회 전국대회에서 수정되었다. 수정된 강령은 잡지에서 확인할 수는 없으나 '一, 조선여성의 역사적 사명을 수향키 위하야 공고한 단결과 의식적 훈련을 기함, 一. 조선 여성의 정치적 경제적 사회적, 전적 이익의 옹호를 기함'으로 되어있다. 신간회와 마찬가지로 공개적 단체인 점을 고려하여 포괄적 강령을 내세웠다.  1920년대 여성운동의 대표적 인물이며 근우회에서도 핵심적인 역할을 하던 정종명(鄭鍾鳴), 허정숙(許貞淑), 정칠성(丁七星)이 각각 「근우회 운동의 회고」, 「근우회 운동의 역사적 지위와 당면 임무」, 「의식적 각성으로부터 - 무산부인의 생활에서」 등을 싣고 있다. 정종명의 글은 삭제당하여 실리지 못하였다. 그 외에도 H생의 평론 중 '근우회에 대한 인식착오' '여자청년회 문제' C생의 「목포지회 분규상황」등이 삭제당하여 제목만 확인할 수 있다. 근우회는 " ... 그러나 일반만을 고조하여 특수를 망각하여서는 안된다. 고로 우리는 조선여성운동을 전개함에 있어서 조선여성의 특수점을 고려하여 여성 따로의 전체적 기관을 가지게 되었나니, 여사한 조직으로써만 능히 현재의 조선여성을 유력하게 지도할 수 있는 것을 간파하였기 때문이다."(창간호 '근우회 선언' 중에서)라고 하여 여성들만의 성별 조직을 조직함을 설명하고 있다. 근우회의 성격을 이해하는데 가장 기본적인 자료라 하겠다.</paragraph>
				</content>
			</biblioExplanation>
		</description>
	</front>
	<level2 id="ma_062_0010">
		<front>
			<biblioData>
				<title>
					<mainTitle volume="제1호">근우 제1호</mainTitle>
				</title>
				<publication>
					<publisher/>
					<dateIssued date="1929-05-10">1929년 5월 10일</dateIssued>
				</publication>
			</biblioData>
			<illustGroup>
				<illustration begin="ma_062_0010_0001" end="ma_062_0010_0136"/>
			</illustGroup>
		</front>
		<level3 id="ma_062_0010_0010">
			<front>
				<biblioData>
					<title>
						<mainTitle>卷頭言-槿友發行에 際하야</mainTitle>
						<alternative lang="kor">권두언-근우발행에 제하야</alternative>
					</title>
					<subjectClass code="ma00"/>
				</biblioData>
				<illustGroup>
					<illustration begin="ma_062_0010_0007" end="ma_062_0010_0007"/>
				</illustGroup>
			</front>
			<text>
				<content>
					<paragraph>
						<pTitle type="기사명">卷頭言-槿友發行에 際하야 (권두언-근우발행에 제하야)</pTitle>
					</paragraph>
				</content>
			</text>
		</level3>
		<level3 id="ma_062_0010_0020">
			<front>
				<biblioData>
					<title>
						<mainTitle>槿友會綱領</mainTitle>
						<alternative lang="kor">근우회강령</alternative>
					</title>
					<subjectClass code="ma00"/>
				</biblioData>
				<illustGroup>
					<illustration begin="ma_062_0010_0008" end="ma_062_0010_0008"/>
				</illustGroup>
			</front>
			<text>
				<content>
					<paragraph>
						<pTitle type="기사명">槿友會綱領 (근우회강령)</pTitle>
					</paragraph>
				</content>
			</text>
		</level3>
		<level3 id="ma_062_0010_0030">
			<front>
				<biblioData>
					<title>
						<mainTitle>槿友會宣言</mainTitle>
						<alternative lang="kor">근우회선언</alternative>
					</title>
					<subjectClass code="ma00"/>
				</biblioData>
				<illustGroup>
					<illustration begin="ma_062_0010_0009" end="ma_062_0010_0010"/>
				</illustGroup>
			</front>
			<text>
				<content>
					<paragraph>
						<pTitle type="기사명">槿友會宣言 (근우회선언)</pTitle>
					</paragraph>
				</content>
			</text>
		</level3>
		<level3 id="ma_062_0010_0040">
			<front>
				<biblioData>
					<title>
						<mainTitle>槿友會運動의 歷史的 地位와 當面任務</mainTitle>
						<alternative lang="kor">근우회운동의 력사적 지위와 당면임무</alternative>
					</title>
					<creator>
						<author>
							<name>許貞淑</name>
							<name lang="kor">허정숙</name>
						</author>
					</creator>
					<subjectClass code="ma00"/>
				</biblioData>
				<illustGroup>
					<illustration begin="ma_062_0010_0011" end="ma_062_0010_0019"/>
				</illustGroup>
			</front>
			<text>
				<content>
					<paragraph>
						<pTitle type="기사명">槿友會運動의 歷史的 地位와 當面任務 (근우회운동의 력사적 지위와 당면임무)</pTitle>
						<name role="필자">許貞淑</name>
					</paragraph>
				</content>
			</text>
		</level3>
		<level3 id="ma_062_0010_0050">
			<front>
				<biblioData>
					<title>
						<mainTitle>朝鮮 女性運動의 現在</mainTitle>
						<alternative lang="kor">조선 녀성운동의 현재</alternative>
					</title>
					<creator>
						<author>
							<name>裵成龍</name>
							<name lang="kor">배성룡</name>
						</author>
					</creator>
					<subjectClass code="ma00"/>
				</biblioData>
				<illustGroup>
					<illustration begin="ma_062_0010_0020" end="ma_062_0010_0026"/>
				</illustGroup>
			</front>
			<text>
				<content>
					<paragraph>
						<pTitle type="기사명">朝鮮 女性運動의 現在 (조선 녀성운동의 현재)</pTitle>
						<name role="필자">裵成龍</name>
					</paragraph>
				</content>
			</text>
		</level3>
		<level3 id="ma_062_0010_0060">
			<front>
				<biblioData>
					<title>
						<mainTitle>槿友會의 任務와 發展策</mainTitle>
						<alternative lang="kor">근우회의 임무와 발전책</alternative>
					</title>
					<creator>
						<author>
							<name>鄭憲台</name>
							<name lang="kor">정헌태</name>
						</author>
					</creator>
					<subjectClass code="ma00"/>
				</biblioData>
				<illustGroup>
					<illustration begin="ma_062_0010_0027" end="ma_062_0010_0028"/>
				</illustGroup>
			</front>
			<text>
				<content>
					<paragraph>
						<pTitle type="기사명">槿友會의 任務와 發展策 (근우회의 임무와 발전책)</pTitle>
						<name role="필자">鄭憲台</name>
					</paragraph>
				</content>
			</text>
		</level3>
		<level3 id="ma_062_0010_0070">
			<front>
				<biblioData>
					<title>
						<mainTitle>內外國 婦人運動의 情勢</mainTitle>
						<alternative lang="kor">내외국 부인운동의 정세</alternative>
					</title>
					<creator>
						<author>
							<name>秋川</name>
							<name lang="kor">추천</name>
						</author>
					</creator>
					<subjectClass code="ma00"/>
				</biblioData>
				<illustGroup>
					<illustration begin="ma_062_0010_0029" end="ma_062_0010_0032"/>
				</illustGroup>
			</front>
			<text>
				<content>
					<paragraph>
						<pTitle type="기사명">內外國 婦人運動의 情勢 (내외국 부인운동의 정세)</pTitle>
						<name role="필자">秋川</name>
					</paragraph>
				</content>
			</text>
		</level3>
		<level3 id="ma_062_0010_0080">
			<front>
				<biblioData>
					<title>
						<mainTitle>槿友會運動에 對한 各方面人士의 期待-家庭婦人解放</mainTitle>
						<alternative lang="kor">근우회운동에 대한 각방면인사의 기대-가정부인해방</alternative>
					</title>
					<creator>
						<author>
							<name>洪秉璇</name>
							<name lang="kor">홍병선</name>
						</author>
					</creator>
					<subjectClass code="ma00"/>
				</biblioData>
				<illustGroup>
					<illustration begin="ma_062_0010_0033" end="ma_062_0010_0034"/>
				</illustGroup>
			</front>
			<text>
				<content>
					<paragraph>
						<pTitle type="기사명">槿友會運動에 對한 各方面人士의 期待-家庭婦人解放 (근우회운동에 대한 각방면인사의 기대-가정부인해방)</pTitle>
						<name role="필자">洪秉璇</name>
					</paragraph>
				</content>
			</text>
		</level3>
		<level3 id="ma_062_0010_0090">
			<front>
				<biblioData>
					<title>
						<mainTitle>槿友會運動에 對한 各方面人士의 期待-먼저 應分의 義務를 다하라</mainTitle>
						<alternative lang="kor">근우회운동에 대한 각방면인사의 기대-먼저 응분의 의무를 다하라</alternative>
					</title>
					<creator>
						<author>
							<name>李鍾麟</name>
							<name lang="kor">이종린</name>
						</author>
					</creator>
					<subjectClass code="ma00"/>
				</biblioData>
				<illustGroup>
					<illustration begin="ma_062_0010_0034" end="ma_062_0010_0036"/>
				</illustGroup>
			</front>
			<text>
				<content>
					<paragraph>
						<pTitle type="기사명">槿友會運動에 對한 各方面人士의 期待-먼저 應分의 義務를 다하라 (근우회운동에 대한 각방면인사의 기대-먼저 응분의 의무를 다하라)</pTitle>
						<name role="필자">李鍾麟</name>
					</paragraph>
				</content>
			</text>
		</level3>
		<level3 id="ma_062_0010_0100">
			<front>
				<biblioData>
					<title>
						<mainTitle>槿友會運動에 對한 各方面人士의 期待-政治的 意識 覺醒을</mainTitle>
						<alternative lang="kor">근우회운동에 대한 각방면인사의 기대-정치적 의식 각성을</alternative>
					</title>
					<creator>
						<author>
							<name>洪命熹</name>
							<name lang="kor">홍명희</name>
						</author>
					</creator>
					<subjectClass code="ma00"/>
				</biblioData>
				<illustGroup>
					<illustration begin="ma_062_0010_0036" end="ma_062_0010_0036"/>
				</illustGroup>
			</front>
			<text>
				<content>
					<paragraph>
						<pTitle type="기사명">槿友會運動에 對한 各方面人士의 期待-政治的 意識 覺醒을 (근우회운동에 대한 각방면인사의 기대-정치적 의식 각성을)</pTitle>
						<name role="필자">洪命熹</name>
					</paragraph>
				</content>
			</text>
		</level3>
		<level3 id="ma_062_0010_0110">
			<front>
				<biblioData>
					<title>
						<mainTitle>槿友會運動에 對한 各方面人士의 期待-적은 일로부터</mainTitle>
						<alternative lang="kor">근우회운동에 대한 각방면인사의 기대-적은 일로부터</alternative>
					</title>
					<creator>
						<author>
							<name>韓龍雲</name>
							<name lang="kor">한용운</name>
						</author>
					</creator>
					<subjectClass code="ma00"/>
				</biblioData>
				<illustGroup>
					<illustration begin="ma_062_0010_0036" end="ma_062_0010_0037"/>
				</illustGroup>
			</front>
			<text>
				<content>
					<paragraph>
						<pTitle type="기사명">槿友會運動에 對한 各方面人士의 期待-적은 일로부터 (근우회운동에 대한 각방면인사의 기대-적은 일로부터)</pTitle>
						<name role="필자">韓龍雲</name>
					</paragraph>
				</content>
			</text>
		</level3>
		<level3 id="ma_062_0010_0120">
			<front>
				<biblioData>
					<title>
						<mainTitle>槿友會運動에 對한 各方面人士의 期待-家庭婦人의 敎育에</mainTitle>
						<alternative lang="kor">근우회운동에 대한 각방면인사의 기대-가정부인의 교육에</alternative>
					</title>
					<creator>
						<author>
							<name>宋鎭禹</name>
							<name lang="kor">송진우</name>
						</author>
					</creator>
					<subjectClass code="ma00"/>
				</biblioData>
				<illustGroup>
					<illustration begin="ma_062_0010_0037" end="ma_062_0010_0037"/>
				</illustGroup>
			</front>
			<text>
				<content>
					<paragraph>
						<pTitle type="기사명">槿友會運動에 對한 各方面人士의 期待-家庭婦人의 敎育에 (근우회운동에 대한 각방면인사의 기대-가정부인의 교육에)</pTitle>
						<name role="필자">宋鎭禹</name>
					</paragraph>
				</content>
			</text>
		</level3>
		<level3 id="ma_062_0010_0130">
			<front>
				<biblioData>
					<title>
						<mainTitle>槿友會運動에 對한 各方面人士의 期待-朝鮮現實에 適應한 運動에로</mainTitle>
						<alternative lang="kor">근우회운동에 대한 각방면인사의 기대-조선현실에 적응한 운동에로</alternative>
					</title>
					<creator>
						<author>
							<name>金起田</name>
							<name lang="kor">김기전</name>
						</author>
					</creator>
					<subjectClass code="ma00"/>
				</biblioData>
				<illustGroup>
					<illustration begin="ma_062_0010_0037" end="ma_062_0010_0038"/>
				</illustGroup>
			</front>
			<text>
				<content>
					<paragraph>
						<pTitle type="기사명">槿友會運動에 對한 各方面人士의 期待-朝鮮現實에 適應한 運動에로 (근우회운동에 대한 각방면인사의 기대-조선현실에 적응한 운동에로)</pTitle>
						<name role="필자">金起田</name>
					</paragraph>
				</content>
			</text>
		</level3>
		<level3 id="ma_062_0010_0140">
			<front>
				<biblioData>
					<title>
						<mainTitle>槿友會運動에 對한 各方面人士의 期待-먼저 敎養으로부터</mainTitle>
						<alternative lang="kor">근우회운동에 대한 각방면인사의 기대-먼저 교양으로부터</alternative>
					</title>
					<creator>
						<author>
							<name>金東爀</name>
							<name lang="kor">김동혁</name>
						</author>
					</creator>
					<subjectClass code="ma00"/>
				</biblioData>
				<illustGroup>
					<illustration begin="ma_062_0010_0038" end="ma_062_0010_0038"/>
				</illustGroup>
			</front>
			<text>
				<content>
					<paragraph>
						<pTitle type="기사명">人士의 期待-먼저 敎養으로부터 (근우회운동에 대한 각방면인사의 기대-먼저 교양으로부터)</pTitle>
						<name role="필자">金東爀</name>
					</paragraph>
				</content>
			</text>
		</level3>
		<level3 id="ma_062_0010_0150">
			<front>
				<biblioData>
					<title>
						<mainTitle>槿友會運動에 對한 各方面人士의 期待-勞動婦人의 組織化를</mainTitle>
						<alternative lang="kor">근우회운동에 대한 각방면인사의 기대-로동부인의 조직화를</alternative>
					</title>
					<creator>
						<author>
							<name>張麟</name>
							<name lang="kor">장린</name>
						</author>
					</creator>
					<subjectClass code="ma00"/>
				</biblioData>
				<illustGroup>
					<illustration begin="ma_062_0010_0039" end="ma_062_0010_0040"/>
				</illustGroup>
			</front>
			<text>
				<content>
					<paragraph>
						<pTitle type="기사명">槿友會運動에 對한 各方面人士의 期待-勞動婦人의 組織化를 (근우회운동에 대한 각방면인사의 기대-로동부인의 조직화를)</pTitle>
						<name role="필자">張麟</name>
					</paragraph>
				</content>
			</text>
		</level3>
		<level3 id="ma_062_0010_0160">
			<front>
				<biblioData>
					<title>
						<mainTitle>意識的 覺醒으로부터</mainTitle>
						<alternative lang="kor">의식적 각성으로부터</alternative>
					</title>
					<creator>
						<author>
							<name>丁七星</name>
							<name lang="kor">정칠성</name>
						</author>
					</creator>
					<subjectClass code="ma00"/>
				</biblioData>
				<illustGroup>
					<illustration begin="ma_062_0010_0041" end="ma_062_0010_0043"/>
				</illustGroup>
			</front>
			<text>
				<content>
					<paragraph>
						<pTitle type="기사명">意識的 覺醒으로부터 (의식적 각성으로부터)</pTitle>
						<name role="필자">丁七星</name>
					</paragraph>
				</content>
			</text>
		</level3>
		<level3 id="ma_062_0010_0170">
			<front>
				<biblioData>
					<title>
						<mainTitle>槿友運動의 意義와 展望</mainTitle>
						<alternative lang="kor">근우운동의 의의와 전망</alternative>
					</title>
					<creator>
						<author>
							<name>李時琓</name>
							<name lang="kor">이시완</name>
						</author>
					</creator>
					<subjectClass code="ma00"/>
				</biblioData>
				<illustGroup>
					<illustration begin="ma_062_0010_0044" end="ma_062_0010_0046"/>
				</illustGroup>
			</front>
			<text>
				<content>
					<paragraph>
						<pTitle type="기사명">槿友運動의 意義와 展望 (근우운동의 의의와 전망)</pTitle>
						<name role="필자">李時琓</name>
					</paragraph>
				</content>
			</text>
		</level3>
		<level3 id="ma_062_0010_0180">
			<front>
				<biblioData>
					<title>
						<mainTitle>今後의 朝鮮 女性運動</mainTitle>
						<alternative lang="kor">금후의 조선 녀성운동</alternative>
					</title>
					<creator>
						<author>
							<name>李晟煥</name>
							<name lang="kor">이성환</name>
						</author>
					</creator>
					<subjectClass code="ma00"/>
				</biblioData>
				<illustGroup>
					<illustration begin="ma_062_0010_0047" end="ma_062_0010_0049"/>
				</illustGroup>
			</front>
			<text>
				<content>
					<paragraph>
						<pTitle type="기사명">今後의 朝鮮 女性運動 (금후의 조선 녀성운동)</pTitle>
						<name role="필자">李晟煥</name>
					</paragraph>
				</content>
			</text>
		</level3>
		<level3 id="ma_062_0010_0190">
			<front>
				<biblioData>
					<title>
						<mainTitle>부인강좌-경제조직의 변천과 부인의 지위</mainTitle>
						<alternative lang="kor">부인강좌-경제조직의 변천과 부인의 지위</alternative>
					</title>
					<creator>
						<author>
							<name>斗星</name>
							<name lang="kor">두성</name>
						</author>
					</creator>
					<subjectClass code="ma00"/>
				</biblioData>
				<illustGroup>
					<illustration begin="ma_062_0010_0050" end="ma_062_0010_0055"/>
				</illustGroup>
			</front>
			<text>
				<content>
					<paragraph>
						<pTitle type="기사명">부인강좌-경제조직의 변천과 부인의 지위 (부인강좌-경제조직의 변천과 부인의 지위)</pTitle>
						<name role="필자">斗星</name>
					</paragraph>
				</content>
			</text>
		</level3>
		<level3 id="ma_062_0010_0200">
			<front>
				<biblioData>
					<title>
						<mainTitle>評論</mainTitle>
						<alternative lang="kor">평론</alternative>
					</title>
					<creator>
						<author>
							<name>H生</name>
							<name lang="kor">H생</name>
						</author>
					</creator>
					<subjectClass code="ma00"/>
				</biblioData>
				<illustGroup>
					<illustration begin="ma_062_0010_0056" end="ma_062_0010_0061"/>
				</illustGroup>
			</front>
			<text>
				<content>
					<paragraph>
						<pTitle type="기사명">評論 (평론)</pTitle>
						<name role="필자">H生</name>
					</paragraph>
				</content>
			</text>
		</level3>
		<level3 id="ma_062_0010_0210">
			<front>
				<biblioData>
					<title>
						<mainTitle>會員으로서의 希望-本會 綱領을 생각하면서</mainTitle>
						<alternative lang="kor">회원으로서의 희망-본회 강령을 생각하면서</alternative>
					</title>
					<creator>
						<author>
							<name>金善</name>
							<name lang="kor">김선</name>
						</author>
					</creator>
					<subjectClass code="ma00"/>
				</biblioData>
				<illustGroup>
					<illustration begin="ma_062_0010_0062" end="ma_062_0010_0063"/>
				</illustGroup>
			</front>
			<text>
				<content>
					<paragraph>
						<pTitle type="기사명">會員으로서의 希望-本會 綱領을 생각하면서 (회원으로서의 희망-본회 강령을 생각하면서)</pTitle>
						<name role="필자">金善</name>
					</paragraph>
				</content>
			</text>
		</level3>
		<level3 id="ma_062_0010_0220">
			<front>
				<biblioData>
					<title>
						<mainTitle>會員으로서의 希望-女性各自의 意識的 動員에서</mainTitle>
						<alternative lang="kor">회원으로서의 희망-녀성각자의 의식적 동원에서</alternative>
					</title>
					<creator>
						<author>
							<name>禹鳳雲</name>
							<name lang="kor">우봉운</name>
						</author>
					</creator>
					<subjectClass code="ma00"/>
				</biblioData>
				<illustGroup>
					<illustration begin="ma_062_0010_0063" end="ma_062_0010_0064"/>
				</illustGroup>
			</front>
			<text>
				<content>
					<paragraph>
						<pTitle type="기사명">會員으로서의 希望-女性各自의 意識的 動員에서 (회원으로서의 희망-녀성각자의 의식적 동원에서)</pTitle>
						<name role="필자">禹鳳雲</name>
					</paragraph>
				</content>
			</text>
		</level3>
		<level3 id="ma_062_0010_0230">
			<front>
				<biblioData>
					<title>
						<mainTitle>會員으로서의 希望-會員의 義務的 實行을</mainTitle>
						<alternative lang="kor">회원으로서의 희망-회원의 의무적 실행을</alternative>
					</title>
					<creator>
						<author>
							<name>洪恩希</name>
							<name lang="kor">홍은희</name>
						</author>
					</creator>
					<subjectClass code="ma00"/>
				</biblioData>
				<illustGroup>
					<illustration begin="ma_062_0010_0064" end="ma_062_0010_0066"/>
				</illustGroup>
			</front>
			<text>
				<content>
					<paragraph>
						<pTitle type="기사명">會員으로서의 希望-會員의 義務的 實行을 (회원으로서의 희망-회원의 의무적 실행을)</pTitle>
						<name role="필자">洪恩希</name>
					</paragraph>
				</content>
			</text>
		</level3>
		<level3 id="ma_062_0010_0240">
			<front>
				<biblioData>
					<title>
						<mainTitle>會員으로서의 希望-啓蒙運動에서부터</mainTitle>
						<alternative lang="kor">회원으로서의 희망-계몽운동에서부터</alternative>
					</title>
					<creator>
						<author>
							<name>金貞瑗</name>
							<name lang="kor">김정원</name>
						</author>
					</creator>
					<subjectClass code="ma00"/>
				</biblioData>
				<illustGroup>
					<illustration begin="ma_062_0010_0066" end="ma_062_0010_0067"/>
				</illustGroup>
			</front>
			<text>
				<content>
					<paragraph>
						<pTitle type="기사명">會員으로서의 希望-啓蒙運動에서부터 (회원으로서의 희망-계몽운동에서부터)</pTitle>
						<name role="필자">金貞瑗</name>
					</paragraph>
				</content>
			</text>
		</level3>
		<level3 id="ma_062_0010_0250">
			<front>
				<biblioData>
					<title>
						<mainTitle>會員으로서의 希望-우리 本位의 敎養을 普及하자</mainTitle>
						<alternative lang="kor">회원으로서의 희망-우리 본위의 교양을 보급하자</alternative>
					</title>
					<creator>
						<author>
							<name>金英淳</name>
							<name lang="kor">김영순</name>
						</author>
					</creator>
					<subjectClass code="ma00"/>
				</biblioData>
				<illustGroup>
					<illustration begin="ma_062_0010_0067" end="ma_062_0010_0067"/>
				</illustGroup>
			</front>
			<text>
				<content>
					<paragraph>
						<pTitle type="기사명">會員으로서의 希望-우리 本位의 敎養을 普及하자 (회원으로서의 희망-우리 본위의 교양을 보급하자)</pTitle>
						<name role="필자">金英淳</name>
					</paragraph>
				</content>
			</text>
		</level3>
		<level3 id="ma_062_0010_0260">
			<front>
				<biblioData>
					<title>
						<mainTitle>會員으로서의 希望-事業에 꾸준하자</mainTitle>
						<alternative lang="kor">회원으로서의 희망-사업에 꾸준하자</alternative>
					</title>
					<creator>
						<author>
							<name>金活蘭</name>
							<name lang="kor">김활란</name>
						</author>
					</creator>
					<subjectClass code="ma00"/>
				</biblioData>
				<illustGroup>
					<illustration begin="ma_062_0010_0068" end="ma_062_0010_0068"/>
				</illustGroup>
			</front>
			<text>
				<content>
					<paragraph>
						<pTitle type="기사명">會員으로서의 希望-事業에 꾸준하자 (회원으로서의 희망-사업에 꾸준하자)</pTitle>
						<name role="필자">金活蘭</name>
					</paragraph>
				</content>
			</text>
		</level3>
		<level3 id="ma_062_0010_0270">
			<front>
				<biblioData>
					<title>
						<mainTitle>會員으로서의 希望-가갸부터 알리우자</mainTitle>
						<alternative lang="kor">회원으로서의 희망-가갸부터 알리우자</alternative>
					</title>
					<creator>
						<author>
							<name>金貞媛</name>
							<name lang="kor">김정원</name>
						</author>
					</creator>
					<subjectClass code="ma00"/>
				</biblioData>
				<illustGroup>
					<illustration begin="ma_062_0010_0068" end="ma_062_0010_0068"/>
				</illustGroup>
			</front>
			<text>
				<content>
					<paragraph>
						<pTitle type="기사명">會員으로서의 希望-가갸부터 알리우자 (회원으로서의 희망-가갸부터 알리우자)</pTitle>
						<name role="필자">金貞媛</name>
					</paragraph>
				</content>
			</text>
		</level3>
		<level3 id="ma_062_0010_0280">
			<front>
				<biblioData>
					<title>
						<mainTitle>婦人의 文學的 地位</mainTitle>
						<alternative lang="kor">부인의 문학적 지위</alternative>
					</title>
					<creator>
						<author>
							<name>李箕永</name>
							<name lang="kor">이기영</name>
						</author>
					</creator>
					<subjectClass code="ma00"/>
				</biblioData>
				<illustGroup>
					<illustration begin="ma_062_0010_0069" end="ma_062_0010_0072"/>
				</illustGroup>
			</front>
			<text>
				<content>
					<paragraph>
						<pTitle type="기사명">婦人의 文學的 地位 (부인의 문학적 지위)</pTitle>
						<name role="필자">李箕永</name>
					</paragraph>
				</content>
			</text>
		</level3>
		<level3 id="ma_062_0010_0290">
			<front>
				<biblioData>
					<title>
						<mainTitle>槿友運動과 財政方針에 對하야</mainTitle>
						<alternative lang="kor">근우운동과 재정방침에 대하야</alternative>
					</title>
					<creator>
						<author>
							<name>韓晨光</name>
							<name lang="kor">한신광</name>
						</author>
					</creator>
					<subjectClass code="ma00"/>
				</biblioData>
				<illustGroup>
					<illustration begin="ma_062_0010_0073" end="ma_062_0010_0075"/>
				</illustGroup>
			</front>
			<text>
				<content>
					<paragraph>
						<pTitle type="기사명">槿友運動과 財政方針에 對하야 (근우운동과 재정방침에 대하야)</pTitle>
						<name role="필자">韓晨光</name>
					</paragraph>
				</content>
			</text>
		</level3>
		<level3 id="ma_062_0010_0300">
			<front>
				<biblioData>
					<title>
						<mainTitle>女職工訪問記</mainTitle>
						<alternative lang="kor">녀직공방문기</alternative>
					</title>
					<creator>
						<author>
							<name>朴昊辰</name>
							<name lang="kor">박호신</name>
						</author>
					</creator>
					<subjectClass code="ma00"/>
				</biblioData>
				<illustGroup>
					<illustration begin="ma_062_0010_0076" end="ma_062_0010_0079"/>
				</illustGroup>
			</front>
			<text>
				<content>
					<paragraph>
						<pTitle type="기사명">女職工訪問記 (녀직공방문기)</pTitle>
						<name role="필자">朴昊辰</name>
					</paragraph>
				</content>
			</text>
		</level3>
		<level3 id="ma_062_0010_0310">
			<front>
				<biblioData>
					<title>
						<mainTitle>K兄에게 드리는 글</mainTitle>
						<alternative lang="kor">K형에게 드리는 글</alternative>
					</title>
					<creator>
						<author>
							<name>申貞均</name>
							<name lang="kor">신정균</name>
						</author>
					</creator>
					<subjectClass code="ma00"/>
				</biblioData>
				<illustGroup>
					<illustration begin="ma_062_0010_0080" end="ma_062_0010_0087"/>
				</illustGroup>
			</front>
			<text>
				<content>
					<paragraph>
						<pTitle type="기사명">K兄에게 드리는 글 (K형에게 드리는 글)</pTitle>
						<name role="필자">申貞均</name>
					</paragraph>
				</content>
			</text>
		</level3>
		<level3 id="ma_062_0010_0320">
			<front>
				<biblioData>
					<title>
						<mainTitle>槿友會會況一覽</mainTitle>
						<alternative lang="kor">근우회회황일람</alternative>
					</title>
					<creator>
						<author>
							<name>調査部</name>
							<name lang="kor">조사부</name>
						</author>
					</creator>
					<subjectClass code="ma00"/>
				</biblioData>
				<illustGroup>
					<illustration begin="ma_062_0010_0088" end="ma_062_0010_0099"/>
				</illustGroup>
			</front>
			<text>
				<content>
					<paragraph>
						<pTitle type="기사명">槿友會會況一覽 (근우회회황일람)</pTitle>
						<name role="필자">調査部</name>
					</paragraph>
				</content>
			</text>
		</level3>
		<level3 id="ma_062_0010_0330">
			<front>
				<biblioData>
					<title>
						<mainTitle>3.8 우리의 名節 그 歷史的 意義는 이럿다</mainTitle>
						<alternative lang="kor">3.8 우리의 명절 그 력사적 의의는 이럿다</alternative>
					</title>
					<creator>
						<author>
							<name>白牙生</name>
							<name lang="kor">백아생</name>
						</author>
					</creator>
					<subjectClass code="ma00"/>
				</biblioData>
				<illustGroup>
					<illustration begin="ma_062_0010_0100" end="ma_062_0010_0102"/>
				</illustGroup>
			</front>
			<text>
				<content>
					<paragraph>
						<pTitle type="기사명">3.8 우리의 名節 그 歷史的 意義는 이럿다 (우리의 명절 그 력사적 의의는 이럿다)</pTitle>
						<name role="필자">白牙生</name>
					</paragraph>
				</content>
			</text>
		</level3>
		<level3 id="ma_062_0010_0340">
			<front>
				<biblioData>
					<title>
						<mainTitle>質問欄</mainTitle>
						<alternative lang="kor">질문란</alternative>
					</title>
					<subjectClass code="ma00"/>
				</biblioData>
				<illustGroup>
					<illustration begin="ma_062_0010_0103" end="ma_062_0010_0106"/>
				</illustGroup>
			</front>
			<text>
				<content>
					<paragraph>
						<pTitle type="기사명">質問欄 (질문란)</pTitle>
					</paragraph>
				</content>
			</text>
		</level3>
		<level3 id="ma_062_0010_0350">
			<front>
				<biblioData>
					<title>
						<mainTitle>投稿函-美人展覽會</mainTitle>
						<alternative lang="kor">투고함-미인전람회</alternative>
					</title>
					<creator>
						<author>
							<name>K生</name>
							<name lang="kor">K생</name>
						</author>
					</creator>
					<subjectClass code="ma00"/>
				</biblioData>
				<illustGroup>
					<illustration begin="ma_062_0010_0107" end="ma_062_0010_0108"/>
				</illustGroup>
			</front>
			<text>
				<content>
					<paragraph>
						<pTitle type="기사명">投稿函-美人展覽會 (투고함-미인전람회)</pTitle>
						<name role="필자">K生</name>
					</paragraph>
				</content>
			</text>
		</level3>
		<level3 id="ma_062_0010_0360">
			<front>
				<biblioData>
					<title>
						<mainTitle>놀부瓢</mainTitle>
						<alternative lang="kor">놀부표</alternative>
					</title>
					<creator>
						<author>
							<name>흥부</name>
							<name lang="kor">흥부</name>
						</author>
					</creator>
					<subjectClass code="ma00"/>
				</biblioData>
				<illustGroup>
					<illustration begin="ma_062_0010_0109" end="ma_062_0010_0111"/>
				</illustGroup>
			</front>
			<text>
				<content>
					<paragraph>
						<pTitle type="기사명">놀부瓢 (놀부표)</pTitle>
						<name role="필자">흥부</name>
					</paragraph>
				</content>
			</text>
		</level3>
		<level3 id="ma_062_0010_0370">
			<front>
				<biblioData>
					<title>
						<mainTitle>短篇小說 그림자</mainTitle>
						<alternative lang="kor">단편소설 그림자</alternative>
					</title>
					<creator>
						<author>
							<name>李泰俊</name>
							<name lang="kor">이태준</name>
						</author>
					</creator>
					<subjectClass code="ma00"/>
				</biblioData>
				<illustGroup>
					<illustration begin="ma_062_0010_0112" end="ma_062_0010_0127"/>
				</illustGroup>
			</front>
			<text>
				<content>
					<paragraph>
						<pTitle type="기사명">短篇小說 그림자 (단편소설 그림자)</pTitle>
						<name role="필자">李泰俊</name>
					</paragraph>
				</content>
			</text>
		</level3>
		<level3 id="ma_062_0010_0380">
			<front>
				<biblioData>
					<title>
						<mainTitle>編輯餘言</mainTitle>
						<alternative lang="kor">편집여언</alternative>
					</title>
					<subjectClass code="ma00"/>
				</biblioData>
				<illustGroup>
					<illustration begin="ma_062_0010_0128" end="ma_062_0010_0136"/>
				</illustGroup>
			</front>
			<text>
				<content>
					<paragraph>
						<pTitle type="기사명">編輯餘言 (편집여언)</pTitle>
					</paragraph>
				</content>
			</text>
		</level3>
	</level2>
</level1>
